,Élément,Produit,Année,Unité,Valeur,Symbole,Description du Symbole,Note
0,Superficie récoltée,Ananas,2010,ha,200.0,E,Valeur estimée,
1,Rendement,Ananas,2010,kg/ha,8000.0,E,Valeur estimée,
2,Production,Ananas,2010,tonnes,1600.0,E,Valeur estimée,
3,Superficie récoltée,Ananas,2011,ha,210.0,E,Valeur estimée,
4,Rendement,Ananas,2011,kg/ha,8095.2,E,Valeur estimée,
5,Production,Ananas,2011,tonnes,1700.0,E,Valeur estimée,
6,Superficie récoltée,Ananas,2012,ha,220.0,E,Valeur estimée,
7,Rendement,Ananas,2012,kg/ha,7954.5,E,Valeur estimée,
8,Production,Ananas,2012,tonnes,1750.0,E,Valeur estimée,
9,Superficie récoltée,Ananas,2013,ha,224.0,I,Valeur imputée par une agence réceptrice,
10,Rendement,Ananas,2013,kg/ha,7981.9,E,Valeur estimée,
11,Production,Ananas,2013,tonnes,1785.82,I,Valeur imputée par une agence réceptrice,
12,Superficie récoltée,Ananas,2014,ha,228.0,I,Valeur imputée par une agence réceptrice,
13,Rendement,Ananas,2014,kg/ha,8012.6,E,Valeur estimée,
14,Production,Ananas,2014,tonnes,1827.67,I,Valeur imputée par une agence réceptrice,
15,Superficie récoltée,Ananas,2015,ha,234.0,I,Valeur imputée par une agence réceptrice,
16,Rendement,Ananas,2015,kg/ha,8019.9,E,Valeur estimée,
17,Production,Ananas,2015,tonnes,1878.61,I,Valeur imputée par une agence réceptrice,
18,Superficie récoltée,Ananas,2016,ha,229.0,E,Valeur estimée,
19,Rendement,Ananas,2016,kg/ha,8005.1,E,Valeur estimée,
20,Production,Ananas,2016,tonnes,1830.7,E,Valeur estimée,
21,Superficie récoltée,Ananas,2017,ha,235.0,I,Valeur imputée par une agence réceptrice,
22,Rendement,Ananas,2017,kg/ha,8009.0,E,Valeur estimée,
23,Production,Ananas,2017,tonnes,1879.25,I,Valeur imputée par une agence réceptrice,
24,Superficie récoltée,Ananas,2018,ha,242.0,I,Valeur imputée par une agence réceptrice,
25,Rendement,Ananas,2018,kg/ha,8016.9,E,Valeur estimée,
26,Production,Ananas,2018,tonnes,1938.2,I,Valeur imputée par une agence réceptrice,
27,Superficie récoltée,Ananas,2019,ha,235.0,E,Valeur estimée,
28,Rendement,Ananas,2019,kg/ha,8010.4,E,Valeur estimée,
29,Production,Ananas,2019,tonnes,1882.72,E,Valeur estimée,
30,Superficie récoltée,Ananas,2020,ha,240.0,I,Valeur imputée par une agence réceptrice,
31,Rendement,Ananas,2020,kg/ha,8018.8,E,Valeur estimée,
32,Production,Ananas,2020,tonnes,1927.64,I,Valeur imputée par une agence réceptrice,
33,Superficie récoltée,Ananas,2021,ha,239.0,E,Valeur estimée,
34,Rendement,Ananas,2021,kg/ha,8015.4,E,Valeur estimée,
35,Production,Ananas,2021,tonnes,1916.18,E,Valeur estimée,
36,Superficie récoltée,Ananas,2022,ha,238.0,E,Valeur estimée,
37,Rendement,Ananas,2022,kg/ha,8014.9,E,Valeur estimée,
38,Production,Ananas,2022,tonnes,1908.85,E,Valeur estimée,
39,Superficie récoltée,Ananas,2023,ha,239.0,E,Valeur estimée,
40,Rendement,Ananas,2023,kg/ha,8016.4,E,Valeur estimée,
41,Production,Ananas,2023,tonnes,1917.56,E,Valeur estimée,
42,Superficie récoltée,Ananas,2024,ha,239.0,E,Valeur estimée,
43,Rendement,Ananas,2024,kg/ha,8015.6,E,Valeur estimée,
44,Production,Ananas,2024,tonnes,1914.2,E,Valeur estimée,
45,Superficie récoltée,Arachides non décortiquées,2010,ha,69621.0,A,Chiffre officiel,
46,Rendement,Arachides non décortiquées,2010,kg/ha,667.8,A,Chiffre officiel,
47,Production,Arachides non décortiquées,2010,tonnes,46496.0,A,Chiffre officiel,
48,Superficie récoltée,Arachides non décortiquées,2011,ha,68785.0,A,Chiffre officiel,
49,Rendement,Arachides non décortiquées,2011,kg/ha,688.7,A,Chiffre officiel,
50,Production,Arachides non décortiquées,2011,tonnes,47369.0,A,Chiffre officiel,
51,Superficie récoltée,Arachides non décortiquées,2012,ha,67857.0,A,Chiffre officiel,
52,Rendement,Arachides non décortiquées,2012,kg/ha,643.1,A,Chiffre officiel,
53,Production,Arachides non décortiquées,2012,tonnes,43636.0,A,Chiffre officiel,
54,Superficie récoltée,Arachides non décortiquées,2013,ha,60813.0,A,Chiffre officiel,
55,Rendement,Arachides non décortiquées,2013,kg/ha,639.7,A,Chiffre officiel,
56,Production,Arachides non décortiquées,2013,tonnes,38903.0,A,Chiffre officiel,
57,Superficie récoltée,Arachides non décortiquées,2014,ha,61120.0,A,Chiffre officiel,
58,Rendement,Arachides non décortiquées,2014,kg/ha,665.3,A,Chiffre officiel,
59,Production,Arachides non décortiquées,2014,tonnes,40663.0,A,Chiffre officiel,
60,Superficie récoltée,Arachides non décortiquées,2015,ha,61428.0,A,Chiffre officiel,
61,Rendement,Arachides non décortiquées,2015,kg/ha,665.9,A,Chiffre officiel,
62,Production,Arachides non décortiquées,2015,tonnes,40903.0,A,Chiffre officiel,
63,Superficie récoltée,Arachides non décortiquées,2016,ha,58078.0,A,Chiffre officiel,
64,Rendement,Arachides non décortiquées,2016,kg/ha,700.1,A,Chiffre officiel,
65,Production,Arachides non décortiquées,2016,tonnes,40663.0,A,Chiffre officiel,
66,Superficie récoltée,Arachides non décortiquées,2017,ha,59008.0,A,Chiffre officiel,
67,Rendement,Arachides non décortiquées,2017,kg/ha,737.1,A,Chiffre officiel,
68,Production,Arachides non décortiquées,2017,tonnes,43493.0,A,Chiffre officiel,
69,Superficie récoltée,Arachides non décortiquées,2018,ha,59290.0,A,Chiffre officiel,
70,Rendement,Arachides non décortiquées,2018,kg/ha,739.5,A,Chiffre officiel,
71,Production,Arachides non décortiquées,2018,tonnes,43842.0,A,Chiffre officiel,
72,Superficie récoltée,Arachides non décortiquées,2019,ha,59946.0,A,Chiffre officiel,
73,Rendement,Arachides non décortiquées,2019,kg/ha,743.7,A,Chiffre officiel,
74,Production,Arachides non décortiquées,2019,tonnes,44582.0,A,Chiffre officiel,
75,Superficie récoltée,Arachides non décortiquées,2020,ha,58377.0,A,Chiffre officiel,
76,Rendement,Arachides non décortiquées,2020,kg/ha,743.6,A,Chiffre officiel,
77,Production,Arachides non décortiquées,2020,tonnes,43407.0,A,Chiffre officiel,
78,Superficie récoltée,Arachides non décortiquées,2021,ha,58659.0,A,Chiffre officiel,
79,Rendement,Arachides non décortiquées,2021,kg/ha,756.4,A,Chiffre officiel,
80,Production,Arachides non décortiquées,2021,tonnes,44367.0,A,Chiffre officiel,
81,Superficie récoltée,Arachides non décortiquées,2022,ha,59515.0,A,Chiffre officiel,
82,Rendement,Arachides non décortiquées,2022,kg/ha,757.4,A,Chiffre officiel,
83,Production,Arachides non décortiquées,2022,tonnes,45074.0,A,Chiffre officiel,
84,Superficie récoltée,Arachides non décortiquées,2023,ha,60000.0,X,Chiffre de source externe,Chiffre non officiel
85,Rendement,Arachides non décortiquées,2023,kg/ha,750.0,X,Chiffre de source externe,
86,Production,Arachides non décortiquées,2023,tonnes,45000.0,X,Chiffre de source externe,Chiffre non officiel
87,Superficie récoltée,Arachides non décortiquées,2024,ha,61000.0,X,Chiffre de source externe,Chiffre non officiel
88,Rendement,Arachides non décortiquées,2024,kg/ha,754.1,X,Chiffre de source externe,
89,Production,Arachides non décortiquées,2024,tonnes,46000.0,X,Chiffre de source externe,Chiffre non officiel
90,Superficie récoltée,"Autres espèces cultivées stimulantes, à épices et aromatiques, n.c.a.",2010,ha,241.0,I,Valeur imputée par une agence réceptrice,
91,Rendement,"Autres espèces cultivées stimulantes, à épices et aromatiques, n.c.a.",2010,kg/ha,1009.1,E,Valeur estimée,
92,Production,"Autres espèces cultivées stimulantes, à épices et aromatiques, n.c.a.",2010,tonnes,243.6,I,Valeur imputée par une agence réceptrice,
93,Superficie récoltée,"Autres espèces cultivées stimulantes, à épices et aromatiques, n.c.a.",2011,ha,250.0,E,Valeur estimée,
94,Rendement,"Autres espèces cultivées stimulantes, à épices et aromatiques, n.c.a.",2011,kg/ha,1020.0,E,Valeur estimée,
95,Production,"Autres espèces cultivées stimulantes, à épices et aromatiques, n.c.a.",2011,tonnes,255.0,E,Valeur estimée,
96,Superficie récoltée,"Autres espèces cultivées stimulantes, à épices et aromatiques, n.c.a.",2012,ha,260.0,E,Valeur estimée,
97,Rendement,"Autres espèces cultivées stimulantes, à épices et aromatiques, n.c.a.",2012,kg/ha,1038.5,E,Valeur estimée,
98,Production,"Autres espèces cultivées stimulantes, à épices et aromatiques, n.c.a.",2012,tonnes,270.0,E,Valeur estimée,
99,Superficie récoltée,"Autres espèces cultivées stimulantes, à épices et aromatiques, n.c.a.",2013,ha,246.0,I,Valeur imputée par une agence réceptrice,
100,Rendement,"Autres espèces cultivées stimulantes, à épices et aromatiques, n.c.a.",2013,kg/ha,1027.1,E,Valeur estimée,
101,Production,"Autres espèces cultivées stimulantes, à épices et aromatiques, n.c.a.",2013,tonnes,252.84,I,Valeur imputée par une agence réceptrice,
102,Superficie récoltée,"Autres espèces cultivées stimulantes, à épices et aromatiques, n.c.a.",2014,ha,254.0,I,Valeur imputée par une agence réceptrice,
103,Rendement,"Autres espèces cultivées stimulantes, à épices et aromatiques, n.c.a.",2014,kg/ha,1022.3,E,Valeur estimée,
104,Production,"Autres espèces cultivées stimulantes, à épices et aromatiques, n.c.a.",2014,tonnes,259.19,I,Valeur imputée par une agence réceptrice,
105,Superficie récoltée,"Autres espèces cultivées stimulantes, à épices et aromatiques, n.c.a.",2015,ha,256.0,I,Valeur imputée par une agence réceptrice,
106,Rendement,"Autres espèces cultivées stimulantes, à épices et aromatiques, n.c.a.",2015,kg/ha,1025.7,E,Valeur estimée,
107,Production,"Autres espèces cultivées stimulantes, à épices et aromatiques, n.c.a.",2015,tonnes,262.27,I,Valeur imputée par une agence réceptrice,
108,Superficie récoltée,"Autres espèces cultivées stimulantes, à épices et aromatiques, n.c.a.",2016,ha,259.0,I,Valeur imputée par une agence réceptrice,
109,Rendement,"Autres espèces cultivées stimulantes, à épices et aromatiques, n.c.a.",2016,kg/ha,1024.3,E,Valeur estimée,
110,Production,"Autres espèces cultivées stimulantes, à épices et aromatiques, n.c.a.",2016,tonnes,265.67,I,Valeur imputée par une agence réceptrice,
111,Superficie récoltée,"Autres espèces cultivées stimulantes, à épices et aromatiques, n.c.a.",2017,ha,262.0,I,Valeur imputée par une agence réceptrice,
112,Rendement,"Autres espèces cultivées stimulantes, à épices et aromatiques, n.c.a.",2017,kg/ha,1025.2,E,Valeur estimée,
113,Production,"Autres espèces cultivées stimulantes, à épices et aromatiques, n.c.a.",2017,tonnes,268.73,I,Valeur imputée par une agence réceptrice,
114,Superficie récoltée,"Autres espèces cultivées stimulantes, à épices et aromatiques, n.c.a.",2018,ha,265.0,I,Valeur imputée par une agence réceptrice,
115,Rendement,"Autres espèces cultivées stimulantes, à épices et aromatiques, n.c.a.",2018,kg/ha,1025.8,E,Valeur estimée,
116,Production,"Autres espèces cultivées stimulantes, à épices et aromatiques, n.c.a.",2018,tonnes,271.55,I,Valeur imputée par une agence réceptrice,
117,Superficie récoltée,"Autres espèces cultivées stimulantes, à épices et aromatiques, n.c.a.",2019,ha,266.0,I,Valeur imputée par une agence réceptrice,
118,Rendement,"Autres espèces cultivées stimulantes, à épices et aromatiques, n.c.a.",2019,kg/ha,1026.1,E,Valeur estimée,
119,Production,"Autres espèces cultivées stimulantes, à épices et aromatiques, n.c.a.",2019,tonnes,272.79,I,Valeur imputée par une agence réceptrice,
120,Superficie récoltée,"Autres espèces cultivées stimulantes, à épices et aromatiques, n.c.a.",2020,ha,267.0,I,Valeur imputée par une agence réceptrice,
121,Rendement,"Autres espèces cultivées stimulantes, à épices et aromatiques, n.c.a.",2020,kg/ha,1026.6,E,Valeur estimée,
122,Production,"Autres espèces cultivées stimulantes, à épices et aromatiques, n.c.a.",2020,tonnes,274.57,I,Valeur imputée par une agence réceptrice,
123,Superficie récoltée,"Autres espèces cultivées stimulantes, à épices et aromatiques, n.c.a.",2021,ha,270.0,I,Valeur imputée par une agence réceptrice,
124,Rendement,"Autres espèces cultivées stimulantes, à épices et aromatiques, n.c.a.",2021,kg/ha,1027.7,E,Valeur estimée,
125,Production,"Autres espèces cultivées stimulantes, à épices et aromatiques, n.c.a.",2021,tonnes,277.1,I,Valeur imputée par une agence réceptrice,
126,Superficie récoltée,"Autres espèces cultivées stimulantes, à épices et aromatiques, n.c.a.",2022,ha,271.0,I,Valeur imputée par une agence réceptrice,
127,Rendement,"Autres espèces cultivées stimulantes, à épices et aromatiques, n.c.a.",2022,kg/ha,1028.1,E,Valeur estimée,
128,Production,"Autres espèces cultivées stimulantes, à épices et aromatiques, n.c.a.",2022,tonnes,278.48,I,Valeur imputée par une agence réceptrice,
129,Superficie récoltée,"Autres espèces cultivées stimulantes, à épices et aromatiques, n.c.a.",2023,ha,273.0,I,Valeur imputée par une agence réceptrice,
130,Rendement,"Autres espèces cultivées stimulantes, à épices et aromatiques, n.c.a.",2023,kg/ha,1029.0,E,Valeur estimée,
131,Production,"Autres espèces cultivées stimulantes, à épices et aromatiques, n.c.a.",2023,tonnes,280.56,I,Valeur imputée par une agence réceptrice,
132,Superficie récoltée,"Autres espèces cultivées stimulantes, à épices et aromatiques, n.c.a.",2024,ha,274.0,I,Valeur imputée par une agence réceptrice,
133,Rendement,"Autres espèces cultivées stimulantes, à épices et aromatiques, n.c.a.",2024,kg/ha,1015.6,E,Valeur estimée,
134,Production,"Autres espèces cultivées stimulantes, à épices et aromatiques, n.c.a.",2024,tonnes,278.71,E,Valeur estimée,
135,Superficie récoltée,Autres fruits n.a.c.,2010,ha,3900.0,E,Valeur estimée,
136,Rendement,Autres fruits n.a.c.,2010,kg/ha,6025.6,E,Valeur estimée,
137,Production,Autres fruits n.a.c.,2010,tonnes,23500.0,E,Valeur estimée,
138,Superficie récoltée,Autres fruits n.a.c.,2011,ha,4000.0,E,Valeur estimée,
139,Rendement,Autres fruits n.a.c.,2011,kg/ha,6000.0,E,Valeur estimée,
140,Production,Autres fruits n.a.c.,2011,tonnes,24000.0,E,Valeur estimée,
141,Superficie récoltée,Autres fruits n.a.c.,2012,ha,4200.0,E,Valeur estimée,
142,Rendement,Autres fruits n.a.c.,2012,kg/ha,5833.3,E,Valeur estimée,
143,Production,Autres fruits n.a.c.,2012,tonnes,24500.0,E,Valeur estimée,
144,Superficie récoltée,Autres fruits n.a.c.,2013,ha,4204.0,I,Valeur imputée par une agence réceptrice,
145,Rendement,Autres fruits n.a.c.,2013,kg/ha,5846.3,E,Valeur estimée,
146,Production,Autres fruits n.a.c.,2013,tonnes,24580.0,I,Valeur imputée par une agence réceptrice,
147,Superficie récoltée,Autres fruits n.a.c.,2014,ha,4227.0,I,Valeur imputée par une agence réceptrice,
148,Rendement,Autres fruits n.a.c.,2014,kg/ha,5857.9,E,Valeur estimée,
149,Production,Autres fruits n.a.c.,2014,tonnes,24761.87,I,Valeur imputée par une agence réceptrice,
150,Superficie récoltée,Autres fruits n.a.c.,2015,ha,4320.0,I,Valeur imputée par une agence réceptrice,
151,Rendement,Autres fruits n.a.c.,2015,kg/ha,5907.4,E,Valeur estimée,
152,Production,Autres fruits n.a.c.,2015,tonnes,25521.35,I,Valeur imputée par une agence réceptrice,
153,Superficie récoltée,Autres fruits n.a.c.,2016,ha,4399.0,I,Valeur imputée par une agence réceptrice,
154,Rendement,Autres fruits n.a.c.,2016,kg/ha,5941.9,E,Valeur estimée,
155,Production,Autres fruits n.a.c.,2016,tonnes,26139.07,I,Valeur imputée par une agence réceptrice,
156,Superficie récoltée,Autres fruits n.a.c.,2017,ha,4483.0,I,Valeur imputée par une agence réceptrice,
157,Rendement,Autres fruits n.a.c.,2017,kg/ha,5682.9,E,Valeur estimée,
158,Production,Autres fruits n.a.c.,2017,tonnes,25474.09,E,Valeur estimée,
159,Superficie récoltée,Autres fruits n.a.c.,2018,ha,4526.0,I,Valeur imputée par une agence réceptrice,
160,Rendement,Autres fruits n.a.c.,2018,kg/ha,5730.5,E,Valeur estimée,
161,Production,Autres fruits n.a.c.,2018,tonnes,25936.15,I,Valeur imputée par une agence réceptrice,
162,Superficie récoltée,Autres fruits n.a.c.,2019,ha,4579.0,I,Valeur imputée par une agence réceptrice,
163,Rendement,Autres fruits n.a.c.,2019,kg/ha,5830.4,E,Valeur estimée,
164,Production,Autres fruits n.a.c.,2019,tonnes,26697.79,I,Valeur imputée par une agence réceptrice,
165,Superficie récoltée,Autres fruits n.a.c.,2020,ha,4660.0,I,Valeur imputée par une agence réceptrice,
166,Rendement,Autres fruits n.a.c.,2020,kg/ha,5587.2,E,Valeur estimée,
167,Production,Autres fruits n.a.c.,2020,tonnes,26036.01,E,Valeur estimée,
168,Superficie récoltée,Autres fruits n.a.c.,2021,ha,4588.0,E,Valeur estimée,
169,Rendement,Autres fruits n.a.c.,2021,kg/ha,5715.2,E,Valeur estimée,
170,Production,Autres fruits n.a.c.,2021,tonnes,26223.32,E,Valeur estimée,
171,Superficie récoltée,Autres fruits n.a.c.,2022,ha,4609.0,E,Valeur estimée,
172,Rendement,Autres fruits n.a.c.,2022,kg/ha,5710.2,E,Valeur estimée,
173,Production,Autres fruits n.a.c.,2022,tonnes,26319.04,E,Valeur estimée,
174,Superficie récoltée,Autres fruits n.a.c.,2023,ha,4619.0,E,Valeur estimée,
175,Rendement,Autres fruits n.a.c.,2023,kg/ha,5670.5,E,Valeur estimée,
176,Production,Autres fruits n.a.c.,2023,tonnes,26192.79,E,Valeur estimée,
177,Superficie récoltée,Autres fruits n.a.c.,2024,ha,4606.0,E,Valeur estimée,
178,Rendement,Autres fruits n.a.c.,2024,kg/ha,5698.6,E,Valeur estimée,
179,Production,Autres fruits n.a.c.,2024,tonnes,26245.05,E,Valeur estimée,
180,Superficie récoltée,Autres légumes frais n.a.c.,2010,ha,28000.0,E,Valeur estimée,
181,Rendement,Autres légumes frais n.a.c.,2010,kg/ha,4892.9,E,Valeur estimée,
182,Production,Autres légumes frais n.a.c.,2010,tonnes,137000.0,E,Valeur estimée,
183,Superficie récoltée,Autres légumes frais n.a.c.,2011,ha,26824.0,I,Valeur imputée par une agence réceptrice,
184,Rendement,Autres légumes frais n.a.c.,2011,kg/ha,5032.8,E,Valeur estimée,
185,Production,Autres légumes frais n.a.c.,2011,tonnes,135000.0,E,Valeur estimée,
186,Superficie récoltée,Autres légumes frais n.a.c.,2012,ha,27500.0,E,Valeur estimée,
187,Rendement,Autres légumes frais n.a.c.,2012,kg/ha,5272.7,E,Valeur estimée,
188,Production,Autres légumes frais n.a.c.,2012,tonnes,145000.0,E,Valeur estimée,
189,Superficie récoltée,Autres légumes frais n.a.c.,2013,ha,27701.0,I,Valeur imputée par une agence réceptrice,
190,Rendement,Autres légumes frais n.a.c.,2013,kg/ha,5088.2,E,Valeur estimée,
191,Production,Autres légumes frais n.a.c.,2013,tonnes,140948.14,I,Valeur imputée par une agence réceptrice,
192,Superficie récoltée,Autres légumes frais n.a.c.,2014,ha,27754.0,I,Valeur imputée par une agence réceptrice,
193,Rendement,Autres légumes frais n.a.c.,2014,kg/ha,5055.3,E,Valeur estimée,
194,Production,Autres légumes frais n.a.c.,2014,tonnes,140307.97,I,Valeur imputée par une agence réceptrice,
195,Superficie récoltée,Autres légumes frais n.a.c.,2015,ha,27679.0,I,Valeur imputée par une agence réceptrice,
196,Rendement,Autres légumes frais n.a.c.,2015,kg/ha,5073.9,E,Valeur estimée,
197,Production,Autres légumes frais n.a.c.,2015,tonnes,140442.05,I,Valeur imputée par une agence réceptrice,
198,Superficie récoltée,Autres légumes frais n.a.c.,2016,ha,27668.0,I,Valeur imputée par une agence réceptrice,
199,Rendement,Autres légumes frais n.a.c.,2016,kg/ha,5080.4,E,Valeur estimée,
200,Production,Autres légumes frais n.a.c.,2016,tonnes,140561.72,I,Valeur imputée par une agence réceptrice,
201,Superficie récoltée,Autres légumes frais n.a.c.,2017,ha,27735.0,I,Valeur imputée par une agence réceptrice,
202,Rendement,Autres légumes frais n.a.c.,2017,kg/ha,5086.0,E,Valeur estimée,
203,Production,Autres légumes frais n.a.c.,2017,tonnes,141059.13,I,Valeur imputée par une agence réceptrice,
204,Superficie récoltée,Autres légumes frais n.a.c.,2018,ha,27827.0,I,Valeur imputée par une agence réceptrice,
205,Rendement,Autres légumes frais n.a.c.,2018,kg/ha,5086.5,E,Valeur estimée,
206,Production,Autres légumes frais n.a.c.,2018,tonnes,141543.39,I,Valeur imputée par une agence réceptrice,
207,Superficie récoltée,Autres légumes frais n.a.c.,2019,ha,27865.0,I,Valeur imputée par une agence réceptrice,
208,Rendement,Autres légumes frais n.a.c.,2019,kg/ha,5093.9,E,Valeur estimée,
209,Production,Autres légumes frais n.a.c.,2019,tonnes,141940.38,I,Valeur imputée par une agence réceptrice,
210,Superficie récoltée,Autres légumes frais n.a.c.,2020,ha,27940.0,I,Valeur imputée par une agence réceptrice,
211,Rendement,Autres légumes frais n.a.c.,2020,kg/ha,5100.1,E,Valeur estimée,
212,Production,Autres légumes frais n.a.c.,2020,tonnes,142496.34,I,Valeur imputée par une agence réceptrice,
213,Superficie récoltée,Autres légumes frais n.a.c.,2021,ha,28057.0,I,Valeur imputée par une agence réceptrice,
214,Rendement,Autres légumes frais n.a.c.,2021,kg/ha,5105.2,E,Valeur estimée,
215,Production,Autres légumes frais n.a.c.,2021,tonnes,143237.51,I,Valeur imputée par une agence réceptrice,
216,Superficie récoltée,Autres légumes frais n.a.c.,2022,ha,28179.0,I,Valeur imputée par une agence réceptrice,
217,Rendement,Autres légumes frais n.a.c.,2022,kg/ha,5105.2,E,Valeur estimée,
218,Production,Autres légumes frais n.a.c.,2022,tonnes,143856.84,I,Valeur imputée par une agence réceptrice,
219,Superficie récoltée,Autres légumes frais n.a.c.,2023,ha,28244.0,I,Valeur imputée par une agence réceptrice,
220,Rendement,Autres légumes frais n.a.c.,2023,kg/ha,5109.9,E,Valeur estimée,
221,Production,Autres légumes frais n.a.c.,2023,tonnes,144321.52,I,Valeur imputée par une agence réceptrice,
222,Superficie récoltée,Autres légumes frais n.a.c.,2024,ha,28310.0,I,Valeur imputée par une agence réceptrice,
223,Rendement,Autres légumes frais n.a.c.,2024,kg/ha,5114.5,E,Valeur estimée,
224,Production,Autres légumes frais n.a.c.,2024,tonnes,144794.67,I,Valeur imputée par une agence réceptrice,
240,Superficie récoltée,Bananes,2010,ha,1800.0,E,Valeur estimée,
241,Rendement,Bananes,2010,kg/ha,11666.7,E,Valeur estimée,
242,Production,Bananes,2010,tonnes,21000.0,E,Valeur estimée,
243,Superficie récoltée,Bananes,2011,ha,1850.0,I,Valeur imputée par une agence réceptrice,
244,Rendement,Bananes,2011,kg/ha,11889.0,E,Valeur estimée,
245,Production,Bananes,2011,tonnes,22000.0,E,Valeur estimée,
246,Superficie récoltée,Bananes,2012,ha,1850.0,E,Valeur estimée,
247,Rendement,Bananes,2012,kg/ha,12432.4,E,Valeur estimée,
248,Production,Bananes,2012,tonnes,23000.0,E,Valeur estimée,
249,Superficie récoltée,Bananes,2013,ha,1985.0,I,Valeur imputée par une agence réceptrice,
250,Rendement,Bananes,2013,kg/ha,12052.0,E,Valeur estimée,
251,Production,Bananes,2013,tonnes,23923.43,I,Valeur imputée par une agence réceptrice,
252,Superficie récoltée,Bananes,2014,ha,2046.0,I,Valeur imputée par une agence réceptrice,
253,Rendement,Bananes,2014,kg/ha,12148.6,E,Valeur estimée,
254,Production,Bananes,2014,tonnes,24858.34,I,Valeur imputée par une agence réceptrice,
255,Superficie récoltée,Bananes,2015,ha,1950.0,I,Valeur imputée par une agence réceptrice,
256,Rendement,Bananes,2015,kg/ha,12417.0,E,Valeur estimée,
257,Production,Bananes,2015,tonnes,24211.65,I,Valeur imputée par une agence réceptrice,
258,Superficie récoltée,Bananes,2016,ha,1931.0,I,Valeur imputée par une agence réceptrice,
259,Rendement,Bananes,2016,kg/ha,12605.7,E,Valeur estimée,
260,Production,Bananes,2016,tonnes,24339.09,I,Valeur imputée par une agence réceptrice,
261,Superficie récoltée,Bananes,2017,ha,1910.0,I,Valeur imputée par une agence réceptrice,
262,Rendement,Bananes,2017,kg/ha,12745.1,E,Valeur estimée,
263,Production,Bananes,2017,tonnes,24339.49,I,Valeur imputée par une agence réceptrice,
264,Superficie récoltée,Bananes,2018,ha,1892.0,I,Valeur imputée par une agence réceptrice,
265,Rendement,Bananes,2018,kg/ha,12885.4,E,Valeur estimée,
266,Production,Bananes,2018,tonnes,24379.24,I,Valeur imputée par une agence réceptrice,
267,Superficie récoltée,Bananes,2019,ha,1878.0,I,Valeur imputée par une agence réceptrice,
268,Rendement,Bananes,2019,kg/ha,13030.0,E,Valeur estimée,
269,Production,Bananes,2019,tonnes,24464.48,I,Valeur imputée par une agence réceptrice,
270,Superficie récoltée,Bananes,2020,ha,1863.0,I,Valeur imputée par une agence réceptrice,
271,Rendement,Bananes,2020,kg/ha,13182.2,E,Valeur estimée,
272,Production,Bananes,2020,tonnes,24552.42,I,Valeur imputée par une agence réceptrice,
273,Superficie récoltée,Bananes,2021,ha,1886.0,I,Valeur imputée par une agence réceptrice,
274,Rendement,Bananes,2021,kg/ha,13317.2,E,Valeur estimée,
275,Production,Bananes,2021,tonnes,25118.91,I,Valeur imputée par une agence réceptrice,
276,Superficie récoltée,Bananes,2022,ha,1871.0,I,Valeur imputée par une agence réceptrice,
277,Rendement,Bananes,2022,kg/ha,13469.5,E,Valeur estimée,
278,Production,Bananes,2022,tonnes,25206.71,I,Valeur imputée par une agence réceptrice,
279,Superficie récoltée,Bananes,2023,ha,1864.0,I,Valeur imputée par une agence réceptrice,
280,Rendement,Bananes,2023,kg/ha,13606.7,E,Valeur estimée,
281,Production,Bananes,2023,tonnes,25361.18,I,Valeur imputée par une agence réceptrice,
282,Superficie récoltée,Bananes,2024,ha,1856.0,I,Valeur imputée par une agence réceptrice,
283,Rendement,Bananes,2024,kg/ha,13743.9,E,Valeur estimée,
284,Production,Bananes,2024,tonnes,25513.31,I,Valeur imputée par une agence réceptrice,
285,Production,"Bière d’orge, maltée",2010,tonnes,48000.0,X,Chiffre de source externe,Chiffre non officiel
286,Production,"Bière d’orge, maltée",2011,tonnes,40000.0,X,Chiffre de source externe,Chiffre non officiel
287,Production,"Bière d’orge, maltée",2012,tonnes,44000.0,X,Chiffre de source externe,Chiffre non officiel
288,Production,"Bière d’orge, maltée",2013,tonnes,50000.0,X,Chiffre de source externe,Chiffre non officiel
289,Production,"Bière d’orge, maltée",2014,tonnes,54000.0,X,Chiffre de source externe,Chiffre non officiel
290,Production,"Bière d’orge, maltée",2015,tonnes,65000.0,X,Chiffre de source externe,Chiffre non officiel
291,Production,"Bière d’orge, maltée",2016,tonnes,65000.0,X,Chiffre de source externe,Chiffre non officiel
292,Production,"Bière d’orge, maltée",2017,tonnes,67000.0,X,Chiffre de source externe,Chiffre non officiel
293,Production,"Bière d’orge, maltée",2018,tonnes,69000.0,X,Chiffre de source externe,Chiffre non officiel
294,Production,"Bière d’orge, maltée",2019,tonnes,69000.0,X,Chiffre de source externe,Chiffre non officiel
295,Production,"Bière d’orge, maltée",2020,tonnes,80000.0,X,Chiffre de source externe,Chiffre non officiel
296,Production,"Bière d’orge, maltée",2021,tonnes,120000.0,X,Chiffre de source externe,Chiffre non officiel
297,Production,"Bière d’orge, maltée",2022,tonnes,120000.0,X,Chiffre de source externe,Chiffre non officiel
298,Production,"Bière d’orge, maltée",2023,tonnes,120000.0,X,Chiffre de source externe,Chiffre non officiel
299,Superficie récoltée,"Cacao, fèves",2010,ha,130427.0,I,Valeur imputée par une agence réceptrice,
300,Rendement,"Cacao, fèves",2010,kg/ha,778.2,E,Valeur estimée,
301,Production,"Cacao, fèves",2010,tonnes,101500.0,X,Chiffre de source externe,Chiffre non officiel
302,Superficie récoltée,"Cacao, fèves",2011,ha,178705.0,I,Valeur imputée par une agence réceptrice,
303,Rendement,"Cacao, fèves",2011,kg/ha,797.4,E,Valeur estimée,
304,Production,"Cacao, fèves",2011,tonnes,142500.0,X,Chiffre de source externe,Chiffre non officiel
305,Superficie récoltée,"Cacao, fèves",2012,ha,42097.0,I,Valeur imputée par une agence réceptrice,
306,Rendement,"Cacao, fèves",2012,kg/ha,819.5,E,Valeur estimée,
307,Production,"Cacao, fèves",2012,tonnes,34500.0,X,Chiffre de source externe,Chiffre non officiel
308,Superficie récoltée,"Cacao, fèves",2013,ha,17726.0,I,Valeur imputée par une agence réceptrice,
309,Rendement,"Cacao, fèves",2013,kg/ha,846.2,E,Valeur estimée,
310,Production,"Cacao, fèves",2013,tonnes,15000.0,X,Chiffre de source externe,Chiffre non officiel
311,Superficie récoltée,"Cacao, fèves",2014,ha,25129.0,I,Valeur imputée par une agence réceptrice,
312,Rendement,"Cacao, fèves",2014,kg/ha,882.7,E,Valeur estimée,
313,Production,"Cacao, fèves",2014,tonnes,22181.68,I,Valeur imputée par une agence réceptrice,
314,Superficie récoltée,"Cacao, fèves",2015,ha,10894.0,I,Valeur imputée par une agence réceptrice,
315,Rendement,"Cacao, fèves",2015,kg/ha,917.9,E,Valeur estimée,
316,Production,"Cacao, fèves",2015,tonnes,10000.0,X,Chiffre de source externe,Chiffre non officiel
317,Superficie récoltée,"Cacao, fèves",2016,ha,10441.0,I,Valeur imputée par une agence réceptrice,
318,Rendement,"Cacao, fèves",2016,kg/ha,957.8,E,Valeur estimée,
319,Production,"Cacao, fèves",2016,tonnes,10000.0,X,Chiffre de source externe,Chiffre non officiel
320,Superficie récoltée,"Cacao, fèves",2017,ha,8626.0,I,Valeur imputée par une agence réceptrice,
321,Rendement,"Cacao, fèves",2017,kg/ha,985.4,E,Valeur estimée,
322,Production,"Cacao, fèves",2017,tonnes,8500.0,X,Chiffre de source externe,Chiffre non officiel
323,Superficie récoltée,"Cacao, fèves",2018,ha,7356.0,I,Valeur imputée par une agence réceptrice,
324,Rendement,"Cacao, fèves",2018,kg/ha,1019.6,E,Valeur estimée,
325,Production,"Cacao, fèves",2018,tonnes,7500.0,X,Chiffre de source externe,Chiffre non officiel
326,Superficie récoltée,"Cacao, fèves",2019,ha,10065.0,I,Valeur imputée par une agence réceptrice,
327,Rendement,"Cacao, fèves",2019,kg/ha,1053.1,E,Valeur estimée,
328,Production,"Cacao, fèves",2019,tonnes,10600.0,X,Chiffre de source externe,Chiffre non officiel
329,Superficie récoltée,"Cacao, fèves",2020,ha,12028.0,I,Valeur imputée par une agence réceptrice,
330,Rendement,"Cacao, fèves",2020,kg/ha,1080.8,E,Valeur estimée,
331,Production,"Cacao, fèves",2020,tonnes,13000.0,X,Chiffre de source externe,Chiffre non officiel
332,Superficie récoltée,"Cacao, fèves",2021,ha,8950.0,I,Valeur imputée par une agence réceptrice,
333,Rendement,"Cacao, fèves",2021,kg/ha,1117.4,E,Valeur estimée,
334,Production,"Cacao, fèves",2021,tonnes,10000.0,X,Chiffre de source externe,Chiffre non officiel
335,Superficie récoltée,"Cacao, fèves",2022,ha,14220.0,I,Valeur imputée par une agence réceptrice,
336,Rendement,"Cacao, fèves",2022,kg/ha,1125.2,E,Valeur estimée,
337,Production,"Cacao, fèves",2022,tonnes,16000.0,X,Chiffre de source externe,Chiffre non officiel
338,Superficie récoltée,"Cacao, fèves",2023,ha,20268.0,E,Valeur estimée,
339,Rendement,"Cacao, fèves",2023,kg/ha,986.8,E,Valeur estimée,
340,Production,"Cacao, fèves",2023,tonnes,20000.0,X,Chiffre de source externe,Chiffre non officiel
341,Superficie récoltée,"Cacao, fèves",2024,ha,25336.0,E,Valeur estimée,
342,Rendement,"Cacao, fèves",2024,kg/ha,986.8,E,Valeur estimée,
343,Production,"Cacao, fèves",2024,tonnes,25000.0,X,Chiffre de source externe,Chiffre non officiel
344,Superficie récoltée,"Café, vert",2010,ha,34137.0,I,Valeur imputée par une agence réceptrice,
345,Rendement,"Café, vert",2010,kg/ha,336.9,E,Valeur estimée,
346,Production,"Café, vert",2010,tonnes,11500.0,A,Chiffre officiel,
347,Superficie récoltée,"Café, vert",2011,ha,40442.0,I,Valeur imputée par une agence réceptrice,
348,Rendement,"Café, vert",2011,kg/ha,309.1,E,Valeur estimée,
349,Production,"Café, vert",2011,tonnes,12500.0,A,Chiffre officiel,
350,Superficie récoltée,"Café, vert",2012,ha,33819.0,I,Valeur imputée par une agence réceptrice,
351,Rendement,"Café, vert",2012,kg/ha,320.6,E,Valeur estimée,
352,Production,"Café, vert",2012,tonnes,10843.0,A,Chiffre officiel,
353,Superficie récoltée,"Café, vert",2013,ha,33997.0,I,Valeur imputée par une agence réceptrice,
354,Rendement,"Café, vert",2013,kg/ha,322.1,E,Valeur estimée,
355,Production,"Café, vert",2013,tonnes,10950.0,A,Chiffre officiel,
356,Superficie récoltée,"Café, vert",2014,ha,43422.0,I,Valeur imputée par une agence réceptrice,
357,Rendement,"Café, vert",2014,kg/ha,357.0,E,Valeur estimée,
358,Production,"Café, vert",2014,tonnes,15500.0,A,Chiffre officiel,
359,Superficie récoltée,"Café, vert",2015,ha,43865.0,I,Valeur imputée par une agence réceptrice,
360,Rendement,"Café, vert",2015,kg/ha,366.9,E,Valeur estimée,
361,Production,"Café, vert",2015,tonnes,16093.0,A,Chiffre officiel,
362,Superficie récoltée,"Café, vert",2016,ha,46971.0,I,Valeur imputée par une agence réceptrice,
363,Rendement,"Café, vert",2016,kg/ha,381.8,E,Valeur estimée,
364,Production,"Café, vert",2016,tonnes,17933.0,A,Chiffre officiel,
365,Superficie récoltée,"Café, vert",2017,ha,41237.0,A,Chiffre officiel,
366,Rendement,"Café, vert",2017,kg/ha,448.0,A,Chiffre officiel,
367,Production,"Café, vert",2017,tonnes,18476.0,A,Chiffre officiel,
368,Superficie récoltée,"Café, vert",2018,ha,41950.0,A,Chiffre officiel,
369,Rendement,"Café, vert",2018,kg/ha,454.7,A,Chiffre officiel,
370,Production,"Café, vert",2018,tonnes,19076.0,A,Chiffre officiel,
371,Superficie récoltée,"Café, vert",2019,ha,42691.0,A,Chiffre officiel,
372,Rendement,"Café, vert",2019,kg/ha,499.3,A,Chiffre officiel,
373,Production,"Café, vert",2019,tonnes,21316.0,A,Chiffre officiel,
374,Superficie récoltée,"Café, vert",2020,ha,42691.0,A,Chiffre officiel,
375,Rendement,"Café, vert",2020,kg/ha,515.5,A,Chiffre officiel,
376,Production,"Café, vert",2020,tonnes,22006.0,A,Chiffre officiel,
377,Superficie récoltée,"Café, vert",2021,ha,43682.0,A,Chiffre officiel,
378,Rendement,"Café, vert",2021,kg/ha,529.0,A,Chiffre officiel,
379,Production,"Café, vert",2021,tonnes,23106.0,A,Chiffre officiel,
380,Superficie récoltée,"Café, vert",2022,ha,44394.0,A,Chiffre officiel,
381,Rendement,"Café, vert",2022,kg/ha,566.1,A,Chiffre officiel,
382,Production,"Café, vert",2022,tonnes,25132.0,A,Chiffre officiel,
383,Superficie récoltée,"Café, vert",2023,ha,43058.0,I,Valeur imputée par une agence réceptrice,
384,Rendement,"Café, vert",2023,kg/ha,525.3,E,Valeur estimée,
385,Production,"Café, vert",2023,tonnes,22619.45,I,Valeur imputée par une agence réceptrice,
386,Superficie récoltée,"Café, vert",2024,ha,42200.0,I,Valeur imputée par une agence réceptrice,
387,Rendement,"Café, vert",2024,kg/ha,515.9,E,Valeur estimée,
388,Production,"Café, vert",2024,tonnes,21769.41,I,Valeur imputée par une agence réceptrice,
389,Superficie récoltée,Ceréales n.a.c.,2010,ha,1481.0,A,Chiffre officiel,
390,Rendement,Ceréales n.a.c.,2010,kg/ha,1140.4,A,Chiffre officiel,
391,Production,Ceréales n.a.c.,2010,tonnes,1689.0,A,Chiffre officiel,
392,Superficie récoltée,Ceréales n.a.c.,2011,ha,1081.0,I,Valeur imputée par une agence réceptrice,
393,Rendement,Ceréales n.a.c.,2011,kg/ha,1110.3,E,Valeur estimée,
394,Production,Ceréales n.a.c.,2011,tonnes,1200.0,X,Chiffre de source externe,Chiffre non officiel
395,Superficie récoltée,Ceréales n.a.c.,2012,ha,3377.0,A,Chiffre officiel,
396,Rendement,Ceréales n.a.c.,2012,kg/ha,919.8,A,Chiffre officiel,
397,Production,Ceréales n.a.c.,2012,tonnes,3106.0,A,Chiffre officiel,
398,Superficie récoltée,Ceréales n.a.c.,2013,ha,4487.0,A,Chiffre officiel,
399,Rendement,Ceréales n.a.c.,2013,kg/ha,855.8,A,Chiffre officiel,
400,Production,Ceréales n.a.c.,2013,tonnes,3840.0,A,Chiffre officiel,
401,Superficie récoltée,Ceréales n.a.c.,2014,ha,4466.0,A,Chiffre officiel,
402,Rendement,Ceréales n.a.c.,2014,kg/ha,1064.9,A,Chiffre officiel,
403,Production,Ceréales n.a.c.,2014,tonnes,4756.0,A,Chiffre officiel,
404,Superficie récoltée,Ceréales n.a.c.,2015,ha,4881.0,I,Valeur imputée par une agence réceptrice,
405,Rendement,Ceréales n.a.c.,2015,kg/ha,940.0,E,Valeur estimée,
406,Production,Ceréales n.a.c.,2015,tonnes,4588.0,A,Chiffre officiel,
407,Superficie récoltée,Ceréales n.a.c.,2016,ha,3716.0,I,Valeur imputée par une agence réceptrice,
408,Rendement,Ceréales n.a.c.,2016,kg/ha,846.7,E,Valeur estimée,
409,Production,Ceréales n.a.c.,2016,tonnes,3146.0,A,Chiffre officiel,
426,Superficie récoltée,Choux,2010,ha,56.0,I,Valeur imputée par une agence réceptrice,
427,Rendement,Choux,2010,kg/ha,12372.7,E,Valeur estimée,
428,Production,Choux,2010,tonnes,688.18,I,Valeur imputée par une agence réceptrice,
429,Superficie récoltée,Choux,2011,ha,60.0,E,Valeur estimée,
430,Rendement,Choux,2011,kg/ha,11666.7,E,Valeur estimée,
431,Production,Choux,2011,tonnes,700.0,E,Valeur estimée,
432,Superficie récoltée,Choux,2012,ha,65.0,E,Valeur estimée,
433,Rendement,Choux,2012,kg/ha,11153.8,E,Valeur estimée,
434,Production,Choux,2012,tonnes,725.0,E,Valeur estimée,
435,Superficie récoltée,Choux,2013,ha,67.0,I,Valeur imputée par une agence réceptrice,
436,Rendement,Choux,2013,kg/ha,11014.3,E,Valeur estimée,
437,Production,Choux,2013,tonnes,737.84,I,Valeur imputée par une agence réceptrice,
438,Superficie récoltée,Choux,2014,ha,70.0,I,Valeur imputée par une agence réceptrice,
439,Rendement,Choux,2014,kg/ha,10797.5,E,Valeur estimée,
440,Production,Choux,2014,tonnes,755.79,I,Valeur imputée par une agence réceptrice,
441,Superficie récoltée,Choux,2015,ha,72.0,I,Valeur imputée par une agence réceptrice,
442,Rendement,Choux,2015,kg/ha,10673.5,E,Valeur estimée,
443,Production,Choux,2015,tonnes,773.76,I,Valeur imputée par une agence réceptrice,
444,Superficie récoltée,Choux,2016,ha,70.0,E,Valeur estimée,
445,Rendement,Choux,2016,kg/ha,11322.7,E,Valeur estimée,
446,Production,Choux,2016,tonnes,790.63,I,Valeur imputée par une agence réceptrice,
447,Superficie récoltée,Choux,2017,ha,74.0,I,Valeur imputée par une agence réceptrice,
448,Rendement,Choux,2017,kg/ha,10962.4,E,Valeur estimée,
449,Production,Choux,2017,tonnes,806.46,I,Valeur imputée par une agence réceptrice,
450,Superficie récoltée,Choux,2018,ha,72.0,E,Valeur estimée,
451,Rendement,Choux,2018,kg/ha,11448.8,E,Valeur estimée,
452,Production,Choux,2018,tonnes,823.88,I,Valeur imputée par une agence réceptrice,
453,Superficie récoltée,Choux,2019,ha,75.0,I,Valeur imputée par une agence réceptrice,
454,Rendement,Choux,2019,kg/ha,11166.7,E,Valeur estimée,
455,Production,Choux,2019,tonnes,841.23,I,Valeur imputée par une agence réceptrice,
456,Superficie récoltée,Choux,2020,ha,74.0,E,Valeur estimée,
457,Rendement,Choux,2020,kg/ha,11190.6,E,Valeur estimée,
458,Production,Choux,2020,tonnes,823.86,E,Valeur estimée,
459,Superficie récoltée,Choux,2021,ha,74.0,E,Valeur estimée,
460,Rendement,Choux,2021,kg/ha,11266.6,E,Valeur estimée,
461,Production,Choux,2021,tonnes,829.66,E,Valeur estimée,
462,Superficie récoltée,Choux,2022,ha,74.0,E,Valeur estimée,
463,Rendement,Choux,2022,kg/ha,11207.6,E,Valeur estimée,
464,Production,Choux,2022,tonnes,831.58,E,Valeur estimée,
465,Superficie récoltée,Choux,2023,ha,74.0,E,Valeur estimée,
466,Rendement,Choux,2023,kg/ha,11221.6,E,Valeur estimée,
467,Production,Choux,2023,tonnes,828.36,E,Valeur estimée,
468,Superficie récoltée,Choux,2024,ha,74.0,E,Valeur estimée,
469,Rendement,Choux,2024,kg/ha,11231.8,E,Valeur estimée,
470,Production,Choux,2024,tonnes,829.87,E,Valeur estimée,
471,Superficie récoltée,"Coton en graine, non égrené",2010,ha,60314.0,A,Chiffre officiel,
472,Rendement,"Coton en graine, non égrené",2010,kg/ha,712.9,A,Chiffre officiel,
473,Production,"Coton en graine, non égrené",2010,tonnes,43000.0,A,Chiffre officiel,
474,Superficie récoltée,"Coton en graine, non égrené",2011,ha,99758.0,A,Chiffre officiel,
475,Rendement,"Coton en graine, non égrené",2011,kg/ha,838.1,A,Chiffre officiel,
476,Production,"Coton en graine, non égrené",2011,tonnes,83608.0,A,Chiffre officiel,
477,Superficie récoltée,"Coton en graine, non égrené",2012,ha,122020.0,A,Chiffre officiel,
478,Rendement,"Coton en graine, non égrené",2012,kg/ha,661.6,A,Chiffre officiel,
479,Production,"Coton en graine, non égrené",2012,tonnes,80725.0,A,Chiffre officiel,
480,Superficie récoltée,"Coton en graine, non égrené",2013,ha,100000.0,E,Valeur estimée,
481,Rendement,"Coton en graine, non égrené",2013,kg/ha,778.5,E,Valeur estimée,
482,Production,"Coton en graine, non égrené",2013,tonnes,77850.0,A,Chiffre officiel,
483,Superficie récoltée,"Coton en graine, non égrené",2014,ha,130000.0,E,Valeur estimée,
484,Rendement,"Coton en graine, non égrené",2014,kg/ha,815.4,E,Valeur estimée,
485,Production,"Coton en graine, non égrené",2014,tonnes,106000.0,A,Chiffre officiel,
486,Superficie récoltée,"Coton en graine, non égrené",2015,ha,112422.0,A,Chiffre officiel,
487,Rendement,"Coton en graine, non égrené",2015,kg/ha,721.5,A,Chiffre officiel,
488,Production,"Coton en graine, non égrené",2015,tonnes,81112.0,A,Chiffre officiel,
489,Superficie récoltée,"Coton en graine, non égrené",2016,ha,129929.0,A,Chiffre officiel,
490,Rendement,"Coton en graine, non égrené",2016,kg/ha,869.7,A,Chiffre officiel,
491,Production,"Coton en graine, non égrené",2016,tonnes,113000.0,A,Chiffre officiel,
492,Superficie récoltée,"Coton en graine, non égrené",2017,ha,172273.0,A,Chiffre officiel,
493,Rendement,"Coton en graine, non égrené",2017,kg/ha,680.1,A,Chiffre officiel,
494,Production,"Coton en graine, non égrené",2017,tonnes,117160.0,A,Chiffre officiel,
495,Superficie récoltée,"Coton en graine, non égrené",2018,ha,179602.0,A,Chiffre officiel,
496,Rendement,"Coton en graine, non égrené",2018,kg/ha,764.3,A,Chiffre officiel,
497,Production,"Coton en graine, non égrené",2018,tonnes,137266.0,A,Chiffre officiel,
498,Superficie récoltée,"Coton en graine, non égrené",2019,ha,180588.0,A,Chiffre officiel,
499,Rendement,"Coton en graine, non égrené",2019,kg/ha,645.5,A,Chiffre officiel,
500,Production,"Coton en graine, non égrené",2019,tonnes,116578.15,A,Chiffre officiel,
501,Superficie récoltée,"Coton en graine, non égrené",2020,ha,100050.0,A,Chiffre officiel,
502,Rendement,"Coton en graine, non égrené",2020,kg/ha,681.3,A,Chiffre officiel,
503,Production,"Coton en graine, non égrené",2020,tonnes,68163.0,A,Chiffre officiel,
504,Superficie récoltée,"Coton en graine, non égrené",2021,ha,68708.0,A,Chiffre officiel,
505,Rendement,"Coton en graine, non égrené",2021,kg/ha,734.5,A,Chiffre officiel,
506,Production,"Coton en graine, non égrené",2021,tonnes,50463.0,A,Chiffre officiel,
507,Superficie récoltée,"Coton en graine, non égrené",2022,ha,78100.0,A,Chiffre officiel,
508,Rendement,"Coton en graine, non égrené",2022,kg/ha,670.0,A,Chiffre officiel,
509,Production,"Coton en graine, non égrené",2022,tonnes,52324.0,A,Chiffre officiel,
510,Superficie récoltée,"Coton en graine, non égrené",2023,ha,80000.0,X,Chiffre de source externe,Chiffre non officiel
511,Rendement,"Coton en graine, non égrené",2023,kg/ha,659.0,E,Valeur estimée,
512,Production,"Coton en graine, non égrené",2023,tonnes,52723.52,I,Valeur imputée par une agence réceptrice,
513,Superficie récoltée,"Coton en graine, non égrené",2024,ha,76000.0,X,Chiffre de source externe,Chiffre non officiel
514,Rendement,"Coton en graine, non égrené",2024,kg/ha,676.8,E,Valeur estimée,
515,Production,"Coton en graine, non égrené",2024,tonnes,51437.44,I,Valeur imputée par une agence réceptrice,
516,Superficie récoltée,Fèves de soja,2010,ha,5000.0,E,Valeur estimée,
517,Rendement,Fèves de soja,2010,kg/ha,400.0,E,Valeur estimée,
518,Production,Fèves de soja,2010,tonnes,2000.0,E,Valeur estimée,
519,Superficie récoltée,Fèves de soja,2011,ha,9132.0,I,Valeur imputée par une agence réceptrice,
520,Rendement,Fèves de soja,2011,kg/ha,480.7,E,Valeur estimée,
521,Production,Fèves de soja,2011,tonnes,4389.91,I,Valeur imputée par une agence réceptrice,
522,Superficie récoltée,Fèves de soja,2012,ha,16236.0,I,Valeur imputée par une agence réceptrice,
523,Rendement,Fèves de soja,2012,kg/ha,509.3,E,Valeur estimée,
524,Production,Fèves de soja,2012,tonnes,8268.98,I,Valeur imputée par une agence réceptrice,
525,Superficie récoltée,Fèves de soja,2013,ha,23662.0,I,Valeur imputée par une agence réceptrice,
526,Rendement,Fèves de soja,2013,kg/ha,537.8,E,Valeur estimée,
527,Production,Fèves de soja,2013,tonnes,12724.51,I,Valeur imputée par une agence réceptrice,
528,Superficie récoltée,Fèves de soja,2014,ha,32483.0,I,Valeur imputée par une agence réceptrice,
529,Rendement,Fèves de soja,2014,kg/ha,572.1,E,Valeur estimée,
530,Production,Fèves de soja,2014,tonnes,18584.48,I,Valeur imputée par une agence réceptrice,
531,Superficie récoltée,Fèves de soja,2015,ha,39322.0,I,Valeur imputée par une agence réceptrice,
532,Rendement,Fèves de soja,2015,kg/ha,635.8,E,Valeur estimée,
533,Production,Fèves de soja,2015,tonnes,25000.0,E,Valeur estimée,
534,Superficie récoltée,Fèves de soja,2016,ha,68117.0,I,Valeur imputée par une agence réceptrice,
535,Rendement,Fèves de soja,2016,kg/ha,603.1,E,Valeur estimée,
536,Production,Fèves de soja,2016,tonnes,41083.61,I,Valeur imputée par une agence réceptrice,
537,Superficie récoltée,Fèves de soja,2017,ha,86914.0,I,Valeur imputée par une agence réceptrice,
538,Rendement,Fèves de soja,2017,kg/ha,694.3,E,Valeur estimée,
539,Production,Fèves de soja,2017,tonnes,60348.06,I,Valeur imputée par une agence réceptrice,
540,Superficie récoltée,Fèves de soja,2018,ha,122877.0,I,Valeur imputée par une agence réceptrice,
541,Rendement,Fèves de soja,2018,kg/ha,751.8,E,Valeur estimée,
542,Production,Fèves de soja,2018,tonnes,92373.29,I,Valeur imputée par une agence réceptrice,
543,Superficie récoltée,Fèves de soja,2019,ha,154494.0,I,Valeur imputée par une agence réceptrice,
544,Rendement,Fèves de soja,2019,kg/ha,796.5,E,Valeur estimée,
545,Production,Fèves de soja,2019,tonnes,123051.62,I,Valeur imputée par une agence réceptrice,
546,Superficie récoltée,Fèves de soja,2020,ha,181501.0,A,Chiffre officiel,
547,Rendement,Fèves de soja,2020,kg/ha,851.5,A,Chiffre officiel,
548,Production,Fèves de soja,2020,tonnes,154545.0,A,Chiffre officiel,
549,Superficie récoltée,Fèves de soja,2021,ha,203389.0,A,Chiffre officiel,
550,Rendement,Fèves de soja,2021,kg/ha,1020.7,A,Chiffre officiel,
551,Production,Fèves de soja,2021,tonnes,207604.0,A,Chiffre officiel,
552,Superficie récoltée,Fèves de soja,2022,ha,231720.0,A,Chiffre officiel,
553,Rendement,Fèves de soja,2022,kg/ha,1020.4,A,Chiffre officiel,
554,Production,Fèves de soja,2022,tonnes,236450.0,A,Chiffre officiel,
555,Superficie récoltée,Fèves de soja,2023,ha,262785.0,I,Valeur imputée par une agence réceptrice,
556,Rendement,Fèves de soja,2023,kg/ha,989.4,E,Valeur estimée,
557,Production,Fèves de soja,2023,tonnes,260000.0,E,Valeur estimée,
558,Superficie récoltée,Fèves de soja,2024,ha,281684.0,I,Valeur imputée par une agence réceptrice,
559,Rendement,Fèves de soja,2024,kg/ha,1009.4,E,Valeur estimée,
560,Production,Fèves de soja,2024,tonnes,284341.76,I,Valeur imputée par une agence réceptrice,
561,Production,"Fibre de coton, égrené",2010,tonnes,16000.0,E,Valeur estimée,
562,Production,"Fibre de coton, égrené",2011,tonnes,31000.0,E,Valeur estimée,
563,Production,"Fibre de coton, égrené",2012,tonnes,33000.0,E,Valeur estimée,
564,Production,"Fibre de coton, égrené",2013,tonnes,30500.0,E,Valeur estimée,
565,Production,"Fibre de coton, égrené",2014,tonnes,39100.0,E,Valeur estimée,
566,Production,"Fibre de coton, égrené",2015,tonnes,39700.0,E,Valeur estimée,
567,Production,"Fibre de coton, égrené",2016,tonnes,39450.0,E,Valeur estimée,
568,Production,"Fibre de coton, égrené",2017,tonnes,55000.0,E,Valeur estimée,
569,Production,"Fibre de coton, égrené",2018,tonnes,45600.0,E,Valeur estimée,
570,Production,"Fibre de coton, égrené",2019,tonnes,49200.0,E,Valeur estimée,
571,Production,"Fibre de coton, égrené",2020,tonnes,28700.0,E,Valeur estimée,
572,Production,"Fibre de coton, égrené",2021,tonnes,21300.0,E,Valeur estimée,
573,Production,"Fibre de coton, égrené",2022,tonnes,19851.2,I,Valeur imputée par une agence réceptrice,
574,Production,"Fibre de coton, égrené",2023,tonnes,19322.28,I,Valeur imputée par une agence réceptrice,
575,Superficie récoltée,Fonio,2017,ha,5873.0,A,Chiffre officiel,
576,Rendement,Fonio,2017,kg/ha,621.5,A,Chiffre officiel,
577,Production,Fonio,2017,tonnes,3650.0,A,Chiffre officiel,
578,Superficie récoltée,Fonio,2018,ha,4303.0,A,Chiffre officiel,
579,Rendement,Fonio,2018,kg/ha,852.0,A,Chiffre officiel,
580,Production,Fonio,2018,tonnes,3666.0,A,Chiffre officiel,
581,Superficie récoltée,Fonio,2019,ha,4303.0,A,Chiffre officiel,
582,Rendement,Fonio,2019,kg/ha,891.0,A,Chiffre officiel,
583,Production,Fonio,2019,tonnes,3834.0,A,Chiffre officiel,
584,Superficie récoltée,Fonio,2020,ha,4975.0,A,Chiffre officiel,
585,Rendement,Fonio,2020,kg/ha,861.1,A,Chiffre officiel,
586,Production,Fonio,2020,tonnes,4284.0,A,Chiffre officiel,
587,Superficie récoltée,Fonio,2021,ha,5114.0,A,Chiffre officiel,
588,Rendement,Fonio,2021,kg/ha,858.6,A,Chiffre officiel,
589,Production,Fonio,2021,tonnes,4391.0,A,Chiffre officiel,
590,Superficie récoltée,Fonio,2022,ha,5200.0,A,Chiffre officiel,
591,Rendement,Fonio,2022,kg/ha,859.8,A,Chiffre officiel,
592,Production,Fonio,2022,tonnes,4471.0,A,Chiffre officiel,
593,Superficie récoltée,Fonio,2023,ha,5269.0,I,Valeur imputée par une agence réceptrice,
594,Rendement,Fonio,2023,kg/ha,875.5,E,Valeur estimée,
595,Production,Fonio,2023,tonnes,4612.75,I,Valeur imputée par une agence réceptrice,
596,Superficie récoltée,Fonio,2024,ha,5436.0,I,Valeur imputée par une agence réceptrice,
597,Rendement,Fonio,2024,kg/ha,896.4,E,Valeur estimée,
598,Production,Fonio,2024,tonnes,4873.21,I,Valeur imputée par une agence réceptrice,
599,Production,Graines de coton,2010,tonnes,26000.0,E,Valeur estimée,
600,Production,Graines de coton,2011,tonnes,50500.0,E,Valeur estimée,
601,Production,Graines de coton,2012,tonnes,42500.0,E,Valeur estimée,
602,Production,Graines de coton,2013,tonnes,45000.0,E,Valeur estimée,
603,Production,Graines de coton,2014,tonnes,66700.0,E,Valeur estimée,
604,Production,Graines de coton,2015,tonnes,51000.0,E,Valeur estimée,
605,Production,Graines de coton,2016,tonnes,65000.0,E,Valeur estimée,
606,Production,Graines de coton,2017,tonnes,70000.0,E,Valeur estimée,
607,Production,Graines de coton,2018,tonnes,76000.0,E,Valeur estimée,
608,Production,Graines de coton,2019,tonnes,67300.0,E,Valeur estimée,
609,Production,Graines de coton,2020,tonnes,39400.0,E,Valeur estimée,
610,Production,Graines de coton,2021,tonnes,29100.0,E,Valeur estimée,
611,Production,Graines de coton,2022,tonnes,29285.34,I,Valeur imputée par une agence réceptrice,
612,Production,Graines de coton,2023,tonnes,28505.05,I,Valeur imputée par une agence réceptrice,
613,Superficie récoltée,Graines de ricin,2010,ha,700.0,E,Valeur estimée,
614,Rendement,Graines de ricin,2010,kg/ha,97.1,E,Valeur estimée,
615,Production,Graines de ricin,2010,tonnes,68.0,E,Valeur estimée,
616,Superficie récoltée,Graines de ricin,2011,ha,834.0,I,Valeur imputée par une agence réceptrice,
617,Rendement,Graines de ricin,2011,kg/ha,83.9,E,Valeur estimée,
618,Production,Graines de ricin,2011,tonnes,70.0,E,Valeur estimée,
619,Superficie récoltée,Graines de ricin,2012,ha,1000.0,E,Valeur estimée,
620,Rendement,Graines de ricin,2012,kg/ha,75.0,E,Valeur estimée,
621,Production,Graines de ricin,2012,tonnes,75.0,E,Valeur estimée,
622,Superficie récoltée,Graines de ricin,2013,ha,1000.0,E,Valeur estimée,
623,Rendement,Graines de ricin,2013,kg/ha,75.0,E,Valeur estimée,
624,Production,Graines de ricin,2013,tonnes,75.0,E,Valeur estimée,
625,Superficie récoltée,Graines de ricin,2014,ha,958.0,I,Valeur imputée par une agence réceptrice,
626,Rendement,Graines de ricin,2014,kg/ha,80.5,E,Valeur estimée,
627,Production,Graines de ricin,2014,tonnes,77.15,I,Valeur imputée par une agence réceptrice,
628,Superficie récoltée,Graines de ricin,2015,ha,965.0,I,Valeur imputée par une agence réceptrice,
629,Rendement,Graines de ricin,2015,kg/ha,82.1,E,Valeur estimée,
630,Production,Graines de ricin,2015,tonnes,79.28,I,Valeur imputée par une agence réceptrice,
631,Superficie récoltée,Graines de ricin,2016,ha,991.0,I,Valeur imputée par une agence réceptrice,
632,Rendement,Graines de ricin,2016,kg/ha,77.8,E,Valeur estimée,
633,Production,Graines de ricin,2016,tonnes,77.14,E,Valeur estimée,
634,Superficie récoltée,Graines de ricin,2017,ha,1018.0,I,Valeur imputée par une agence réceptrice,
635,Rendement,Graines de ricin,2017,kg/ha,79.0,E,Valeur estimée,
636,Production,Graines de ricin,2017,tonnes,80.34,I,Valeur imputée par une agence réceptrice,
637,Superficie récoltée,Graines de ricin,2018,ha,1038.0,I,Valeur imputée par une agence réceptrice,
638,Rendement,Graines de ricin,2018,kg/ha,79.6,E,Valeur estimée,
639,Production,Graines de ricin,2018,tonnes,82.61,I,Valeur imputée par une agence réceptrice,
640,Superficie récoltée,Graines de ricin,2019,ha,1016.0,E,Valeur estimée,
641,Rendement,Graines de ricin,2019,kg/ha,78.8,E,Valeur estimée,
642,Production,Graines de ricin,2019,tonnes,80.03,E,Valeur estimée,
643,Superficie récoltée,Graines de ricin,2020,ha,1035.0,I,Valeur imputée par une agence réceptrice,
644,Rendement,Graines de ricin,2020,kg/ha,79.0,E,Valeur estimée,
645,Production,Graines de ricin,2020,tonnes,81.84,I,Valeur imputée par une agence réceptrice,
646,Superficie récoltée,Graines de ricin,2021,ha,1030.0,E,Valeur estimée,
647,Rendement,Graines de ricin,2021,kg/ha,79.2,E,Valeur estimée,
648,Production,Graines de ricin,2021,tonnes,81.49,E,Valeur estimée,
649,Superficie récoltée,Graines de ricin,2022,ha,1027.0,E,Valeur estimée,
650,Rendement,Graines de ricin,2022,kg/ha,79.0,E,Valeur estimée,
651,Production,Graines de ricin,2022,tonnes,81.12,E,Valeur estimée,
652,Superficie récoltée,Graines de ricin,2023,ha,1031.0,E,Valeur estimée,
653,Rendement,Graines de ricin,2023,kg/ha,79.1,E,Valeur estimée,
654,Production,Graines de ricin,2023,tonnes,81.49,E,Valeur estimée,
655,Superficie récoltée,Graines de ricin,2024,ha,1029.0,E,Valeur estimée,
656,Rendement,Graines de ricin,2024,kg/ha,79.1,E,Valeur estimée,
657,Production,Graines de ricin,2024,tonnes,81.37,E,Valeur estimée,
658,Production,"Green tea (not fermented), black tea (fermented) and partly fermented tea, in immediate packings of a content not exceeding 3 kg",2021,tonnes,91.2,I,Valeur imputée par une agence réceptrice,
659,Production,"Green tea (not fermented), black tea (fermented) and partly fermented tea, in immediate packings of a content not exceeding 3 kg",2022,tonnes,40.8,I,Valeur imputée par une agence réceptrice,
660,Superficie récoltée,Haricots secs,2010,ha,210617.0,A,Chiffre officiel,
661,Rendement,Haricots secs,2010,kg/ha,361.7,A,Chiffre officiel,
662,Production,Haricots secs,2010,tonnes,76190.0,A,Chiffre officiel,
663,Superficie récoltée,Haricots secs,2011,ha,207172.0,A,Chiffre officiel,
664,Rendement,Haricots secs,2011,kg/ha,369.1,A,Chiffre officiel,
665,Production,Haricots secs,2011,tonnes,76465.0,A,Chiffre officiel,
666,Superficie récoltée,Haricots secs,2012,ha,262227.0,A,Chiffre officiel,
667,Rendement,Haricots secs,2012,kg/ha,505.8,A,Chiffre officiel,
668,Production,Haricots secs,2012,tonnes,132636.0,A,Chiffre officiel,
669,Superficie récoltée,Haricots secs,2013,ha,353265.0,A,Chiffre officiel,
670,Rendement,Haricots secs,2013,kg/ha,297.1,A,Chiffre officiel,
671,Production,Haricots secs,2013,tonnes,104942.0,A,Chiffre officiel,
672,Superficie récoltée,Haricots secs,2014,ha,363936.0,A,Chiffre officiel,
673,Rendement,Haricots secs,2014,kg/ha,460.4,A,Chiffre officiel,
674,Production,Haricots secs,2014,tonnes,167538.0,A,Chiffre officiel,
675,Superficie récoltée,Haricots secs,2015,ha,361525.0,A,Chiffre officiel,
676,Rendement,Haricots secs,2015,kg/ha,490.7,A,Chiffre officiel,
677,Production,Haricots secs,2015,tonnes,177417.0,A,Chiffre officiel,
678,Superficie récoltée,Haricots secs,2016,ha,357926.0,A,Chiffre officiel,
679,Rendement,Haricots secs,2016,kg/ha,464.2,A,Chiffre officiel,
680,Production,Haricots secs,2016,tonnes,166150.0,A,Chiffre officiel,
681,Superficie récoltée,Haricots secs,2017,ha,369567.0,A,Chiffre officiel,
682,Rendement,Haricots secs,2017,kg/ha,539.4,A,Chiffre officiel,
683,Production,Haricots secs,2017,tonnes,199359.0,A,Chiffre officiel,
684,Superficie récoltée,Haricots secs,2018,ha,378775.0,A,Chiffre officiel,
685,Rendement,Haricots secs,2018,kg/ha,548.0,A,Chiffre officiel,
686,Production,Haricots secs,2018,tonnes,207552.0,A,Chiffre officiel,
687,Superficie récoltée,Haricots secs,2019,ha,388826.0,A,Chiffre officiel,
688,Rendement,Haricots secs,2019,kg/ha,521.4,A,Chiffre officiel,
689,Production,Haricots secs,2019,tonnes,202730.0,A,Chiffre officiel,
690,Superficie récoltée,Haricots secs,2020,ha,383664.0,A,Chiffre officiel,
691,Rendement,Haricots secs,2020,kg/ha,527.2,A,Chiffre officiel,
692,Production,Haricots secs,2020,tonnes,202265.0,A,Chiffre officiel,
693,Superficie récoltée,Haricots secs,2021,ha,391971.0,A,Chiffre officiel,
694,Rendement,Haricots secs,2021,kg/ha,540.5,A,Chiffre officiel,
695,Production,Haricots secs,2021,tonnes,211876.0,A,Chiffre officiel,
696,Superficie récoltée,Haricots secs,2022,ha,394376.0,A,Chiffre officiel,
697,Rendement,Haricots secs,2022,kg/ha,549.0,A,Chiffre officiel,
698,Production,Haricots secs,2022,tonnes,216518.0,A,Chiffre officiel,
699,Superficie récoltée,Haricots secs,2023,ha,396001.0,I,Valeur imputée par une agence réceptrice,
700,Rendement,Haricots secs,2023,kg/ha,565.7,E,Valeur estimée,
701,Production,Haricots secs,2023,tonnes,224008.91,I,Valeur imputée par une agence réceptrice,
702,Superficie récoltée,Haricots secs,2024,ha,414768.0,I,Valeur imputée par une agence réceptrice,
703,Rendement,Haricots secs,2024,kg/ha,574.1,E,Valeur estimée,
704,Production,Haricots secs,2024,tonnes,238135.07,I,Valeur imputée par une agence réceptrice,
705,Production,Huile d'arachide,2010,tonnes,1376.52,I,Valeur imputée par une agence réceptrice,
706,Production,Huile d'arachide,2011,tonnes,1402.44,I,Valeur imputée par une agence réceptrice,
707,Production,Huile d'arachide,2012,tonnes,1292.21,I,Valeur imputée par une agence réceptrice,
708,Production,Huile d'arachide,2013,tonnes,1151.46,I,Valeur imputée par une agence réceptrice,
709,Production,Huile d'arachide,2014,tonnes,1210.71,I,Valeur imputée par une agence réceptrice,
710,Production,Huile d'arachide,2015,tonnes,1216.79,I,Valeur imputée par une agence réceptrice,
711,Production,Huile d'arachide,2016,tonnes,1205.3,I,Valeur imputée par une agence réceptrice,
712,Production,Huile d'arachide,2017,tonnes,1125.94,I,Valeur imputée par une agence réceptrice,
713,Production,Huile d'arachide,2018,tonnes,1212.35,I,Valeur imputée par une agence réceptrice,
714,Production,Huile d'arachide,2019,tonnes,894.23,I,Valeur imputée par une agence réceptrice,
715,Production,Huile d'arachide,2020,tonnes,1117.29,I,Valeur imputée par une agence réceptrice,
716,Production,Huile d'arachide,2021,tonnes,1102.01,I,Valeur imputée par une agence réceptrice,
717,Production,Huile d'arachide,2022,tonnes,1061.96,I,Valeur imputée par une agence réceptrice,
718,Production,Huile d'arachide,2023,tonnes,1132.51,I,Valeur imputée par une agence réceptrice,
719,Production,Huile de coco,2010,tonnes,1760.0,I,Valeur imputée par une agence réceptrice,
720,Production,Huile de coco,2011,tonnes,1760.0,I,Valeur imputée par une agence réceptrice,
721,Production,Huile de coco,2012,tonnes,1655.04,I,Valeur imputée par une agence réceptrice,
722,Production,Huile de coco,2013,tonnes,1541.12,I,Valeur imputée par une agence réceptrice,
723,Production,Huile de coco,2014,tonnes,1600.0,I,Valeur imputée par une agence réceptrice,
724,Production,Huile de coco,2015,tonnes,1242.2,I,Valeur imputée par une agence réceptrice,
725,Production,Huile de coco,2016,tonnes,1346.33,I,Valeur imputée par une agence réceptrice,
726,Production,Huile de coco,2017,tonnes,1345.74,I,Valeur imputée par une agence réceptrice,
727,Production,Huile de coco,2018,tonnes,1362.39,I,Valeur imputée par une agence réceptrice,
728,Production,Huile de coco,2019,tonnes,1335.39,I,Valeur imputée par une agence réceptrice,
729,Production,Huile de coco,2020,tonnes,1314.72,I,Valeur imputée par une agence réceptrice,
730,Production,Huile de coco,2021,tonnes,1583.79,I,Valeur imputée par une agence réceptrice,
731,Production,Huile de coco,2022,tonnes,1724.76,I,Valeur imputée par une agence réceptrice,
732,Production,Huile de coco,2023,tonnes,1824.58,I,Valeur imputée par une agence réceptrice,
733,Production,Huile de coton,2010,tonnes,3400.0,X,Chiffre de source externe,Chiffre non officiel
734,Production,Huile de coton,2011,tonnes,5300.0,X,Chiffre de source externe,Chiffre non officiel
735,Production,Huile de coton,2012,tonnes,6800.0,X,Chiffre de source externe,Chiffre non officiel
736,Production,Huile de coton,2013,tonnes,8200.0,X,Chiffre de source externe,Chiffre non officiel
737,Production,Huile de coton,2014,tonnes,7600.0,X,Chiffre de source externe,Chiffre non officiel
738,Production,Huile de coton,2015,tonnes,5800.0,X,Chiffre de source externe,Chiffre non officiel
739,Production,Huile de coton,2016,tonnes,5100.0,X,Chiffre de source externe,Chiffre non officiel
740,Production,Huile de coton,2017,tonnes,7600.0,X,Chiffre de source externe,Chiffre non officiel
741,Production,Huile de coton,2018,tonnes,9400.0,X,Chiffre de source externe,Chiffre non officiel
742,Production,Huile de coton,2019,tonnes,10800.0,X,Chiffre de source externe,Chiffre non officiel
743,Production,Huile de coton,2020,tonnes,8900.0,X,Chiffre de source externe,Chiffre non officiel
744,Production,Huile de coton,2021,tonnes,6800.0,X,Chiffre de source externe,Chiffre non officiel
745,Production,Huile de coton,2022,tonnes,7600.0,X,Chiffre de source externe,Chiffre non officiel
746,Production,Huile de coton,2023,tonnes,7100.0,X,Chiffre de source externe,Chiffre non officiel
747,Production,Huile de palme,2017,tonnes,23000.0,X,Chiffre de source externe,Chiffre non officiel
748,Production,Huile de palme,2018,tonnes,23000.0,X,Chiffre de source externe,Chiffre non officiel
749,Production,Huile de palme,2019,tonnes,24000.0,X,Chiffre de source externe,Chiffre non officiel
750,Production,Huile de palme,2020,tonnes,22000.0,X,Chiffre de source externe,Chiffre non officiel
751,Production,Huile de palme,2021,tonnes,22000.0,X,Chiffre de source externe,Chiffre non officiel
752,Production,Huile de palme,2022,tonnes,24000.0,X,Chiffre de source externe,Chiffre non officiel
753,Production,Huile de palme,2023,tonnes,21000.0,X,Chiffre de source externe,Chiffre non officiel
754,Production,Huile de palmiste,2010,tonnes,9500.0,X,Chiffre de source externe,Chiffre non officiel
755,Production,Huile de palmiste,2011,tonnes,8600.0,X,Chiffre de source externe,Chiffre non officiel
756,Production,Huile de palmiste,2012,tonnes,12200.0,X,Chiffre de source externe,Chiffre non officiel
757,Production,Huile de palmiste,2013,tonnes,14200.0,X,Chiffre de source externe,Chiffre non officiel
758,Production,Huile de palmiste,2014,tonnes,13500.0,X,Chiffre de source externe,Chiffre non officiel
759,Production,Huile de palmiste,2015,tonnes,12700.0,X,Chiffre de source externe,Chiffre non officiel
760,Production,Huile de palmiste,2016,tonnes,12300.0,X,Chiffre de source externe,Chiffre non officiel
761,Production,Huile de palmiste,2017,tonnes,14200.0,X,Chiffre de source externe,Chiffre non officiel
762,Production,Huile de palmiste,2018,tonnes,14700.0,X,Chiffre de source externe,Chiffre non officiel
763,Production,Huile de palmiste,2019,tonnes,14900.0,X,Chiffre de source externe,Chiffre non officiel
764,Production,Huile de palmiste,2020,tonnes,15600.0,X,Chiffre de source externe,Chiffre non officiel
765,Production,Huile de palmiste,2021,tonnes,16000.0,X,Chiffre de source externe,Chiffre non officiel
766,Production,Huile de palmiste,2022,tonnes,16000.0,X,Chiffre de source externe,Chiffre non officiel
767,Production,Huile de palmiste,2023,tonnes,16000.0,X,Chiffre de source externe,Chiffre non officiel
768,Production,Huile de soja,2010,tonnes,571.5,I,Valeur imputée par une agence réceptrice,
769,Production,Huile de soja,2011,tonnes,190.7,I,Valeur imputée par une agence réceptrice,
770,Production,Huile de soja,2020,tonnes,12700.0,X,Chiffre de source externe,Chiffre non officiel
771,Production,Huile de soja,2021,tonnes,9200.0,X,Chiffre de source externe,Chiffre non officiel
772,Production,Huile de soja,2022,tonnes,8900.0,X,Chiffre de source externe,Chiffre non officiel
773,Production,Huile de soja,2023,tonnes,35000.0,X,Chiffre de source externe,Chiffre non officiel
774,Superficie récoltée,"Huile, noix de palme",2010,ha,13541.0,I,Valeur imputée par une agence réceptrice,
775,Rendement,"Huile, noix de palme",2010,kg/ha,8591.9,E,Valeur estimée,
776,Production,"Huile, noix de palme",2010,tonnes,116338.96,I,Valeur imputée par une agence réceptrice,
777,Superficie récoltée,"Huile, noix de palme",2011,ha,13511.0,I,Valeur imputée par une agence réceptrice,
778,Rendement,"Huile, noix de palme",2011,kg/ha,8606.6,E,Valeur estimée,
779,Production,"Huile, noix de palme",2011,tonnes,116279.67,I,Valeur imputée par une agence réceptrice,
780,Superficie récoltée,"Huile, noix de palme",2012,ha,13492.0,I,Valeur imputée par une agence réceptrice,
781,Rendement,"Huile, noix de palme",2012,kg/ha,8620.8,E,Valeur estimée,
782,Production,"Huile, noix de palme",2012,tonnes,116313.7,I,Valeur imputée par une agence réceptrice,
783,Superficie récoltée,"Huile, noix de palme",2013,ha,13350.0,I,Valeur imputée par une agence réceptrice,
784,Rendement,"Huile, noix de palme",2013,kg/ha,8647.7,E,Valeur estimée,
785,Production,"Huile, noix de palme",2013,tonnes,115444.96,I,Valeur imputée par une agence réceptrice,
786,Superficie récoltée,"Huile, noix de palme",2014,ha,13307.0,I,Valeur imputée par une agence réceptrice,
787,Rendement,"Huile, noix de palme",2014,kg/ha,8658.4,E,Valeur estimée,
788,Production,"Huile, noix de palme",2014,tonnes,115214.96,I,Valeur imputée par une agence réceptrice,
789,Superficie récoltée,"Huile, noix de palme",2015,ha,13316.0,I,Valeur imputée par une agence réceptrice,
790,Rendement,"Huile, noix de palme",2015,kg/ha,8672.7,E,Valeur estimée,
791,Production,"Huile, noix de palme",2015,tonnes,115488.85,I,Valeur imputée par une agence réceptrice,
792,Superficie récoltée,"Huile, noix de palme",2016,ha,13338.0,I,Valeur imputée par une agence réceptrice,
793,Rendement,"Huile, noix de palme",2016,kg/ha,8682.9,E,Valeur estimée,
794,Production,"Huile, noix de palme",2016,tonnes,115815.38,I,Valeur imputée par une agence réceptrice,
795,Superficie récoltée,"Huile, noix de palme",2017,ha,13379.0,I,Valeur imputée par une agence réceptrice,
796,Rendement,"Huile, noix de palme",2017,kg/ha,8685.6,E,Valeur estimée,
797,Production,"Huile, noix de palme",2017,tonnes,116204.71,I,Valeur imputée par une agence réceptrice,
798,Superficie récoltée,"Huile, noix de palme",2018,ha,13441.0,I,Valeur imputée par une agence réceptrice,
799,Rendement,"Huile, noix de palme",2018,kg/ha,8680.1,E,Valeur estimée,
800,Production,"Huile, noix de palme",2018,tonnes,116668.97,I,Valeur imputée par une agence réceptrice,
801,Superficie récoltée,"Huile, noix de palme",2019,ha,13371.0,I,Valeur imputée par une agence réceptrice,
802,Rendement,"Huile, noix de palme",2019,kg/ha,8675.6,E,Valeur estimée,
803,Production,"Huile, noix de palme",2019,tonnes,116000.0,E,Valeur estimée,
804,Superficie récoltée,"Huile, noix de palme",2020,ha,13522.0,I,Valeur imputée par une agence réceptrice,
805,Rendement,"Huile, noix de palme",2020,kg/ha,8652.4,E,Valeur estimée,
806,Production,"Huile, noix de palme",2020,tonnes,117000.0,E,Valeur estimée,
807,Superficie récoltée,"Huile, noix de palme",2021,ha,13824.0,E,Valeur estimée,
808,Rendement,"Huile, noix de palme",2021,kg/ha,8680.6,E,Valeur estimée,
809,Production,"Huile, noix de palme",2021,tonnes,120000.0,E,Valeur estimée,
810,Superficie récoltée,"Huile, noix de palme",2022,ha,15823.0,E,Valeur estimée,
811,Rendement,"Huile, noix de palme",2022,kg/ha,8234.8,E,Valeur estimée,
812,Production,"Huile, noix de palme",2022,tonnes,130300.0,E,Valeur estimée,
813,Superficie récoltée,"Huile, noix de palme",2023,ha,17083.0,I,Valeur imputée par une agence réceptrice,
814,Rendement,"Huile, noix de palme",2023,kg/ha,8242.1,E,Valeur estimée,
815,Production,"Huile, noix de palme",2023,tonnes,140800.0,E,Valeur estimée,
816,Superficie récoltée,"Huile, noix de palme",2024,ha,16800.0,I,Valeur imputée par une agence réceptrice,
817,Rendement,"Huile, noix de palme",2024,kg/ha,8519.5,E,Valeur estimée,
818,Production,"Huile, noix de palme",2024,tonnes,143129.71,I,Valeur imputée par une agence réceptrice,
819,Superficie récoltée,Ignames,2010,ha,71529.0,A,Chiffre officiel,
820,Rendement,Ignames,2010,kg/ha,9932.8,A,Chiffre officiel,
821,Production,Ignames,2010,tonnes,710481.0,A,Chiffre officiel,
822,Superficie récoltée,Ignames,2011,ha,71226.0,A,Chiffre officiel,
823,Rendement,Ignames,2011,kg/ha,10217.5,A,Chiffre officiel,
824,Production,Ignames,2011,tonnes,727749.0,A,Chiffre officiel,
825,Superficie récoltée,Ignames,2012,ha,106279.0,A,Chiffre officiel,
826,Rendement,Ignames,2012,kg/ha,8133.4,A,Chiffre officiel,
827,Production,Ignames,2012,tonnes,864408.0,A,Chiffre officiel,
828,Superficie récoltée,Ignames,2013,ha,67241.0,A,Chiffre officiel,
829,Rendement,Ignames,2013,kg/ha,9833.3,A,Chiffre officiel,
830,Production,Ignames,2013,tonnes,661200.0,A,Chiffre officiel,
831,Superficie récoltée,Ignames,2014,ha,100677.0,A,Chiffre officiel,
832,Rendement,Ignames,2014,kg/ha,7811.1,A,Chiffre officiel,
833,Production,Ignames,2014,tonnes,786394.0,A,Chiffre officiel,
834,Superficie récoltée,Ignames,2015,ha,86564.0,A,Chiffre officiel,
835,Rendement,Ignames,2015,kg/ha,9027.1,A,Chiffre officiel,
836,Production,Ignames,2015,tonnes,781419.0,A,Chiffre officiel,
837,Superficie récoltée,Ignames,2016,ha,91065.0,A,Chiffre officiel,
838,Rendement,Ignames,2016,kg/ha,8938.5,A,Chiffre officiel,
839,Production,Ignames,2016,tonnes,813985.0,A,Chiffre officiel,
840,Superficie récoltée,Ignames,2017,ha,90643.0,A,Chiffre officiel,
841,Rendement,Ignames,2017,kg/ha,9118.8,A,Chiffre officiel,
842,Production,Ignames,2017,tonnes,826553.0,A,Chiffre officiel,
843,Superficie récoltée,Ignames,2018,ha,93853.0,A,Chiffre officiel,
844,Rendement,Ignames,2018,kg/ha,9150.3,A,Chiffre officiel,
845,Production,Ignames,2018,tonnes,858783.0,A,Chiffre officiel,
846,Superficie récoltée,Ignames,2019,ha,97694.0,A,Chiffre officiel,
847,Rendement,Ignames,2019,kg/ha,8949.0,A,Chiffre officiel,
848,Production,Ignames,2019,tonnes,874267.0,A,Chiffre officiel,
849,Superficie récoltée,Ignames,2020,ha,104141.0,A,Chiffre officiel,
850,Rendement,Ignames,2020,kg/ha,9034.6,A,Chiffre officiel,
851,Production,Ignames,2020,tonnes,940876.0,A,Chiffre officiel,
852,Superficie récoltée,Ignames,2021,ha,106277.0,A,Chiffre officiel,
853,Rendement,Ignames,2021,kg/ha,9037.1,A,Chiffre officiel,
854,Production,Ignames,2021,tonnes,960431.0,A,Chiffre officiel,
855,Superficie récoltée,Ignames,2022,ha,108871.0,A,Chiffre officiel,
856,Rendement,Ignames,2022,kg/ha,9043.9,A,Chiffre officiel,
857,Production,Ignames,2022,tonnes,984614.0,A,Chiffre officiel,
858,Superficie récoltée,Ignames,2023,ha,108528.0,I,Valeur imputée par une agence réceptrice,
859,Rendement,Ignames,2023,kg/ha,8965.5,E,Valeur estimée,
860,Production,Ignames,2023,tonnes,973008.88,I,Valeur imputée par une agence réceptrice,
861,Superficie récoltée,Ignames,2024,ha,109444.0,I,Valeur imputée par une agence réceptrice,
862,Rendement,Ignames,2024,kg/ha,8976.1,E,Valeur estimée,
863,Production,Ignames,2024,tonnes,982383.98,I,Valeur imputée par une agence réceptrice,
864,Superficie récoltée,Maïs,2010,ha,534572.0,A,Chiffre officiel,
865,Rendement,Maïs,2010,kg/ha,1193.7,A,Chiffre officiel,
866,Production,Maïs,2010,tonnes,638129.0,A,Chiffre officiel,
867,Superficie récoltée,Maïs,2011,ha,522630.0,A,Chiffre officiel,
868,Rendement,Maïs,2011,kg/ha,1245.3,A,Chiffre officiel,
869,Production,Maïs,2011,tonnes,650831.0,A,Chiffre officiel,
870,Superficie récoltée,Maïs,2012,ha,693035.0,A,Chiffre officiel,
871,Rendement,Maïs,2012,kg/ha,1191.4,A,Chiffre officiel,
872,Production,Maïs,2012,tonnes,825710.0,A,Chiffre officiel,
873,Superficie récoltée,Maïs,2013,ha,749288.0,A,Chiffre officiel,
874,Rendement,Maïs,2013,kg/ha,924.4,A,Chiffre officiel,
875,Production,Maïs,2013,tonnes,692610.0,A,Chiffre officiel,
876,Superficie récoltée,Maïs,2014,ha,696588.0,A,Chiffre officiel,
877,Rendement,Maïs,2014,kg/ha,1195.9,A,Chiffre officiel,
878,Production,Maïs,2014,tonnes,833044.0,A,Chiffre officiel,
879,Superficie récoltée,Maïs,2015,ha,571886.0,A,Chiffre officiel,
880,Rendement,Maïs,2015,kg/ha,1389.5,A,Chiffre officiel,
881,Production,Maïs,2015,tonnes,794661.0,A,Chiffre officiel,
882,Superficie récoltée,Maïs,2016,ha,675831.0,A,Chiffre officiel,
883,Rendement,Maïs,2016,kg/ha,1223.5,A,Chiffre officiel,
884,Production,Maïs,2016,tonnes,826896.0,A,Chiffre officiel,
885,Superficie récoltée,Maïs,2017,ha,694422.0,A,Chiffre officiel,
886,Rendement,Maïs,2017,kg/ha,1230.8,A,Chiffre officiel,
887,Production,Maïs,2017,tonnes,854689.0,A,Chiffre officiel,
888,Superficie récoltée,Maïs,2018,ha,715275.0,A,Chiffre officiel,
889,Rendement,Maïs,2018,kg/ha,1239.6,A,Chiffre officiel,
890,Production,Maïs,2018,tonnes,886630.0,A,Chiffre officiel,
891,Superficie récoltée,Maïs,2019,ha,743273.0,A,Chiffre officiel,
892,Rendement,Maïs,2019,kg/ha,1227.1,A,Chiffre officiel,
893,Production,Maïs,2019,tonnes,912086.0,A,Chiffre officiel,
894,Superficie récoltée,Maïs,2020,ha,721872.0,A,Chiffre officiel,
895,Rendement,Maïs,2020,kg/ha,1226.0,A,Chiffre officiel,
896,Production,Maïs,2020,tonnes,885030.0,A,Chiffre officiel,
897,Superficie récoltée,Maïs,2021,ha,755187.0,A,Chiffre officiel,
898,Rendement,Maïs,2021,kg/ha,1230.2,A,Chiffre officiel,
899,Production,Maïs,2021,tonnes,929020.0,A,Chiffre officiel,
900,Superficie récoltée,Maïs,2022,ha,763336.0,A,Chiffre officiel,
901,Rendement,Maïs,2022,kg/ha,1253.8,A,Chiffre officiel,
902,Production,Maïs,2022,tonnes,957047.0,A,Chiffre officiel,
903,Superficie récoltée,Maïs,2023,ha,808000.0,X,Chiffre de source externe,Chiffre non officiel
904,Rendement,Maïs,2023,kg/ha,1253.7,X,Chiffre de source externe,
905,Production,Maïs,2023,tonnes,1013000.0,X,Chiffre de source externe,Chiffre non officiel
906,Superficie récoltée,Maïs,2024,ha,804000.0,X,Chiffre de source externe,Chiffre non officiel
907,Rendement,Maïs,2024,kg/ha,1256.2,X,Chiffre de source externe,
908,Production,Maïs,2024,tonnes,1010000.0,X,Chiffre de source externe,Chiffre non officiel
909,Superficie récoltée,"Manioc, frais",2010,ha,147336.0,A,Chiffre officiel,
910,Rendement,"Manioc, frais",2010,kg/ha,6167.9,A,Chiffre officiel,
911,Production,"Manioc, frais",2010,tonnes,908755.0,A,Chiffre officiel,
912,Superficie récoltée,"Manioc, frais",2011,ha,152209.0,A,Chiffre officiel,
913,Rendement,"Manioc, frais",2011,kg/ha,6560.3,A,Chiffre officiel,
914,Production,"Manioc, frais",2011,tonnes,998540.0,A,Chiffre officiel,
915,Superficie récoltée,"Manioc, frais",2012,ha,235052.0,A,Chiffre officiel,
916,Rendement,"Manioc, frais",2012,kg/ha,4083.7,A,Chiffre officiel,
917,Production,"Manioc, frais",2012,tonnes,959889.0,A,Chiffre officiel,
918,Superficie récoltée,"Manioc, frais",2013,ha,256695.0,A,Chiffre officiel,
919,Rendement,"Manioc, frais",2013,kg/ha,3517.2,A,Chiffre officiel,
920,Production,"Manioc, frais",2013,tonnes,902860.0,A,Chiffre officiel,
921,Superficie récoltée,"Manioc, frais",2014,ha,282589.0,A,Chiffre officiel,
922,Rendement,"Manioc, frais",2014,kg/ha,4080.5,A,Chiffre officiel,
923,Production,"Manioc, frais",2014,tonnes,1153109.0,A,Chiffre officiel,
924,Superficie récoltée,"Manioc, frais",2015,ha,265293.0,A,Chiffre officiel,
925,Rendement,"Manioc, frais",2015,kg/ha,3916.9,A,Chiffre officiel,
926,Production,"Manioc, frais",2015,tonnes,1039135.0,A,Chiffre officiel,
927,Superficie récoltée,"Manioc, frais",2016,ha,270422.0,A,Chiffre officiel,
928,Rendement,"Manioc, frais",2016,kg/ha,3799.5,A,Chiffre officiel,
929,Production,"Manioc, frais",2016,tonnes,1027476.0,A,Chiffre officiel,
930,Superficie récoltée,"Manioc, frais",2017,ha,267020.0,A,Chiffre officiel,
931,Rendement,"Manioc, frais",2017,kg/ha,3901.1,A,Chiffre officiel,
932,Production,"Manioc, frais",2017,tonnes,1041682.0,A,Chiffre officiel,
933,Superficie récoltée,"Manioc, frais",2018,ha,273679.0,A,Chiffre officiel,
934,Rendement,"Manioc, frais",2018,kg/ha,3980.8,A,Chiffre officiel,
935,Production,"Manioc, frais",2018,tonnes,1089472.0,A,Chiffre officiel,
936,Superficie récoltée,"Manioc, frais",2019,ha,283019.0,A,Chiffre officiel,
937,Rendement,"Manioc, frais",2019,kg/ha,3949.8,A,Chiffre officiel,
938,Production,"Manioc, frais",2019,tonnes,1117880.0,A,Chiffre officiel,
939,Superficie récoltée,"Manioc, frais",2020,ha,294061.0,A,Chiffre officiel,
940,Rendement,"Manioc, frais",2020,kg/ha,3938.1,A,Chiffre officiel,
941,Production,"Manioc, frais",2020,tonnes,1158044.0,A,Chiffre officiel,
942,Superficie récoltée,"Manioc, frais",2021,ha,302742.0,A,Chiffre officiel,
943,Rendement,"Manioc, frais",2021,kg/ha,3977.8,A,Chiffre officiel,
944,Production,"Manioc, frais",2021,tonnes,1204249.0,A,Chiffre officiel,
945,Superficie récoltée,"Manioc, frais",2022,ha,305160.0,A,Chiffre officiel,
946,Rendement,"Manioc, frais",2022,kg/ha,4013.1,A,Chiffre officiel,
947,Production,"Manioc, frais",2022,tonnes,1224641.0,A,Chiffre officiel,
948,Superficie récoltée,"Manioc, frais",2023,ha,317243.0,I,Valeur imputée par une agence réceptrice,
949,Rendement,"Manioc, frais",2023,kg/ha,3924.4,E,Valeur estimée,
950,Production,"Manioc, frais",2023,tonnes,1245000.94,I,Valeur imputée par une agence réceptrice,
951,Superficie récoltée,"Manioc, frais",2024,ha,333367.0,I,Valeur imputée par une agence réceptrice,
952,Rendement,"Manioc, frais",2024,kg/ha,3800.8,E,Valeur estimée,
953,Production,"Manioc, frais",2024,tonnes,1267066.17,I,Valeur imputée par une agence réceptrice,
954,Superficie récoltée,Mils,2010,ha,73776.0,A,Chiffre officiel,
955,Rendement,Mils,2010,kg/ha,694.9,A,Chiffre officiel,
956,Production,Mils,2010,tonnes,51265.0,A,Chiffre officiel,
957,Superficie récoltée,Mils,2011,ha,73356.0,A,Chiffre officiel,
958,Rendement,Mils,2011,kg/ha,686.5,A,Chiffre officiel,
959,Production,Mils,2011,tonnes,50362.0,A,Chiffre officiel,
960,Superficie récoltée,Mils,2012,ha,56988.0,A,Chiffre officiel,
961,Rendement,Mils,2012,kg/ha,486.1,A,Chiffre officiel,
962,Production,Mils,2012,tonnes,27703.0,A,Chiffre officiel,
963,Superficie récoltée,Mils,2013,ha,50523.0,A,Chiffre officiel,
964,Rendement,Mils,2013,kg/ha,1275.5,A,Chiffre officiel,
965,Production,Mils,2013,tonnes,64441.0,A,Chiffre officiel,
966,Superficie récoltée,Mils,2014,ha,28081.0,A,Chiffre officiel,
967,Rendement,Mils,2014,kg/ha,624.7,A,Chiffre officiel,
968,Production,Mils,2014,tonnes,17542.0,A,Chiffre officiel,
969,Superficie récoltée,Mils,2015,ha,48402.0,A,Chiffre officiel,
970,Rendement,Mils,2015,kg/ha,798.8,A,Chiffre officiel,
971,Production,Mils,2015,tonnes,38664.0,A,Chiffre officiel,
972,Superficie récoltée,Mils,2016,ha,37904.0,A,Chiffre officiel,
973,Rendement,Mils,2016,kg/ha,628.9,A,Chiffre officiel,
974,Production,Mils,2016,tonnes,23838.0,A,Chiffre officiel,
975,Superficie récoltée,Mils,2017,ha,43912.0,A,Chiffre officiel,
976,Rendement,Mils,2017,kg/ha,593.1,A,Chiffre officiel,
977,Production,Mils,2017,tonnes,26044.0,A,Chiffre officiel,
978,Superficie récoltée,Mils,2018,ha,44106.0,A,Chiffre officiel,
979,Rendement,Mils,2018,kg/ha,591.3,A,Chiffre officiel,
980,Production,Mils,2018,tonnes,26082.0,A,Chiffre officiel,
981,Superficie récoltée,Mils,2019,ha,45614.0,A,Chiffre officiel,
982,Rendement,Mils,2019,kg/ha,587.7,A,Chiffre officiel,
983,Production,Mils,2019,tonnes,26806.0,A,Chiffre officiel,
984,Superficie récoltée,Mils,2020,ha,45385.0,A,Chiffre officiel,
985,Rendement,Mils,2020,kg/ha,600.1,A,Chiffre officiel,
986,Production,Mils,2020,tonnes,27237.0,A,Chiffre officiel,
987,Superficie récoltée,Mils,2021,ha,46596.0,A,Chiffre officiel,
988,Rendement,Mils,2021,kg/ha,593.1,A,Chiffre officiel,
989,Production,Mils,2021,tonnes,27636.0,A,Chiffre officiel,
990,Superficie récoltée,Mils,2022,ha,46942.0,A,Chiffre officiel,
991,Rendement,Mils,2022,kg/ha,594.7,A,Chiffre officiel,
992,Production,Mils,2022,tonnes,27915.0,A,Chiffre officiel,
993,Superficie récoltée,Mils,2023,ha,39000.0,X,Chiffre de source externe,Chiffre non officiel
994,Rendement,Mils,2023,kg/ha,743.6,X,Chiffre de source externe,
995,Production,Mils,2023,tonnes,29000.0,X,Chiffre de source externe,Chiffre non officiel
996,Superficie récoltée,Mils,2024,ha,47000.0,X,Chiffre de source externe,Chiffre non officiel
997,Rendement,Mils,2024,kg/ha,595.7,X,Chiffre de source externe,
998,Production,Mils,2024,tonnes,28000.0,X,Chiffre de source externe,Chiffre non officiel
999,Superficie récoltée,Noix d'acajou non décortiquées,2010,ha,3500.0,E,Valeur estimée,
1000,Rendement,Noix d'acajou non décortiquées,2010,kg/ha,1400.0,E,Valeur estimée,
1001,Production,Noix d'acajou non décortiquées,2010,tonnes,4900.0,E,Valeur estimée,
1002,Superficie récoltée,Noix d'acajou non décortiquées,2011,ha,4700.0,E,Valeur estimée,
1003,Rendement,Noix d'acajou non décortiquées,2011,kg/ha,1425.5,E,Valeur estimée,
1004,Production,Noix d'acajou non décortiquées,2011,tonnes,6700.0,E,Valeur estimée,
1005,Superficie récoltée,Noix d'acajou non décortiquées,2012,ha,4750.0,E,Valeur estimée,
1006,Rendement,Noix d'acajou non décortiquées,2012,kg/ha,1431.6,E,Valeur estimée,
1007,Production,Noix d'acajou non décortiquées,2012,tonnes,6800.0,E,Valeur estimée,
1008,Superficie récoltée,Noix d'acajou non décortiquées,2013,ha,4919.0,I,Valeur imputée par une agence réceptrice,
1009,Rendement,Noix d'acajou non décortiquées,2013,kg/ha,1446.2,E,Valeur estimée,
1010,Production,Noix d'acajou non décortiquées,2013,tonnes,7113.24,I,Valeur imputée par une agence réceptrice,
1011,Superficie récoltée,Noix d'acajou non décortiquées,2014,ha,5073.0,I,Valeur imputée par une agence réceptrice,
1012,Rendement,Noix d'acajou non décortiquées,2014,kg/ha,1462.9,E,Valeur estimée,
1013,Production,Noix d'acajou non décortiquées,2014,tonnes,7421.14,I,Valeur imputée par une agence réceptrice,
1014,Superficie récoltée,Noix d'acajou non décortiquées,2015,ha,5931.0,I,Valeur imputée par une agence réceptrice,
1015,Rendement,Noix d'acajou non décortiquées,2015,kg/ha,1500.6,E,Valeur estimée,
1016,Production,Noix d'acajou non décortiquées,2015,tonnes,8899.92,I,Valeur imputée par une agence réceptrice,
1017,Superficie récoltée,Noix d'acajou non décortiquées,2016,ha,5307.0,E,Valeur estimée,
1018,Rendement,Noix d'acajou non décortiquées,2016,kg/ha,1471.8,E,Valeur estimée,
1019,Production,Noix d'acajou non décortiquées,2016,tonnes,7811.43,E,Valeur estimée,
1020,Superficie récoltée,Noix d'acajou non décortiquées,2017,ha,5383.0,I,Valeur imputée par une agence réceptrice,
1021,Rendement,Noix d'acajou non décortiquées,2017,kg/ha,1469.2,E,Valeur estimée,
1022,Production,Noix d'acajou non décortiquées,2017,tonnes,7908.77,I,Valeur imputée par une agence réceptrice,
1023,Superficie récoltée,Noix d'acajou non décortiquées,2018,ha,5337.0,I,Valeur imputée par une agence réceptrice,
1024,Rendement,Noix d'acajou non décortiquées,2018,kg/ha,1476.7,E,Valeur estimée,
1025,Production,Noix d'acajou non décortiquées,2018,tonnes,7881.37,I,Valeur imputée par une agence réceptrice,
1026,Superficie récoltée,Noix d'acajou non décortiquées,2019,ha,5333.0,I,Valeur imputée par une agence réceptrice,
1027,Rendement,Noix d'acajou non décortiquées,2019,kg/ha,1487.2,E,Valeur estimée,
1028,Production,Noix d'acajou non décortiquées,2019,tonnes,7930.36,I,Valeur imputée par une agence réceptrice,
1029,Superficie récoltée,Noix d'acajou non décortiquées,2020,ha,5313.0,I,Valeur imputée par une agence réceptrice,
1030,Rendement,Noix d'acajou non décortiquées,2020,kg/ha,1504.0,E,Valeur estimée,
1031,Production,Noix d'acajou non décortiquées,2020,tonnes,7990.9,I,Valeur imputée par une agence réceptrice,
1032,Superficie récoltée,Noix d'acajou non décortiquées,2021,ha,5378.0,I,Valeur imputée par une agence réceptrice,
1033,Rendement,Noix d'acajou non décortiquées,2021,kg/ha,1538.8,E,Valeur estimée,
1034,Production,Noix d'acajou non décortiquées,2021,tonnes,8275.0,I,Valeur imputée par une agence réceptrice,
1035,Superficie récoltée,Noix d'acajou non décortiquées,2022,ha,5431.0,I,Valeur imputée par une agence réceptrice,
1036,Rendement,Noix d'acajou non décortiquées,2022,kg/ha,1520.4,E,Valeur estimée,
1037,Production,Noix d'acajou non décortiquées,2022,tonnes,8256.74,I,Valeur imputée par une agence réceptrice,
1038,Superficie récoltée,Noix d'acajou non décortiquées,2023,ha,5455.0,I,Valeur imputée par une agence réceptrice,
1039,Rendement,Noix d'acajou non décortiquées,2023,kg/ha,1527.3,E,Valeur estimée,
1040,Production,Noix d'acajou non décortiquées,2023,tonnes,8331.36,I,Valeur imputée par une agence réceptrice,
1041,Superficie récoltée,Noix d'acajou non décortiquées,2024,ha,5479.0,I,Valeur imputée par une agence réceptrice,
1042,Rendement,Noix d'acajou non décortiquées,2024,kg/ha,1534.2,E,Valeur estimée,
1043,Production,Noix d'acajou non décortiquées,2024,tonnes,8405.97,I,Valeur imputée par une agence réceptrice,
1044,Superficie récoltée,Noix de coco,2010,ha,3600.0,E,Valeur estimée,
1045,Rendement,Noix de coco,2010,kg/ha,3847.2,E,Valeur estimée,
1046,Production,Noix de coco,2010,tonnes,13850.0,X,Chiffre de source externe,Chiffre non officiel
1047,Superficie récoltée,Noix de coco,2011,ha,4121.0,I,Valeur imputée par une agence réceptrice,
1048,Rendement,Noix de coco,2011,kg/ha,3397.3,E,Valeur estimée,
1049,Production,Noix de coco,2011,tonnes,14000.0,A,Chiffre officiel,
1050,Superficie récoltée,Noix de coco,2012,ha,4750.0,E,Valeur estimée,
1051,Rendement,Noix de coco,2012,kg/ha,2946.7,E,Valeur estimée,
1052,Production,Noix de coco,2012,tonnes,13997.0,X,Chiffre de source externe,Chiffre non officiel
1053,Superficie récoltée,Noix de coco,2013,ha,4500.0,E,Valeur estimée,
1054,Rendement,Noix de coco,2013,kg/ha,2895.6,E,Valeur estimée,
1055,Production,Noix de coco,2013,tonnes,13030.0,X,Chiffre de source externe,Chiffre non officiel
1056,Superficie récoltée,Noix de coco,2014,ha,3511.0,I,Valeur imputée par une agence réceptrice,
1057,Rendement,Noix de coco,2014,kg/ha,2962.2,E,Valeur estimée,
1058,Production,Noix de coco,2014,tonnes,10400.0,X,Chiffre de source externe,Chiffre non officiel
1059,Superficie récoltée,Noix de coco,2015,ha,3144.0,I,Valeur imputée par une agence réceptrice,
1060,Rendement,Noix de coco,2015,kg/ha,3308.1,E,Valeur estimée,
1061,Production,Noix de coco,2015,tonnes,10400.0,X,Chiffre de source externe,Chiffre non officiel
1062,Superficie récoltée,Noix de coco,2016,ha,3063.0,I,Valeur imputée par une agence réceptrice,
1063,Rendement,Noix de coco,2016,kg/ha,3656.5,E,Valeur estimée,
1064,Production,Noix de coco,2016,tonnes,11200.0,X,Chiffre de source externe,Chiffre non officiel
1065,Superficie récoltée,Noix de coco,2017,ha,2971.0,I,Valeur imputée par une agence réceptrice,
1066,Rendement,Noix de coco,2017,kg/ha,3769.9,E,Valeur estimée,
1067,Production,Noix de coco,2017,tonnes,11200.0,X,Chiffre de source externe,Chiffre non officiel
1068,Superficie récoltée,Noix de coco,2018,ha,2920.0,I,Valeur imputée par une agence réceptrice,
1069,Rendement,Noix de coco,2018,kg/ha,3835.5,E,Valeur estimée,
1070,Production,Noix de coco,2018,tonnes,11200.0,X,Chiffre de source externe,Chiffre non officiel
1071,Superficie récoltée,Noix de coco,2019,ha,2876.0,I,Valeur imputée par une agence réceptrice,
1072,Rendement,Noix de coco,2019,kg/ha,3825.4,E,Valeur estimée,
1073,Production,Noix de coco,2019,tonnes,11000.0,X,Chiffre de source externe,Chiffre non officiel
1074,Superficie récoltée,Noix de coco,2020,ha,2895.0,I,Valeur imputée par une agence réceptrice,
1075,Rendement,Noix de coco,2020,kg/ha,3799.7,E,Valeur estimée,
1076,Production,Noix de coco,2020,tonnes,11000.0,X,Chiffre de source externe,Chiffre non officiel
1077,Superficie récoltée,Noix de coco,2021,ha,3653.0,I,Valeur imputée par une agence réceptrice,
1078,Rendement,Noix de coco,2021,kg/ha,3615.3,E,Valeur estimée,
1079,Production,Noix de coco,2021,tonnes,13205.28,X,Chiffre de source externe,Chiffre non officiel
1080,Superficie récoltée,Noix de coco,2022,ha,3942.0,I,Valeur imputée par une agence réceptrice,
1081,Rendement,Noix de coco,2022,kg/ha,3654.5,E,Valeur estimée,
1082,Production,Noix de coco,2022,tonnes,14405.0,X,Chiffre de source externe,Chiffre non officiel
1083,Superficie récoltée,Noix de coco,2023,ha,3919.0,I,Valeur imputée par une agence réceptrice,
1084,Rendement,Noix de coco,2023,kg/ha,3674.1,E,Valeur estimée,
1085,Production,Noix de coco,2023,tonnes,14400.0,X,Chiffre de source externe,Chiffre non officiel
1086,Superficie récoltée,Noix de coco,2024,ha,3877.0,I,Valeur imputée par une agence réceptrice,
1087,Rendement,Noix de coco,2024,kg/ha,3693.7,E,Valeur estimée,
1088,Production,Noix de coco,2024,tonnes,14321.1,I,Valeur imputée par une agence réceptrice,
1089,Superficie récoltée,Noix de karite,2010,ha,3210.0,E,Valeur estimée,
1090,Rendement,Noix de karite,2010,kg/ha,3504.7,E,Valeur estimée,
1091,Production,Noix de karite,2010,tonnes,11250.0,E,Valeur estimée,
1092,Superficie récoltée,Noix de karite,2011,ha,3200.0,E,Valeur estimée,
1093,Rendement,Noix de karite,2011,kg/ha,3500.0,E,Valeur estimée,
1094,Production,Noix de karite,2011,tonnes,11200.0,E,Valeur estimée,
1095,Superficie récoltée,Noix de karite,2012,ha,3250.0,E,Valeur estimée,
1096,Rendement,Noix de karite,2012,kg/ha,3692.3,E,Valeur estimée,
1097,Production,Noix de karite,2012,tonnes,12000.0,E,Valeur estimée,
1098,Superficie récoltée,Noix de karite,2013,ha,3300.0,E,Valeur estimée,
1099,Rendement,Noix de karite,2013,kg/ha,3878.8,E,Valeur estimée,
1100,Production,Noix de karite,2013,tonnes,12800.0,E,Valeur estimée,
1101,Superficie récoltée,Noix de karite,2014,ha,3170.0,I,Valeur imputée par une agence réceptrice,
1102,Rendement,Noix de karite,2014,kg/ha,3946.9,E,Valeur estimée,
1103,Production,Noix de karite,2014,tonnes,12509.93,I,Valeur imputée par une agence réceptrice,
1104,Superficie récoltée,Noix de karite,2015,ha,3210.0,I,Valeur imputée par une agence réceptrice,
1105,Rendement,Noix de karite,2015,kg/ha,3964.6,E,Valeur estimée,
1106,Production,Noix de karite,2015,tonnes,12725.56,I,Valeur imputée par une agence réceptrice,
1107,Superficie récoltée,Noix de karite,2016,ha,3237.0,I,Valeur imputée par une agence réceptrice,
1108,Rendement,Noix de karite,2016,kg/ha,4038.8,E,Valeur estimée,
1109,Production,Noix de karite,2016,tonnes,13073.97,I,Valeur imputée par une agence réceptrice,
1110,Superficie récoltée,Noix de karite,2017,ha,3243.0,I,Valeur imputée par une agence réceptrice,
1111,Rendement,Noix de karite,2017,kg/ha,4115.5,E,Valeur estimée,
1112,Production,Noix de karite,2017,tonnes,13347.36,I,Valeur imputée par une agence réceptrice,
1113,Superficie récoltée,Noix de karite,2018,ha,3235.0,I,Valeur imputée par une agence réceptrice,
1114,Rendement,Noix de karite,2018,kg/ha,4198.0,E,Valeur estimée,
1115,Production,Noix de karite,2018,tonnes,13580.49,I,Valeur imputée par une agence réceptrice,
1116,Superficie récoltée,Noix de karite,2019,ha,3253.0,I,Valeur imputée par une agence réceptrice,
1117,Rendement,Noix de karite,2019,kg/ha,4268.0,E,Valeur estimée,
1118,Production,Noix de karite,2019,tonnes,13882.08,I,Valeur imputée par une agence réceptrice,
1119,Superficie récoltée,Noix de karite,2020,ha,3278.0,I,Valeur imputée par une agence réceptrice,
1120,Rendement,Noix de karite,2020,kg/ha,4149.6,E,Valeur estimée,
1121,Production,Noix de karite,2020,tonnes,13603.31,E,Valeur estimée,
1122,Superficie récoltée,Noix de karite,2021,ha,3276.0,I,Valeur imputée par une agence réceptrice,
1123,Rendement,Noix de karite,2021,kg/ha,4178.3,E,Valeur estimée,
1124,Production,Noix de karite,2021,tonnes,13688.62,E,Valeur estimée,
1125,Superficie récoltée,Noix de karite,2022,ha,3162.0,I,Valeur imputée par une agence réceptrice,
1126,Rendement,Noix de karite,2022,kg/ha,4340.2,E,Valeur estimée,
1127,Production,Noix de karite,2022,tonnes,13724.67,E,Valeur estimée,
1128,Superficie récoltée,Noix de karite,2023,ha,3153.0,I,Valeur imputée par une agence réceptrice,
1129,Rendement,Noix de karite,2023,kg/ha,4336.6,E,Valeur estimée,
1130,Production,Noix de karite,2023,tonnes,13672.2,E,Valeur estimée,
1131,Superficie récoltée,Noix de karite,2024,ha,3141.0,I,Valeur imputée par une agence réceptrice,
1132,Rendement,Noix de karite,2024,kg/ha,4359.9,E,Valeur estimée,
1133,Production,Noix de karite,2024,tonnes,13695.16,E,Valeur estimée,
1134,Superficie récoltée,"Noix de muscade, fleur de muscade, cardamomes, crues",2010,ha,35.0,E,Valeur estimée,
1135,Rendement,"Noix de muscade, fleur de muscade, cardamomes, crues",2010,kg/ha,857.1,E,Valeur estimée,
1136,Production,"Noix de muscade, fleur de muscade, cardamomes, crues",2010,tonnes,30.0,E,Valeur estimée,
1137,Superficie récoltée,"Noix de muscade, fleur de muscade, cardamomes, crues",2011,ha,35.0,E,Valeur estimée,
1138,Rendement,"Noix de muscade, fleur de muscade, cardamomes, crues",2011,kg/ha,863.6,E,Valeur estimée,
1139,Production,"Noix de muscade, fleur de muscade, cardamomes, crues",2011,tonnes,30.23,I,Valeur imputée par une agence réceptrice,
1140,Superficie récoltée,"Noix de muscade, fleur de muscade, cardamomes, crues",2012,ha,38.0,E,Valeur estimée,
1141,Rendement,"Noix de muscade, fleur de muscade, cardamomes, crues",2012,kg/ha,842.1,E,Valeur estimée,
1142,Production,"Noix de muscade, fleur de muscade, cardamomes, crues",2012,tonnes,32.0,E,Valeur estimée,
1143,Superficie récoltée,"Noix de muscade, fleur de muscade, cardamomes, crues",2013,ha,36.0,I,Valeur imputée par une agence réceptrice,
1144,Rendement,"Noix de muscade, fleur de muscade, cardamomes, crues",2013,kg/ha,884.3,E,Valeur estimée,
1145,Production,"Noix de muscade, fleur de muscade, cardamomes, crues",2013,tonnes,31.46,I,Valeur imputée par une agence réceptrice,
1146,Superficie récoltée,"Noix de muscade, fleur de muscade, cardamomes, crues",2014,ha,35.0,I,Valeur imputée par une agence réceptrice,
1147,Rendement,"Noix de muscade, fleur de muscade, cardamomes, crues",2014,kg/ha,921.4,E,Valeur estimée,
1148,Production,"Noix de muscade, fleur de muscade, cardamomes, crues",2014,tonnes,31.84,I,Valeur imputée par une agence réceptrice,
1149,Superficie récoltée,"Noix de muscade, fleur de muscade, cardamomes, crues",2015,ha,34.0,I,Valeur imputée par une agence réceptrice,
1150,Rendement,"Noix de muscade, fleur de muscade, cardamomes, crues",2015,kg/ha,958.1,E,Valeur estimée,
1151,Production,"Noix de muscade, fleur de muscade, cardamomes, crues",2015,tonnes,32.88,I,Valeur imputée par une agence réceptrice,
1152,Superficie récoltée,"Noix de muscade, fleur de muscade, cardamomes, crues",2016,ha,34.0,I,Valeur imputée par une agence réceptrice,
1153,Rendement,"Noix de muscade, fleur de muscade, cardamomes, crues",2016,kg/ha,983.2,E,Valeur estimée,
1154,Production,"Noix de muscade, fleur de muscade, cardamomes, crues",2016,tonnes,33.61,I,Valeur imputée par une agence réceptrice,
1155,Superficie récoltée,"Noix de muscade, fleur de muscade, cardamomes, crues",2017,ha,34.0,I,Valeur imputée par une agence réceptrice,
1156,Rendement,"Noix de muscade, fleur de muscade, cardamomes, crues",2017,kg/ha,1004.1,E,Valeur estimée,
1157,Production,"Noix de muscade, fleur de muscade, cardamomes, crues",2017,tonnes,34.23,I,Valeur imputée par une agence réceptrice,
1158,Superficie récoltée,"Noix de muscade, fleur de muscade, cardamomes, crues",2018,ha,34.0,I,Valeur imputée par une agence réceptrice,
1159,Rendement,"Noix de muscade, fleur de muscade, cardamomes, crues",2018,kg/ha,1024.6,E,Valeur estimée,
1160,Production,"Noix de muscade, fleur de muscade, cardamomes, crues",2018,tonnes,34.97,I,Valeur imputée par une agence réceptrice,
1161,Superficie récoltée,"Noix de muscade, fleur de muscade, cardamomes, crues",2019,ha,34.0,I,Valeur imputée par une agence réceptrice,
1162,Rendement,"Noix de muscade, fleur de muscade, cardamomes, crues",2019,kg/ha,1045.0,E,Valeur estimée,
1163,Production,"Noix de muscade, fleur de muscade, cardamomes, crues",2019,tonnes,35.82,I,Valeur imputée par une agence réceptrice,
1164,Superficie récoltée,"Noix de muscade, fleur de muscade, cardamomes, crues",2020,ha,34.0,I,Valeur imputée par une agence réceptrice,
1165,Rendement,"Noix de muscade, fleur de muscade, cardamomes, crues",2020,kg/ha,1019.3,E,Valeur estimée,
1166,Production,"Noix de muscade, fleur de muscade, cardamomes, crues",2020,tonnes,35.01,E,Valeur estimée,
1167,Superficie récoltée,"Noix de muscade, fleur de muscade, cardamomes, crues",2021,ha,34.0,I,Valeur imputée par une agence réceptrice,
1168,Rendement,"Noix de muscade, fleur de muscade, cardamomes, crues",2021,kg/ha,1034.7,E,Valeur estimée,
1169,Production,"Noix de muscade, fleur de muscade, cardamomes, crues",2021,tonnes,35.27,E,Valeur estimée,
1170,Superficie récoltée,"Noix de muscade, fleur de muscade, cardamomes, crues",2022,ha,33.0,I,Valeur imputée par une agence réceptrice,
1171,Rendement,"Noix de muscade, fleur de muscade, cardamomes, crues",2022,kg/ha,1066.9,E,Valeur estimée,
1172,Production,"Noix de muscade, fleur de muscade, cardamomes, crues",2022,tonnes,35.37,E,Valeur estimée,
1173,Superficie récoltée,"Noix de muscade, fleur de muscade, cardamomes, crues",2023,ha,33.0,I,Valeur imputée par une agence réceptrice,
1174,Rendement,"Noix de muscade, fleur de muscade, cardamomes, crues",2023,kg/ha,1065.7,E,Valeur estimée,
1175,Production,"Noix de muscade, fleur de muscade, cardamomes, crues",2023,tonnes,35.21,E,Valeur estimée,
1176,Superficie récoltée,"Noix de muscade, fleur de muscade, cardamomes, crues",2024,ha,33.0,I,Valeur imputée par une agence réceptrice,
1177,Rendement,"Noix de muscade, fleur de muscade, cardamomes, crues",2024,kg/ha,1070.4,E,Valeur estimée,
1178,Production,"Noix de muscade, fleur de muscade, cardamomes, crues",2024,tonnes,35.28,E,Valeur estimée,
1179,Superficie récoltée,Oranges,2010,ha,2998.0,I,Valeur imputée par une agence réceptrice,
1180,Rendement,Oranges,2010,kg/ha,4603.6,E,Valeur estimée,
1181,Production,Oranges,2010,tonnes,13800.0,E,Valeur estimée,
1182,Superficie récoltée,Oranges,2011,ha,3049.0,I,Valeur imputée par une agence réceptrice,
1183,Rendement,Oranges,2011,kg/ha,4591.7,E,Valeur estimée,
1184,Production,Oranges,2011,tonnes,14000.0,E,Valeur estimée,
1185,Superficie récoltée,Oranges,2012,ha,3200.0,E,Valeur estimée,
1186,Rendement,Oranges,2012,kg/ha,4531.3,E,Valeur estimée,
1187,Production,Oranges,2012,tonnes,14500.0,E,Valeur estimée,
1188,Superficie récoltée,Oranges,2013,ha,3065.0,I,Valeur imputée par une agence réceptrice,
1189,Rendement,Oranges,2013,kg/ha,4582.6,E,Valeur estimée,
1190,Production,Oranges,2013,tonnes,14044.36,I,Valeur imputée par une agence réceptrice,
1191,Superficie récoltée,Oranges,2014,ha,3066.0,I,Valeur imputée par une agence réceptrice,
1192,Rendement,Oranges,2014,kg/ha,4604.6,E,Valeur estimée,
1193,Production,Oranges,2014,tonnes,14117.52,I,Valeur imputée par une agence réceptrice,
1194,Superficie récoltée,Oranges,2015,ha,3246.0,I,Valeur imputée par une agence réceptrice,
1195,Rendement,Oranges,2015,kg/ha,4599.6,E,Valeur estimée,
1196,Production,Oranges,2015,tonnes,14929.45,I,Valeur imputée par une agence réceptrice,
1197,Superficie récoltée,Oranges,2016,ha,3196.0,I,Valeur imputée par une agence réceptrice,
1198,Rendement,Oranges,2016,kg/ha,4604.5,E,Valeur estimée,
1199,Production,Oranges,2016,tonnes,14715.72,I,Valeur imputée par une agence réceptrice,
1200,Superficie récoltée,Oranges,2017,ha,3191.0,I,Valeur imputée par une agence réceptrice,
1201,Rendement,Oranges,2017,kg/ha,4610.2,E,Valeur estimée,
1202,Production,Oranges,2017,tonnes,14710.52,I,Valeur imputée par une agence réceptrice,
1203,Superficie récoltée,Oranges,2018,ha,3191.0,I,Valeur imputée par une agence réceptrice,
1204,Rendement,Oranges,2018,kg/ha,4614.9,E,Valeur estimée,
1205,Production,Oranges,2018,tonnes,14725.57,I,Valeur imputée par une agence réceptrice,
1206,Superficie récoltée,Oranges,2019,ha,3188.0,I,Valeur imputée par une agence réceptrice,
1207,Rendement,Oranges,2019,kg/ha,4619.2,E,Valeur estimée,
1208,Production,Oranges,2019,tonnes,14727.02,I,Valeur imputée par une agence réceptrice,
1209,Superficie récoltée,Oranges,2020,ha,3184.0,I,Valeur imputée par une agence réceptrice,
1210,Rendement,Oranges,2020,kg/ha,4626.2,E,Valeur estimée,
1211,Production,Oranges,2020,tonnes,14730.83,I,Valeur imputée par une agence réceptrice,
1212,Superficie récoltée,Oranges,2021,ha,3205.0,I,Valeur imputée par une agence réceptrice,
1213,Rendement,Oranges,2021,kg/ha,4632.3,E,Valeur estimée,
1214,Production,Oranges,2021,tonnes,14844.78,I,Valeur imputée par une agence réceptrice,
1215,Superficie récoltée,Oranges,2022,ha,3211.0,I,Valeur imputée par une agence réceptrice,
1216,Rendement,Oranges,2022,kg/ha,4632.9,E,Valeur estimée,
1217,Production,Oranges,2022,tonnes,14876.13,I,Valeur imputée par une agence réceptrice,
1218,Superficie récoltée,Oranges,2023,ha,3217.0,I,Valeur imputée par une agence réceptrice,
1219,Rendement,Oranges,2023,kg/ha,4636.7,E,Valeur estimée,
1220,Production,Oranges,2023,tonnes,14915.3,I,Valeur imputée par une agence réceptrice,
1221,Superficie récoltée,Oranges,2024,ha,3223.0,I,Valeur imputée par une agence réceptrice,
1222,Rendement,Oranges,2024,kg/ha,4640.5,E,Valeur estimée,
1223,Production,Oranges,2024,tonnes,14954.47,I,Valeur imputée par une agence réceptrice,
1224,Production,Palmistes,2010,tonnes,41011.0,A,Chiffre officiel,
1225,Production,Palmistes,2011,tonnes,41000.0,A,Chiffre officiel,
1226,Production,Palmistes,2012,tonnes,41000.0,A,Chiffre officiel,
1227,Production,Palmistes,2013,tonnes,41000.0,A,Chiffre officiel,
1228,Production,Palmistes,2014,tonnes,41000.0,A,Chiffre officiel,
1229,Production,Palmistes,2015,tonnes,40000.0,E,Valeur estimée,
1230,Production,Palmistes,2016,tonnes,40000.0,E,Valeur estimée,
1231,Production,Palmistes,2017,tonnes,40000.0,E,Valeur estimée,
1232,Production,Palmistes,2018,tonnes,40000.0,E,Valeur estimée,
1233,Production,Palmistes,2019,tonnes,33157.89,I,Valeur imputée par une agence réceptrice,
1234,Production,Palmistes,2020,tonnes,6947.37,I,Valeur imputée par une agence réceptrice,
1235,Production,Palmistes,2021,tonnes,6947.37,I,Valeur imputée par une agence réceptrice,
1236,Production,Palmistes,2022,tonnes,7578.95,I,Valeur imputée par une agence réceptrice,
1237,Production,Palmistes,2023,tonnes,8210.53,I,Valeur imputée par une agence réceptrice,
1238,Superficie récoltée,Patates douces,2010,ha,603.0,A,Chiffre officiel,
1239,Rendement,Patates douces,2010,kg/ha,7882.3,A,Chiffre officiel,
1240,Production,Patates douces,2010,tonnes,4753.0,A,Chiffre officiel,
1241,Superficie récoltée,Patates douces,2011,ha,598.0,A,Chiffre officiel,
1242,Rendement,Patates douces,2011,kg/ha,7926.4,A,Chiffre officiel,
1243,Production,Patates douces,2011,tonnes,4740.0,A,Chiffre officiel,
1244,Superficie récoltée,Patates douces,2012,ha,5984.0,A,Chiffre officiel,
1245,Rendement,Patates douces,2012,kg/ha,3335.1,A,Chiffre officiel,
1246,Production,Patates douces,2012,tonnes,19957.0,A,Chiffre officiel,
1247,Superficie récoltée,Patates douces,2013,ha,5163.0,A,Chiffre officiel,
1248,Rendement,Patates douces,2013,kg/ha,2195.8,A,Chiffre officiel,
1249,Production,Patates douces,2013,tonnes,11337.0,A,Chiffre officiel,
1250,Superficie récoltée,Patates douces,2014,ha,3691.0,A,Chiffre officiel,
1251,Rendement,Patates douces,2014,kg/ha,3114.9,A,Chiffre officiel,
1252,Production,Patates douces,2014,tonnes,11497.0,A,Chiffre officiel,
1253,Superficie récoltée,Patates douces,2015,ha,2326.0,I,Valeur imputée par une agence réceptrice,
1254,Rendement,Patates douces,2015,kg/ha,3568.8,E,Valeur estimée,
1255,Production,Patates douces,2015,tonnes,8301.0,A,Chiffre officiel,
1256,Superficie récoltée,Patates douces,2016,ha,819.0,A,Chiffre officiel,
1257,Rendement,Patates douces,2016,kg/ha,3341.9,A,Chiffre officiel,
1258,Production,Patates douces,2016,tonnes,2737.0,A,Chiffre officiel,
1259,Superficie récoltée,Patates douces,2017,ha,2535.0,A,Chiffre officiel,
1260,Rendement,Patates douces,2017,kg/ha,3444.6,A,Chiffre officiel,
1261,Production,Patates douces,2017,tonnes,8732.0,A,Chiffre officiel,
1262,Superficie récoltée,Patates douces,2018,ha,2348.0,A,Chiffre officiel,
1263,Rendement,Patates douces,2018,kg/ha,3641.8,A,Chiffre officiel,
1264,Production,Patates douces,2018,tonnes,8551.0,A,Chiffre officiel,
1265,Superficie récoltée,Patates douces,2019,ha,2375.0,A,Chiffre officiel,
1266,Rendement,Patates douces,2019,kg/ha,3651.4,A,Chiffre officiel,
1267,Production,Patates douces,2019,tonnes,8672.0,A,Chiffre officiel,
1268,Superficie récoltée,Patates douces,2020,ha,2564.0,A,Chiffre officiel,
1269,Rendement,Patates douces,2020,kg/ha,3628.3,A,Chiffre officiel,
1270,Production,Patates douces,2020,tonnes,9303.0,A,Chiffre officiel,
1271,Superficie récoltée,Patates douces,2021,ha,2666.0,A,Chiffre officiel,
1272,Rendement,Patates douces,2021,kg/ha,3636.2,A,Chiffre officiel,
1273,Production,Patates douces,2021,tonnes,9694.0,A,Chiffre officiel,
1274,Superficie récoltée,Patates douces,2022,ha,2738.0,A,Chiffre officiel,
1275,Rendement,Patates douces,2022,kg/ha,3622.7,A,Chiffre officiel,
1276,Production,Patates douces,2022,tonnes,9919.0,A,Chiffre officiel,
1277,Superficie récoltée,Patates douces,2023,ha,2178.0,I,Valeur imputée par une agence réceptrice,
1278,Rendement,Patates douces,2023,kg/ha,3566.3,E,Valeur estimée,
1279,Production,Patates douces,2023,tonnes,7766.99,I,Valeur imputée par une agence réceptrice,
1280,Superficie récoltée,Patates douces,2024,ha,1933.0,I,Valeur imputée par une agence réceptrice,
1281,Rendement,Patates douces,2024,kg/ha,3296.6,E,Valeur estimée,
1282,Production,Patates douces,2024,tonnes,6373.71,I,Valeur imputée par une agence réceptrice,
1283,Superficie récoltée,"Piments forts et piments, secs (Capsicum spp., Pimenta spp.), crus",2010,ha,7900.0,E,Valeur estimée,
1284,Rendement,"Piments forts et piments, secs (Capsicum spp., Pimenta spp.), crus",2010,kg/ha,379.7,E,Valeur estimée,
1285,Production,"Piments forts et piments, secs (Capsicum spp., Pimenta spp.), crus",2010,tonnes,3000.0,E,Valeur estimée,
1286,Superficie récoltée,"Piments forts et piments, secs (Capsicum spp., Pimenta spp.), crus",2011,ha,7803.0,I,Valeur imputée par une agence réceptrice,
1287,Rendement,"Piments forts et piments, secs (Capsicum spp., Pimenta spp.), crus",2011,kg/ha,406.0,E,Valeur estimée,
1288,Production,"Piments forts et piments, secs (Capsicum spp., Pimenta spp.), crus",2011,tonnes,3167.75,I,Valeur imputée par une agence réceptrice,
1289,Superficie récoltée,"Piments forts et piments, secs (Capsicum spp., Pimenta spp.), crus",2012,ha,7600.0,E,Valeur estimée,
1290,Rendement,"Piments forts et piments, secs (Capsicum spp., Pimenta spp.), crus",2012,kg/ha,421.1,E,Valeur estimée,
1291,Production,"Piments forts et piments, secs (Capsicum spp., Pimenta spp.), crus",2012,tonnes,3200.0,E,Valeur estimée,
1292,Superficie récoltée,"Piments forts et piments, secs (Capsicum spp., Pimenta spp.), crus",2013,ha,7687.0,I,Valeur imputée par une agence réceptrice,
1293,Rendement,"Piments forts et piments, secs (Capsicum spp., Pimenta spp.), crus",2013,kg/ha,420.7,E,Valeur estimée,
1294,Production,"Piments forts et piments, secs (Capsicum spp., Pimenta spp.), crus",2013,tonnes,3233.93,I,Valeur imputée par une agence réceptrice,
1295,Superficie récoltée,"Piments forts et piments, secs (Capsicum spp., Pimenta spp.), crus",2014,ha,7911.0,I,Valeur imputée par une agence réceptrice,
1296,Rendement,"Piments forts et piments, secs (Capsicum spp., Pimenta spp.), crus",2014,kg/ha,417.0,E,Valeur estimée,
1297,Production,"Piments forts et piments, secs (Capsicum spp., Pimenta spp.), crus",2014,tonnes,3298.5,I,Valeur imputée par une agence réceptrice,
1298,Superficie récoltée,"Piments forts et piments, secs (Capsicum spp., Pimenta spp.), crus",2015,ha,8092.0,I,Valeur imputée par une agence réceptrice,
1299,Rendement,"Piments forts et piments, secs (Capsicum spp., Pimenta spp.), crus",2015,kg/ha,418.5,E,Valeur estimée,
1300,Production,"Piments forts et piments, secs (Capsicum spp., Pimenta spp.), crus",2015,tonnes,3386.71,I,Valeur imputée par une agence réceptrice,
1301,Superficie récoltée,"Piments forts et piments, secs (Capsicum spp., Pimenta spp.), crus",2016,ha,8223.0,I,Valeur imputée par une agence réceptrice,
1302,Rendement,"Piments forts et piments, secs (Capsicum spp., Pimenta spp.), crus",2016,kg/ha,418.1,E,Valeur estimée,
1303,Production,"Piments forts et piments, secs (Capsicum spp., Pimenta spp.), crus",2016,tonnes,3437.46,I,Valeur imputée par une agence réceptrice,
1304,Superficie récoltée,"Piments forts et piments, secs (Capsicum spp., Pimenta spp.), crus",2017,ha,8292.0,I,Valeur imputée par une agence réceptrice,
1305,Rendement,"Piments forts et piments, secs (Capsicum spp., Pimenta spp.), crus",2017,kg/ha,420.0,E,Valeur estimée,
1306,Production,"Piments forts et piments, secs (Capsicum spp., Pimenta spp.), crus",2017,tonnes,3482.41,I,Valeur imputée par une agence réceptrice,
1307,Superficie récoltée,"Piments forts et piments, secs (Capsicum spp., Pimenta spp.), crus",2018,ha,8384.0,I,Valeur imputée par une agence réceptrice,
1308,Rendement,"Piments forts et piments, secs (Capsicum spp., Pimenta spp.), crus",2018,kg/ha,420.9,E,Valeur estimée,
1309,Production,"Piments forts et piments, secs (Capsicum spp., Pimenta spp.), crus",2018,tonnes,3528.74,I,Valeur imputée par une agence réceptrice,
1310,Superficie récoltée,"Piments forts et piments, secs (Capsicum spp., Pimenta spp.), crus",2019,ha,8480.0,I,Valeur imputée par une agence réceptrice,
1311,Rendement,"Piments forts et piments, secs (Capsicum spp., Pimenta spp.), crus",2019,kg/ha,421.5,E,Valeur estimée,
1312,Production,"Piments forts et piments, secs (Capsicum spp., Pimenta spp.), crus",2019,tonnes,3574.66,I,Valeur imputée par une agence réceptrice,
1313,Superficie récoltée,"Piments forts et piments, secs (Capsicum spp., Pimenta spp.), crus",2020,ha,8567.0,I,Valeur imputée par une agence réceptrice,
1314,Rendement,"Piments forts et piments, secs (Capsicum spp., Pimenta spp.), crus",2020,kg/ha,422.8,E,Valeur estimée,
1315,Production,"Piments forts et piments, secs (Capsicum spp., Pimenta spp.), crus",2020,tonnes,3621.89,I,Valeur imputée par une agence réceptrice,
1316,Superficie récoltée,"Piments forts et piments, secs (Capsicum spp., Pimenta spp.), crus",2021,ha,8477.0,E,Valeur estimée,
1317,Rendement,"Piments forts et piments, secs (Capsicum spp., Pimenta spp.), crus",2021,kg/ha,421.7,E,Valeur estimée,
1318,Production,"Piments forts et piments, secs (Capsicum spp., Pimenta spp.), crus",2021,tonnes,3575.09,E,Valeur estimée,
1319,Superficie récoltée,"Piments forts et piments, secs (Capsicum spp., Pimenta spp.), crus",2022,ha,8508.0,E,Valeur estimée,
1320,Rendement,"Piments forts et piments, secs (Capsicum spp., Pimenta spp.), crus",2022,kg/ha,422.0,E,Valeur estimée,
1321,Production,"Piments forts et piments, secs (Capsicum spp., Pimenta spp.), crus",2022,tonnes,3590.55,E,Valeur estimée,
1322,Superficie récoltée,"Piments forts et piments, secs (Capsicum spp., Pimenta spp.), crus",2023,ha,8518.0,E,Valeur estimée,
1323,Rendement,"Piments forts et piments, secs (Capsicum spp., Pimenta spp.), crus",2023,kg/ha,422.2,E,Valeur estimée,
1324,Production,"Piments forts et piments, secs (Capsicum spp., Pimenta spp.), crus",2023,tonnes,3595.84,E,Valeur estimée,
1325,Superficie récoltée,"Piments forts et piments, secs (Capsicum spp., Pimenta spp.), crus",2024,ha,8501.0,E,Valeur estimée,
1326,Rendement,"Piments forts et piments, secs (Capsicum spp., Pimenta spp.), crus",2024,kg/ha,422.0,E,Valeur estimée,
1327,Production,"Piments forts et piments, secs (Capsicum spp., Pimenta spp.), crus",2024,tonnes,3587.16,E,Valeur estimée,
1328,Superficie récoltée,"Pois bambara, secs",2010,ha,6906.0,A,Chiffre officiel,
1329,Rendement,"Pois bambara, secs",2010,kg/ha,952.6,A,Chiffre officiel,
1330,Production,"Pois bambara, secs",2010,tonnes,6579.0,A,Chiffre officiel,
1331,Superficie récoltée,"Pois bambara, secs",2011,ha,6989.0,A,Chiffre officiel,
1332,Rendement,"Pois bambara, secs",2011,kg/ha,1006.4,A,Chiffre officiel,
1333,Production,"Pois bambara, secs",2011,tonnes,7034.0,A,Chiffre officiel,
1334,Superficie récoltée,"Pois bambara, secs",2012,ha,18601.0,A,Chiffre officiel,
1335,Rendement,"Pois bambara, secs",2012,kg/ha,324.3,A,Chiffre officiel,
1336,Production,"Pois bambara, secs",2012,tonnes,6032.0,A,Chiffre officiel,
1337,Superficie récoltée,"Pois bambara, secs",2013,ha,21612.0,A,Chiffre officiel,
1338,Rendement,"Pois bambara, secs",2013,kg/ha,292.9,A,Chiffre officiel,
1339,Production,"Pois bambara, secs",2013,tonnes,6331.0,A,Chiffre officiel,
1340,Superficie récoltée,"Pois bambara, secs",2014,ha,20601.0,A,Chiffre officiel,
1341,Rendement,"Pois bambara, secs",2014,kg/ha,901.3,A,Chiffre officiel,
1342,Production,"Pois bambara, secs",2014,tonnes,18568.0,A,Chiffre officiel,
1343,Superficie récoltée,"Pois bambara, secs",2015,ha,22682.0,I,Valeur imputée par une agence réceptrice,
1344,Rendement,"Pois bambara, secs",2015,kg/ha,818.6,E,Valeur estimée,
1345,Production,"Pois bambara, secs",2015,tonnes,18568.0,A,Chiffre officiel,
1346,Superficie récoltée,"Pois bambara, secs",2016,ha,27645.0,A,Chiffre officiel,
1347,Rendement,"Pois bambara, secs",2016,kg/ha,750.0,A,Chiffre officiel,
1348,Production,"Pois bambara, secs",2016,tonnes,20734.0,A,Chiffre officiel,
1349,Superficie récoltée,"Pois bambara, secs",2017,ha,26702.0,A,Chiffre officiel,
1350,Rendement,"Pois bambara, secs",2017,kg/ha,757.1,A,Chiffre officiel,
1351,Production,"Pois bambara, secs",2017,tonnes,20217.0,A,Chiffre officiel,
1352,Superficie récoltée,"Pois bambara, secs",2018,ha,26422.0,A,Chiffre officiel,
1353,Rendement,"Pois bambara, secs",2018,kg/ha,762.8,A,Chiffre officiel,
1354,Production,"Pois bambara, secs",2018,tonnes,20154.0,A,Chiffre officiel,
1355,Superficie récoltée,"Pois bambara, secs",2019,ha,26422.0,A,Chiffre officiel,
1356,Rendement,"Pois bambara, secs",2019,kg/ha,762.8,A,Chiffre officiel,
1357,Production,"Pois bambara, secs",2019,tonnes,20154.0,A,Chiffre officiel,
1358,Superficie récoltée,"Pois bambara, secs",2020,ha,26515.0,E,Valeur estimée,
1359,Rendement,"Pois bambara, secs",2020,kg/ha,770.4,E,Valeur estimée,
1360,Production,"Pois bambara, secs",2020,tonnes,20428.07,I,Valeur imputée par une agence réceptrice,
1361,Superficie récoltée,"Pois bambara, secs",2021,ha,25816.0,I,Valeur imputée par une agence réceptrice,
1362,Rendement,"Pois bambara, secs",2021,kg/ha,784.2,E,Valeur estimée,
1363,Production,"Pois bambara, secs",2021,tonnes,20245.36,E,Valeur estimée,
1364,Superficie récoltée,"Pois bambara, secs",2022,ha,26251.0,E,Valeur estimée,
1365,Rendement,"Pois bambara, secs",2022,kg/ha,772.4,E,Valeur estimée,
1366,Production,"Pois bambara, secs",2022,tonnes,20275.81,E,Valeur estimée,
1367,Superficie récoltée,"Pois bambara, secs",2023,ha,26194.0,E,Valeur estimée,
1368,Rendement,"Pois bambara, secs",2023,kg/ha,775.6,E,Valeur estimée,
1369,Production,"Pois bambara, secs",2023,tonnes,20316.41,E,Valeur estimée,
1370,Superficie récoltée,"Pois bambara, secs",2024,ha,26087.0,E,Valeur estimée,
1371,Rendement,"Pois bambara, secs",2024,kg/ha,777.4,E,Valeur estimée,
1372,Production,"Pois bambara, secs",2024,tonnes,20279.19,E,Valeur estimée,
1373,Superficie récoltée,"Pois chiches, secs",2010,ha,1400.0,E,Valeur estimée,
1374,Rendement,"Pois chiches, secs",2010,kg/ha,714.3,E,Valeur estimée,
1375,Production,"Pois chiches, secs",2010,tonnes,1000.0,E,Valeur estimée,
1376,Superficie récoltée,"Pois chiches, secs",2011,ha,1750.0,E,Valeur estimée,
1377,Rendement,"Pois chiches, secs",2011,kg/ha,714.3,E,Valeur estimée,
1378,Production,"Pois chiches, secs",2011,tonnes,1250.0,E,Valeur estimée,
1379,Superficie récoltée,"Pois chiches, secs",2012,ha,1800.0,E,Valeur estimée,
1380,Rendement,"Pois chiches, secs",2012,kg/ha,722.2,E,Valeur estimée,
1381,Production,"Pois chiches, secs",2012,tonnes,1300.0,E,Valeur estimée,
1382,Superficie récoltée,"Pois chiches, secs",2013,ha,1800.0,E,Valeur estimée,
1383,Rendement,"Pois chiches, secs",2013,kg/ha,733.3,E,Valeur estimée,
1384,Production,"Pois chiches, secs",2013,tonnes,1320.0,E,Valeur estimée,
1385,Superficie récoltée,"Pois chiches, secs",2014,ha,1826.0,I,Valeur imputée par une agence réceptrice,
1386,Rendement,"Pois chiches, secs",2014,kg/ha,738.6,E,Valeur estimée,
1387,Production,"Pois chiches, secs",2014,tonnes,1348.96,I,Valeur imputée par une agence réceptrice,
1388,Superficie récoltée,"Pois chiches, secs",2015,ha,2164.0,I,Valeur imputée par une agence réceptrice,
1389,Rendement,"Pois chiches, secs",2015,kg/ha,748.0,E,Valeur estimée,
1390,Production,"Pois chiches, secs",2015,tonnes,1618.49,I,Valeur imputée par une agence réceptrice,
1391,Superficie récoltée,"Pois chiches, secs",2016,ha,1930.0,E,Valeur estimée,
1392,Rendement,"Pois chiches, secs",2016,kg/ha,740.5,E,Valeur estimée,
1393,Production,"Pois chiches, secs",2016,tonnes,1429.15,E,Valeur estimée,
1394,Superficie récoltée,"Pois chiches, secs",2017,ha,2029.0,I,Valeur imputée par une agence réceptrice,
1395,Rendement,"Pois chiches, secs",2017,kg/ha,747.2,E,Valeur estimée,
1396,Production,"Pois chiches, secs",2017,tonnes,1516.34,I,Valeur imputée par une agence réceptrice,
1397,Superficie récoltée,"Pois chiches, secs",2018,ha,2029.0,I,Valeur imputée par une agence réceptrice,
1398,Rendement,"Pois chiches, secs",2018,kg/ha,752.8,E,Valeur estimée,
1399,Production,"Pois chiches, secs",2018,tonnes,1527.19,I,Valeur imputée par une agence réceptrice,
1400,Superficie récoltée,"Pois chiches, secs",2019,ha,2045.0,I,Valeur imputée par une agence réceptrice,
1401,Rendement,"Pois chiches, secs",2019,kg/ha,756.0,E,Valeur estimée,
1402,Production,"Pois chiches, secs",2019,tonnes,1546.22,I,Valeur imputée par une agence réceptrice,
1403,Superficie récoltée,"Pois chiches, secs",2020,ha,2034.0,I,Valeur imputée par une agence réceptrice,
1404,Rendement,"Pois chiches, secs",2020,kg/ha,758.9,E,Valeur estimée,
1405,Production,"Pois chiches, secs",2020,tonnes,1543.86,I,Valeur imputée par une agence réceptrice,
1406,Superficie récoltée,"Pois chiches, secs",2021,ha,2061.0,I,Valeur imputée par une agence réceptrice,
1407,Rendement,"Pois chiches, secs",2021,kg/ha,762.8,E,Valeur estimée,
1408,Production,"Pois chiches, secs",2021,tonnes,1571.78,I,Valeur imputée par une agence réceptrice,
1409,Superficie récoltée,"Pois chiches, secs",2022,ha,2040.0,I,Valeur imputée par une agence réceptrice,
1410,Rendement,"Pois chiches, secs",2022,kg/ha,763.5,E,Valeur estimée,
1411,Production,"Pois chiches, secs",2022,tonnes,1557.9,I,Valeur imputée par une agence réceptrice,
1412,Superficie récoltée,"Pois chiches, secs",2023,ha,2048.0,I,Valeur imputée par une agence réceptrice,
1413,Rendement,"Pois chiches, secs",2023,kg/ha,766.4,E,Valeur estimée,
1414,Production,"Pois chiches, secs",2023,tonnes,1569.29,I,Valeur imputée par une agence réceptrice,
1415,Superficie récoltée,"Pois chiches, secs",2024,ha,2055.0,I,Valeur imputée par une agence réceptrice,
1416,Rendement,"Pois chiches, secs",2024,kg/ha,769.2,E,Valeur estimée,
1417,Production,"Pois chiches, secs",2024,tonnes,1580.67,I,Valeur imputée par une agence réceptrice,
1418,Superficie récoltée,"Racines et tubercules similaires à haute teneur en fécule ou en inuline, n.c.a., fraîches",2010,ha,200.0,E,Valeur estimée,
1419,Rendement,"Racines et tubercules similaires à haute teneur en fécule ou en inuline, n.c.a., fraîches",2010,kg/ha,5250.0,E,Valeur estimée,
1420,Production,"Racines et tubercules similaires à haute teneur en fécule ou en inuline, n.c.a., fraîches",2010,tonnes,1050.0,E,Valeur estimée,
1421,Superficie récoltée,"Racines et tubercules similaires à haute teneur en fécule ou en inuline, n.c.a., fraîches",2011,ha,210.0,I,Valeur imputée par une agence réceptrice,
1422,Rendement,"Racines et tubercules similaires à haute teneur en fécule ou en inuline, n.c.a., fraîches",2011,kg/ha,5331.7,E,Valeur estimée,
1423,Production,"Racines et tubercules similaires à haute teneur en fécule ou en inuline, n.c.a., fraîches",2011,tonnes,1118.57,I,Valeur imputée par une agence réceptrice,
1424,Superficie récoltée,"Racines et tubercules similaires à haute teneur en fécule ou en inuline, n.c.a., fraîches",2012,ha,210.0,E,Valeur estimée,
1425,Rendement,"Racines et tubercules similaires à haute teneur en fécule ou en inuline, n.c.a., fraîches",2012,kg/ha,5476.2,E,Valeur estimée,
1426,Production,"Racines et tubercules similaires à haute teneur en fécule ou en inuline, n.c.a., fraîches",2012,tonnes,1150.0,E,Valeur estimée,
1427,Superficie récoltée,"Racines et tubercules similaires à haute teneur en fécule ou en inuline, n.c.a., fraîches",2013,ha,393.0,E,Valeur estimée,
1428,Rendement,"Racines et tubercules similaires à haute teneur en fécule ou en inuline, n.c.a., fraîches",2013,kg/ha,5366.0,E,Valeur estimée,
1429,Production,"Racines et tubercules similaires à haute teneur en fécule ou en inuline, n.c.a., fraîches",2013,tonnes,2111.0,E,Valeur estimée,
1430,Superficie récoltée,"Racines et tubercules similaires à haute teneur en fécule ou en inuline, n.c.a., fraîches",2014,ha,1100.0,I,Valeur imputée par une agence réceptrice,
1431,Rendement,"Racines et tubercules similaires à haute teneur en fécule ou en inuline, n.c.a., fraîches",2014,kg/ha,5271.7,E,Valeur estimée,
1432,Production,"Racines et tubercules similaires à haute teneur en fécule ou en inuline, n.c.a., fraîches",2014,tonnes,5800.0,E,Valeur estimée,
1433,Superficie récoltée,"Racines et tubercules similaires à haute teneur en fécule ou en inuline, n.c.a., fraîches",2015,ha,952.0,I,Valeur imputée par une agence réceptrice,
1434,Rendement,"Racines et tubercules similaires à haute teneur en fécule ou en inuline, n.c.a., fraîches",2015,kg/ha,5250.1,E,Valeur estimée,
1435,Production,"Racines et tubercules similaires à haute teneur en fécule ou en inuline, n.c.a., fraîches",2015,tonnes,5000.0,E,Valeur estimée,
1436,Superficie récoltée,"Racines et tubercules similaires à haute teneur en fécule ou en inuline, n.c.a., fraîches",2016,ha,726.0,I,Valeur imputée par une agence réceptrice,
1437,Rendement,"Racines et tubercules similaires à haute teneur en fécule ou en inuline, n.c.a., fraîches",2016,kg/ha,5237.6,E,Valeur estimée,
1438,Production,"Racines et tubercules similaires à haute teneur en fécule ou en inuline, n.c.a., fraîches",2016,tonnes,3800.0,E,Valeur estimée,
1439,Superficie récoltée,"Racines et tubercules similaires à haute teneur en fécule ou en inuline, n.c.a., fraîches",2017,ha,1148.0,I,Valeur imputée par une agence réceptrice,
1440,Rendement,"Racines et tubercules similaires à haute teneur en fécule ou en inuline, n.c.a., fraîches",2017,kg/ha,5226.8,E,Valeur estimée,
1441,Production,"Racines et tubercules similaires à haute teneur en fécule ou en inuline, n.c.a., fraîches",2017,tonnes,6000.0,E,Valeur estimée,
1442,Superficie récoltée,"Racines et tubercules similaires à haute teneur en fécule ou en inuline, n.c.a., fraîches",2018,ha,1211.0,I,Valeur imputée par une agence réceptrice,
1443,Rendement,"Racines et tubercules similaires à haute teneur en fécule ou en inuline, n.c.a., fraîches",2018,kg/ha,5200.7,E,Valeur estimée,
1444,Production,"Racines et tubercules similaires à haute teneur en fécule ou en inuline, n.c.a., fraîches",2018,tonnes,6300.0,E,Valeur estimée,
1445,Superficie récoltée,"Racines et tubercules similaires à haute teneur en fécule ou en inuline, n.c.a., fraîches",2019,ha,1028.0,E,Valeur estimée,
1446,Rendement,"Racines et tubercules similaires à haute teneur en fécule ou en inuline, n.c.a., fraîches",2019,kg/ha,5219.1,E,Valeur estimée,
1447,Production,"Racines et tubercules similaires à haute teneur en fécule ou en inuline, n.c.a., fraîches",2019,tonnes,5366.67,E,Valeur estimée,
1448,Superficie récoltée,"Racines et tubercules similaires à haute teneur en fécule ou en inuline, n.c.a., fraîches",2020,ha,1129.0,E,Valeur estimée,
1449,Rendement,"Racines et tubercules similaires à haute teneur en fécule ou en inuline, n.c.a., fraîches",2020,kg/ha,5215.1,E,Valeur estimée,
1450,Production,"Racines et tubercules similaires à haute teneur en fécule ou en inuline, n.c.a., fraîches",2020,tonnes,5888.89,E,Valeur estimée,
1451,Superficie récoltée,"Racines et tubercules similaires à haute teneur en fécule ou en inuline, n.c.a., fraîches",2021,ha,1123.0,E,Valeur estimée,
1452,Rendement,"Racines et tubercules similaires à haute teneur en fécule ou en inuline, n.c.a., fraîches",2021,kg/ha,5211.1,E,Valeur estimée,
1453,Production,"Racines et tubercules similaires à haute teneur en fécule ou en inuline, n.c.a., fraîches",2021,tonnes,5851.85,E,Valeur estimée,
1454,Superficie récoltée,"Racines et tubercules similaires à haute teneur en fécule ou en inuline, n.c.a., fraîches",2022,ha,1093.0,E,Valeur estimée,
1455,Rendement,"Racines et tubercules similaires à haute teneur en fécule ou en inuline, n.c.a., fraîches",2022,kg/ha,5215.0,E,Valeur estimée,
1456,Production,"Racines et tubercules similaires à haute teneur en fécule ou en inuline, n.c.a., fraîches",2022,tonnes,5702.47,E,Valeur estimée,
1457,Superficie récoltée,"Racines et tubercules similaires à haute teneur en fécule ou en inuline, n.c.a., fraîches",2023,ha,1115.0,E,Valeur estimée,
1458,Rendement,"Racines et tubercules similaires à haute teneur en fécule ou en inuline, n.c.a., fraîches",2023,kg/ha,5213.7,E,Valeur estimée,
1459,Production,"Racines et tubercules similaires à haute teneur en fécule ou en inuline, n.c.a., fraîches",2023,tonnes,5814.4,E,Valeur estimée,
1460,Superficie récoltée,"Racines et tubercules similaires à haute teneur en fécule ou en inuline, n.c.a., fraîches",2024,ha,1111.0,E,Valeur estimée,
1461,Rendement,"Racines et tubercules similaires à haute teneur en fécule ou en inuline, n.c.a., fraîches",2024,kg/ha,5213.3,E,Valeur estimée,
1462,Production,"Racines et tubercules similaires à haute teneur en fécule ou en inuline, n.c.a., fraîches",2024,tonnes,5789.57,E,Valeur estimée,
1463,Superficie récoltée,Riz,2010,ha,47403.0,A,Chiffre officiel,
1464,Rendement,Riz,2010,kg/ha,2322.8,A,Chiffre officiel,
1465,Production,Riz,2010,tonnes,110109.0,A,Chiffre officiel,
1466,Superficie récoltée,Riz,2011,ha,44713.0,A,Chiffre officiel,
1467,Rendement,Riz,2011,kg/ha,2510.1,A,Chiffre officiel,
1468,Production,Riz,2011,tonnes,112233.0,A,Chiffre officiel,
1469,Superficie récoltée,Riz,2012,ha,96231.0,A,Chiffre officiel,
1470,Rendement,Riz,2012,kg/ha,1672.4,A,Chiffre officiel,
1471,Production,Riz,2012,tonnes,160939.0,A,Chiffre officiel,
1472,Superficie récoltée,Riz,2013,ha,92239.0,A,Chiffre officiel,
1473,Rendement,Riz,2013,kg/ha,1817.0,A,Chiffre officiel,
1474,Production,Riz,2013,tonnes,167600.0,A,Chiffre officiel,
1475,Superficie récoltée,Riz,2014,ha,83892.0,A,Chiffre officiel,
1476,Rendement,Riz,2014,kg/ha,1763.3,A,Chiffre officiel,
1477,Production,Riz,2014,tonnes,147930.0,A,Chiffre officiel,
1478,Superficie récoltée,Riz,2015,ha,81601.0,A,Chiffre officiel,
1479,Rendement,Riz,2015,kg/ha,1727.3,A,Chiffre officiel,
1480,Production,Riz,2015,tonnes,140952.0,A,Chiffre officiel,
1481,Superficie récoltée,Riz,2016,ha,82914.0,A,Chiffre officiel,
1482,Rendement,Riz,2016,kg/ha,1653.6,A,Chiffre officiel,
1483,Production,Riz,2016,tonnes,137106.0,A,Chiffre officiel,
1484,Superficie récoltée,Riz,2017,ha,84395.0,A,Chiffre officiel,
1485,Rendement,Riz,2017,kg/ha,1665.0,A,Chiffre officiel,
1486,Production,Riz,2017,tonnes,140519.0,A,Chiffre officiel,
1487,Superficie récoltée,Riz,2018,ha,86805.0,A,Chiffre officiel,
1488,Rendement,Riz,2018,kg/ha,1676.0,A,Chiffre officiel,
1489,Production,Riz,2018,tonnes,145489.0,A,Chiffre officiel,
1490,Superficie récoltée,Riz,2019,ha,89678.0,A,Chiffre officiel,
1491,Rendement,Riz,2019,kg/ha,1639.8,A,Chiffre officiel,
1492,Production,Riz,2019,tonnes,147053.0,A,Chiffre officiel,
1493,Superficie récoltée,Riz,2020,ha,94895.0,A,Chiffre officiel,
1494,Rendement,Riz,2020,kg/ha,1684.5,A,Chiffre officiel,
1495,Production,Riz,2020,tonnes,159852.0,A,Chiffre officiel,
1496,Superficie récoltée,Riz,2021,ha,98133.0,A,Chiffre officiel,
1497,Rendement,Riz,2021,kg/ha,1686.9,A,Chiffre officiel,
1498,Production,Riz,2021,tonnes,165541.0,A,Chiffre officiel,
1499,Superficie récoltée,Riz,2022,ha,99958.0,A,Chiffre officiel,
1500,Rendement,Riz,2022,kg/ha,1696.8,A,Chiffre officiel,
1501,Production,Riz,2022,tonnes,169608.0,A,Chiffre officiel,
1502,Superficie récoltée,Riz,2023,ha,101200.0,E,Valeur estimée,
1503,Rendement,Riz,2023,kg/ha,1809.3,E,Valeur estimée,
1504,Production,Riz,2023,tonnes,183100.0,A,Chiffre officiel,
1505,Superficie récoltée,Riz,2024,ha,103600.0,E,Valeur estimée,
1506,Rendement,Riz,2024,kg/ha,1739.4,E,Valeur estimée,
1507,Production,Riz,2024,tonnes,180200.0,A,Chiffre officiel,
1508,Superficie récoltée,Sésame,2010,ha,4700.0,E,Valeur estimée,
1509,Rendement,Sésame,2010,kg/ha,302.6,E,Valeur estimée,
1510,Production,Sésame,2010,tonnes,1422.19,I,Valeur imputée par une agence réceptrice,
1511,Superficie récoltée,Sésame,2011,ha,5332.0,I,Valeur imputée par une agence réceptrice,
1512,Rendement,Sésame,2011,kg/ha,307.5,E,Valeur estimée,
1513,Production,Sésame,2011,tonnes,1639.48,I,Valeur imputée par une agence réceptrice,
1514,Superficie récoltée,Sésame,2012,ha,6000.0,E,Valeur estimée,
1515,Rendement,Sésame,2012,kg/ha,333.3,E,Valeur estimée,
1516,Production,Sésame,2012,tonnes,2000.0,E,Valeur estimée,
1517,Superficie récoltée,Sésame,2013,ha,6000.0,E,Valeur estimée,
1518,Rendement,Sésame,2013,kg/ha,333.3,E,Valeur estimée,
1519,Production,Sésame,2013,tonnes,2000.0,E,Valeur estimée,
1520,Superficie récoltée,Sésame,2014,ha,5981.0,I,Valeur imputée par une agence réceptrice,
1521,Rendement,Sésame,2014,kg/ha,321.9,E,Valeur estimée,
1522,Production,Sésame,2014,tonnes,1925.24,I,Valeur imputée par une agence réceptrice,
1523,Superficie récoltée,Sésame,2015,ha,5276.0,I,Valeur imputée par une agence réceptrice,
1524,Rendement,Sésame,2015,kg/ha,322.7,E,Valeur estimée,
1525,Production,Sésame,2015,tonnes,1702.29,I,Valeur imputée par une agence réceptrice,
1526,Superficie récoltée,Sésame,2016,ha,5752.0,E,Valeur estimée,
1527,Rendement,Sésame,2016,kg/ha,326.1,E,Valeur estimée,
1528,Production,Sésame,2016,tonnes,1875.84,E,Valeur estimée,
1529,Superficie récoltée,Sésame,2017,ha,5899.0,I,Valeur imputée par une agence réceptrice,
1530,Rendement,Sésame,2017,kg/ha,326.1,E,Valeur estimée,
1531,Production,Sésame,2017,tonnes,1923.88,I,Valeur imputée par une agence réceptrice,
1532,Superficie récoltée,Sésame,2018,ha,5642.0,E,Valeur estimée,
1533,Rendement,Sésame,2018,kg/ha,325.0,E,Valeur estimée,
1534,Production,Sésame,2018,tonnes,1834.0,E,Valeur estimée,
1535,Superficie récoltée,Sésame,2019,ha,5483.0,I,Valeur imputée par une agence réceptrice,
1536,Rendement,Sésame,2019,kg/ha,325.7,E,Valeur estimée,
1537,Production,Sésame,2019,tonnes,1785.9,I,Valeur imputée par une agence réceptrice,
1538,Superficie récoltée,Sésame,2020,ha,5382.0,I,Valeur imputée par une agence réceptrice,
1539,Rendement,Sésame,2020,kg/ha,326.6,E,Valeur estimée,
1540,Production,Sésame,2020,tonnes,1757.76,I,Valeur imputée par une agence réceptrice,
1541,Superficie récoltée,Sésame,2021,ha,5624.0,I,Valeur imputée par une agence réceptrice,
1542,Rendement,Sésame,2021,kg/ha,328.4,E,Valeur estimée,
1543,Production,Sésame,2021,tonnes,1846.96,I,Valeur imputée par une agence réceptrice,
1544,Superficie récoltée,Sésame,2022,ha,5660.0,I,Valeur imputée par une agence réceptrice,
1545,Rendement,Sésame,2022,kg/ha,328.8,E,Valeur estimée,
1546,Production,Sésame,2022,tonnes,1861.04,I,Valeur imputée par une agence réceptrice,
1547,Superficie récoltée,Sésame,2023,ha,5669.0,I,Valeur imputée par une agence réceptrice,
1548,Rendement,Sésame,2023,kg/ha,330.1,E,Valeur estimée,
1549,Production,Sésame,2023,tonnes,1871.38,I,Valeur imputée par une agence réceptrice,
1550,Superficie récoltée,Sésame,2024,ha,5677.0,I,Valeur imputée par une agence réceptrice,
1551,Rendement,Sésame,2024,kg/ha,331.5,E,Valeur estimée,
1552,Production,Sésame,2024,tonnes,1881.72,I,Valeur imputée par une agence réceptrice,
1553,Superficie récoltée,Sorgho,2010,ha,223595.0,A,Chiffre officiel,
1554,Rendement,Sorgho,2010,kg/ha,1094.3,A,Chiffre officiel,
1555,Production,Sorgho,2010,tonnes,244674.0,A,Chiffre officiel,
1556,Superficie récoltée,Sorgho,2011,ha,220917.0,A,Chiffre officiel,
1557,Rendement,Sorgho,2011,kg/ha,1101.2,A,Chiffre officiel,
1558,Production,Sorgho,2011,tonnes,243267.0,A,Chiffre officiel,
1559,Superficie récoltée,Sorgho,2012,ha,290550.0,A,Chiffre officiel,
1560,Rendement,Sorgho,2012,kg/ha,863.5,A,Chiffre officiel,
1561,Production,Sorgho,2012,tonnes,250892.0,A,Chiffre officiel,
1562,Superficie récoltée,Sorgho,2013,ha,302123.0,A,Chiffre officiel,
1563,Rendement,Sorgho,2013,kg/ha,944.4,A,Chiffre officiel,
1564,Production,Sorgho,2013,tonnes,285316.0,A,Chiffre officiel,
1565,Superficie récoltée,Sorgho,2014,ha,323739.0,A,Chiffre officiel,
1566,Rendement,Sorgho,2014,kg/ha,950.1,A,Chiffre officiel,
1567,Production,Sorgho,2014,tonnes,307579.0,A,Chiffre officiel,
1568,Superficie récoltée,Sorgho,2015,ha,304186.0,A,Chiffre officiel,
1569,Rendement,Sorgho,2015,kg/ha,890.5,A,Chiffre officiel,
1570,Production,Sorgho,2015,tonnes,270863.0,A,Chiffre officiel,
1571,Superficie récoltée,Sorgho,2016,ha,317189.0,A,Chiffre officiel,
1572,Rendement,Sorgho,2016,kg/ha,860.0,A,Chiffre officiel,
1573,Production,Sorgho,2016,tonnes,272776.0,A,Chiffre officiel,
1574,Superficie récoltée,Sorgho,2017,ha,315542.0,A,Chiffre officiel,
1575,Rendement,Sorgho,2017,kg/ha,875.2,A,Chiffre officiel,
1576,Production,Sorgho,2017,tonnes,276167.0,A,Chiffre officiel,
1577,Superficie récoltée,Sorgho,2018,ha,318834.0,A,Chiffre officiel,
1578,Rendement,Sorgho,2018,kg/ha,869.5,A,Chiffre officiel,
1579,Production,Sorgho,2018,tonnes,277240.0,A,Chiffre officiel,
1580,Superficie récoltée,Sorgho,2019,ha,317826.0,A,Chiffre officiel,
1581,Rendement,Sorgho,2019,kg/ha,889.1,A,Chiffre officiel,
1582,Production,Sorgho,2019,tonnes,282582.0,A,Chiffre officiel,
1583,Superficie récoltée,Sorgho,2020,ha,311245.0,A,Chiffre officiel,
1584,Rendement,Sorgho,2020,kg/ha,896.7,A,Chiffre officiel,
1585,Production,Sorgho,2020,tonnes,279105.0,A,Chiffre officiel,
1586,Superficie récoltée,Sorgho,2021,ha,316034.0,A,Chiffre officiel,
1587,Rendement,Sorgho,2021,kg/ha,876.4,A,Chiffre officiel,
1588,Production,Sorgho,2021,tonnes,276986.0,A,Chiffre officiel,
1589,Superficie récoltée,Sorgho,2022,ha,317571.0,A,Chiffre officiel,
1590,Rendement,Sorgho,2022,kg/ha,884.2,A,Chiffre officiel,
1591,Production,Sorgho,2022,tonnes,280809.0,A,Chiffre officiel,
1592,Superficie récoltée,Sorgho,2023,ha,325000.0,X,Chiffre de source externe,Chiffre non officiel
1593,Rendement,Sorgho,2023,kg/ha,923.1,X,Chiffre de source externe,
1594,Production,Sorgho,2023,tonnes,300000.0,X,Chiffre de source externe,Chiffre non officiel
1595,Superficie récoltée,Sorgho,2024,ha,320000.0,X,Chiffre de source externe,Chiffre non officiel
1596,Rendement,Sorgho,2024,kg/ha,968.8,X,Chiffre de source externe,
1597,Production,Sorgho,2024,tonnes,310000.0,X,Chiffre de source externe,Chiffre non officiel
1598,Superficie récoltée,Tabacs bruts ou non fabriqués,2010,ha,4189.0,I,Valeur imputée par une agence réceptrice,
1599,Rendement,Tabacs bruts ou non fabriqués,2010,kg/ha,444.4,E,Valeur estimée,
1600,Production,Tabacs bruts ou non fabriqués,2010,tonnes,1861.64,I,Valeur imputée par une agence réceptrice,
1601,Superficie récoltée,Tabacs bruts ou non fabriqués,2011,ha,4246.0,I,Valeur imputée par une agence réceptrice,
1602,Rendement,Tabacs bruts ou non fabriqués,2011,kg/ha,439.5,E,Valeur estimée,
1603,Production,Tabacs bruts ou non fabriqués,2011,tonnes,1866.22,I,Valeur imputée par une agence réceptrice,
1604,Superficie récoltée,Tabacs bruts ou non fabriqués,2012,ha,4291.0,I,Valeur imputée par une agence réceptrice,
1605,Rendement,Tabacs bruts ou non fabriqués,2012,kg/ha,436.4,E,Valeur estimée,
1606,Production,Tabacs bruts ou non fabriqués,2012,tonnes,1872.66,I,Valeur imputée par une agence réceptrice,
1607,Superficie récoltée,Tabacs bruts ou non fabriqués,2013,ha,4302.0,I,Valeur imputée par une agence réceptrice,
1608,Rendement,Tabacs bruts ou non fabriqués,2013,kg/ha,437.2,E,Valeur estimée,
1609,Production,Tabacs bruts ou non fabriqués,2013,tonnes,1881.06,I,Valeur imputée par une agence réceptrice,
1610,Superficie récoltée,Tabacs bruts ou non fabriqués,2014,ha,4270.0,I,Valeur imputée par une agence réceptrice,
1611,Rendement,Tabacs bruts ou non fabriqués,2014,kg/ha,442.4,E,Valeur estimée,
1612,Production,Tabacs bruts ou non fabriqués,2014,tonnes,1889.15,I,Valeur imputée par une agence réceptrice,
1613,Superficie récoltée,Tabacs bruts ou non fabriqués,2015,ha,4284.0,I,Valeur imputée par une agence réceptrice,
1614,Rendement,Tabacs bruts ou non fabriqués,2015,kg/ha,442.8,E,Valeur estimée,
1615,Production,Tabacs bruts ou non fabriqués,2015,tonnes,1896.9,I,Valeur imputée par une agence réceptrice,
1616,Superficie récoltée,Tabacs bruts ou non fabriqués,2016,ha,4295.0,I,Valeur imputée par une agence réceptrice,
1617,Rendement,Tabacs bruts ou non fabriqués,2016,kg/ha,443.5,E,Valeur estimée,
1618,Production,Tabacs bruts ou non fabriqués,2016,tonnes,1904.72,I,Valeur imputée par une agence réceptrice,
1619,Superficie récoltée,Tabacs bruts ou non fabriqués,2017,ha,4304.0,I,Valeur imputée par une agence réceptrice,
1620,Rendement,Tabacs bruts ou non fabriqués,2017,kg/ha,444.4,E,Valeur estimée,
1621,Production,Tabacs bruts ou non fabriqués,2017,tonnes,1912.52,I,Valeur imputée par une agence réceptrice,
1622,Superficie récoltée,Tabacs bruts ou non fabriqués,2018,ha,4317.0,I,Valeur imputée par une agence réceptrice,
1623,Rendement,Tabacs bruts ou non fabriqués,2018,kg/ha,444.8,E,Valeur estimée,
1624,Production,Tabacs bruts ou non fabriqués,2018,tonnes,1920.31,I,Valeur imputée par une agence réceptrice,
1625,Superficie récoltée,Tabacs bruts ou non fabriqués,2019,ha,4334.0,I,Valeur imputée par une agence réceptrice,
1626,Rendement,Tabacs bruts ou non fabriqués,2019,kg/ha,444.9,E,Valeur estimée,
1627,Production,Tabacs bruts ou non fabriqués,2019,tonnes,1928.08,I,Valeur imputée par une agence réceptrice,
1628,Superficie récoltée,Tabacs bruts ou non fabriqués,2020,ha,4343.0,I,Valeur imputée par une agence réceptrice,
1629,Rendement,Tabacs bruts ou non fabriqués,2020,kg/ha,445.7,E,Valeur estimée,
1630,Production,Tabacs bruts ou non fabriqués,2020,tonnes,1935.83,I,Valeur imputée par une agence réceptrice,
1631,Superficie récoltée,Tabacs bruts ou non fabriqués,2021,ha,4355.0,I,Valeur imputée par une agence réceptrice,
1632,Rendement,Tabacs bruts ou non fabriqués,2021,kg/ha,445.6,E,Valeur estimée,
1633,Production,Tabacs bruts ou non fabriqués,2021,tonnes,1940.4,I,Valeur imputée par une agence réceptrice,
1634,Superficie récoltée,Tabacs bruts ou non fabriqués,2022,ha,4378.0,I,Valeur imputée par une agence réceptrice,
1635,Rendement,Tabacs bruts ou non fabriqués,2022,kg/ha,444.7,E,Valeur estimée,
1636,Production,Tabacs bruts ou non fabriqués,2022,tonnes,1946.96,I,Valeur imputée par une agence réceptrice,
1637,Superficie récoltée,Tabacs bruts ou non fabriqués,2023,ha,4392.0,I,Valeur imputée par une agence réceptrice,
1638,Rendement,Tabacs bruts ou non fabriqués,2023,kg/ha,444.7,E,Valeur estimée,
1639,Production,Tabacs bruts ou non fabriqués,2023,tonnes,1953.21,I,Valeur imputée par une agence réceptrice,
1640,Superficie récoltée,Tabacs bruts ou non fabriqués,2024,ha,4405.0,I,Valeur imputée par une agence réceptrice,
1641,Rendement,Tabacs bruts ou non fabriqués,2024,kg/ha,444.8,E,Valeur estimée,
1642,Production,Tabacs bruts ou non fabriqués,2024,tonnes,1959.34,I,Valeur imputée par une agence réceptrice,
1643,Superficie récoltée,Taro,2010,ha,17250.0,A,Chiffre officiel,
1644,Rendement,Taro,2010,kg/ha,1169.0,A,Chiffre officiel,
1645,Production,Taro,2010,tonnes,20165.0,A,Chiffre officiel,
1646,Superficie récoltée,Taro,2011,ha,17483.0,A,Chiffre officiel,
1647,Rendement,Taro,2011,kg/ha,1167.2,A,Chiffre officiel,
1648,Production,Taro,2011,tonnes,20407.0,A,Chiffre officiel,
1649,Superficie récoltée,Taro,2012,ha,4195.0,A,Chiffre officiel,
1650,Rendement,Taro,2012,kg/ha,2702.5,A,Chiffre officiel,
1651,Production,Taro,2012,tonnes,11337.0,A,Chiffre officiel,
1652,Superficie récoltée,Taro,2013,ha,13243.0,A,Chiffre officiel,
1653,Rendement,Taro,2013,kg/ha,1507.1,A,Chiffre officiel,
1654,Production,Taro,2013,tonnes,19958.0,A,Chiffre officiel,
1655,Superficie récoltée,Taro,2014,ha,4046.0,A,Chiffre officiel,
1656,Rendement,Taro,2014,kg/ha,2848.7,A,Chiffre officiel,
1657,Production,Taro,2014,tonnes,11526.0,A,Chiffre officiel,
1658,Superficie récoltée,Taro,2015,ha,6530.0,I,Valeur imputée par une agence réceptrice,
1659,Rendement,Taro,2015,kg/ha,2540.4,E,Valeur estimée,
1660,Production,Taro,2015,tonnes,16589.58,I,Valeur imputée par une agence réceptrice,
1661,Superficie récoltée,Taro,2016,ha,6942.0,I,Valeur imputée par une agence réceptrice,
1662,Rendement,Taro,2016,kg/ha,2596.3,E,Valeur estimée,
1663,Production,Taro,2016,tonnes,18024.0,A,Chiffre officiel,
1664,Superficie récoltée,Taro,2017,ha,4771.0,A,Chiffre officiel,
1665,Rendement,Taro,2017,kg/ha,3090.8,A,Chiffre officiel,
1666,Production,Taro,2017,tonnes,14746.0,A,Chiffre officiel,
1667,Superficie récoltée,Taro,2018,ha,5268.0,A,Chiffre officiel,
1668,Rendement,Taro,2018,kg/ha,3117.7,A,Chiffre officiel,
1669,Production,Taro,2018,tonnes,16424.0,A,Chiffre officiel,
1670,Superficie récoltée,Taro,2019,ha,5563.0,A,Chiffre officiel,
1671,Rendement,Taro,2019,kg/ha,3117.0,A,Chiffre officiel,
1672,Production,Taro,2019,tonnes,17340.0,A,Chiffre officiel,
1673,Superficie récoltée,Taro,2020,ha,6044.0,A,Chiffre officiel,
1674,Rendement,Taro,2020,kg/ha,3109.7,A,Chiffre officiel,
1675,Production,Taro,2020,tonnes,18795.0,A,Chiffre officiel,
1676,Superficie récoltée,Taro,2021,ha,6133.0,A,Chiffre officiel,
1677,Rendement,Taro,2021,kg/ha,3112.3,A,Chiffre officiel,
1678,Production,Taro,2021,tonnes,19088.0,A,Chiffre officiel,
1679,Superficie récoltée,Taro,2022,ha,6213.0,A,Chiffre officiel,
1680,Rendement,Taro,2022,kg/ha,3115.2,A,Chiffre officiel,
1681,Production,Taro,2022,tonnes,19355.0,A,Chiffre officiel,
1682,Superficie récoltée,Taro,2023,ha,5673.0,I,Valeur imputée par une agence réceptrice,
1683,Rendement,Taro,2023,kg/ha,3252.6,E,Valeur estimée,
1684,Production,Taro,2023,tonnes,18452.82,I,Valeur imputée par une agence réceptrice,
1685,Superficie récoltée,Taro,2024,ha,5319.0,I,Valeur imputée par une agence réceptrice,
1686,Rendement,Taro,2024,kg/ha,3435.4,E,Valeur estimée,
1687,Production,Taro,2024,tonnes,18272.09,I,Valeur imputée par une agence réceptrice,
1688,Superficie récoltée,"Tomates, fraiches",2010,ha,1400.0,E,Valeur estimée,
1689,Rendement,"Tomates, fraiches",2010,kg/ha,4285.7,E,Valeur estimée,
1690,Production,"Tomates, fraiches",2010,tonnes,6000.0,E,Valeur estimée,
1691,Superficie récoltée,"Tomates, fraiches",2011,ha,1358.0,I,Valeur imputée par une agence réceptrice,
1692,Rendement,"Tomates, fraiches",2011,kg/ha,4227.5,E,Valeur estimée,
1693,Production,"Tomates, fraiches",2011,tonnes,5742.02,I,Valeur imputée par une agence réceptrice,
1694,Superficie récoltée,"Tomates, fraiches",2012,ha,1400.0,E,Valeur estimée,
1695,Rendement,"Tomates, fraiches",2012,kg/ha,4071.4,E,Valeur estimée,
1696,Production,"Tomates, fraiches",2012,tonnes,5700.0,E,Valeur estimée,
1697,Superficie récoltée,"Tomates, fraiches",2013,ha,1345.0,I,Valeur imputée par une agence réceptrice,
1698,Rendement,"Tomates, fraiches",2013,kg/ha,4146.6,E,Valeur estimée,
1699,Production,"Tomates, fraiches",2013,tonnes,5579.2,I,Valeur imputée par une agence réceptrice,
1700,Superficie récoltée,"Tomates, fraiches",2014,ha,1289.0,I,Valeur imputée par une agence réceptrice,
1701,Rendement,"Tomates, fraiches",2014,kg/ha,4227.8,E,Valeur estimée,
1702,Production,"Tomates, fraiches",2014,tonnes,5447.97,I,Valeur imputée par une agence réceptrice,
1703,Superficie récoltée,"Tomates, fraiches",2015,ha,1235.0,I,Valeur imputée par une agence réceptrice,
1704,Rendement,"Tomates, fraiches",2015,kg/ha,4242.1,E,Valeur estimée,
1705,Production,"Tomates, fraiches",2015,tonnes,5239.22,I,Valeur imputée par une agence réceptrice,
1706,Superficie récoltée,"Tomates, fraiches",2016,ha,1265.0,I,Valeur imputée par une agence réceptrice,
1707,Rendement,"Tomates, fraiches",2016,kg/ha,4244.8,E,Valeur estimée,
1708,Production,"Tomates, fraiches",2016,tonnes,5369.63,I,Valeur imputée par une agence réceptrice,
1709,Superficie récoltée,"Tomates, fraiches",2017,ha,1263.0,I,Valeur imputée par une agence réceptrice,
1710,Rendement,"Tomates, fraiches",2017,kg/ha,4246.5,E,Valeur estimée,
1711,Production,"Tomates, fraiches",2017,tonnes,5364.55,I,Valeur imputée par une agence réceptrice,
1712,Superficie récoltée,"Tomates, fraiches",2018,ha,1253.0,I,Valeur imputée par une agence réceptrice,
1713,Rendement,"Tomates, fraiches",2018,kg/ha,4243.8,E,Valeur estimée,
1714,Production,"Tomates, fraiches",2018,tonnes,5316.28,I,Valeur imputée par une agence réceptrice,
1715,Superficie récoltée,"Tomates, fraiches",2019,ha,1228.0,I,Valeur imputée par une agence réceptrice,
1716,Rendement,"Tomates, fraiches",2019,kg/ha,4246.2,E,Valeur estimée,
1717,Production,"Tomates, fraiches",2019,tonnes,5215.85,I,Valeur imputée par une agence réceptrice,
1718,Superficie récoltée,"Tomates, fraiches",2020,ha,1207.0,I,Valeur imputée par une agence réceptrice,
1719,Rendement,"Tomates, fraiches",2020,kg/ha,4252.6,E,Valeur estimée,
1720,Production,"Tomates, fraiches",2020,tonnes,5134.98,I,Valeur imputée par une agence réceptrice,
1721,Superficie récoltée,"Tomates, fraiches",2021,ha,1230.0,E,Valeur estimée,
1722,Rendement,"Tomates, fraiches",2021,kg/ha,4247.5,E,Valeur estimée,
1723,Production,"Tomates, fraiches",2021,tonnes,5222.37,E,Valeur estimée,
1724,Superficie récoltée,"Tomates, fraiches",2022,ha,1222.0,E,Valeur estimée,
1725,Rendement,"Tomates, fraiches",2022,kg/ha,4248.8,E,Valeur estimée,
1726,Production,"Tomates, fraiches",2022,tonnes,5191.07,E,Valeur estimée,
1727,Superficie récoltée,"Tomates, fraiches",2023,ha,1220.0,E,Valeur estimée,
1728,Rendement,"Tomates, fraiches",2023,kg/ha,4249.6,E,Valeur estimée,
1729,Production,"Tomates, fraiches",2023,tonnes,5182.8,E,Valeur estimée,
1730,Superficie récoltée,"Tomates, fraiches",2024,ha,1224.0,E,Valeur estimée,
1731,Rendement,"Tomates, fraiches",2024,kg/ha,4248.6,E,Valeur estimée,
1732,Production,"Tomates, fraiches",2024,tonnes,5198.75,E,Valeur estimée,
