Produit,Année,Rendement_kg_ha,T2M,PRECTOTCORR,RH2M,GWETROOT,GWETTOP,Valeur_Ajoutee_Agricole
Sésame,2016,319.1279263823377,26.719517109908466,4.083635800597617,70.62022501996586,0.6259206640199577,0.6082469770643977,736729260205.6593
"Noix de muscade, fleur de muscade, cardamomes, crues",2023,1021.524142290456,25.683449630658306,4.431169585048125,79.24593355720842,0.6621028024029801,0.7147509402028734,999943938304.2579
Graines de ricin,2015,80.28162570210925,25.4714776218043,3.111120600059799,74.15617112363549,0.5716372413125519,0.5926421846157481,674692669621.2383
Noix de karite,2016,4144.99999938291,26.600224629878507,4.074337910932965,75.37465912004788,0.6331982224557549,0.6221337467561071,731481650507.3641
"Noix de muscade, fleur de muscade, cardamomes, crues",2023,1071.793357459446,26.850123157776718,4.641051676604648,80.53343457912283,0.7031275463936778,0.6932731966582591,997315391695.5487
"Racines et tubercules similaires à haute teneur en fécule ou en inuline, n.c.a., fraîches",2016,5237.6,26.5448087431694,4.076065573770491,73.88571038251365,0.6231967213114754,0.6228142076502732,733416000000.0
Arachides non décortiquées,2021,756.4,25.92775342465753,3.9432328767123286,79.31665753424657,0.6736164383561644,0.6907397260273973,892399651748.501
"Piments forts et piments, secs (Capsicum spp., Pimenta spp.), crus",2020,432.354981813159,25.57990960038556,5.143239480525721,76.30555284132446,0.7232748715139613,0.7490119148388399,857553109298.691
Tabacs bruts ou non fabriqués,2021,460.0692828786163,26.82748043691153,3.8898846920209724,81.53011238827025,0.6653186311885484,0.6779101452351711,900502974735.3724
Arachides non décortiquées,2020,765.9680523272225,25.89803364313064,5.190598366122364,80.50401816671601,0.7178906873994312,0.7251001335559988,856369136977.7478
"Racines et tubercules similaires à haute teneur en fécule ou en inuline, n.c.a., fraîches",2018,5557.054606710792,25.722760092877255,4.567037230418426,77.8666189341373,0.6752662353249166,0.6596643835616438,808375687346.906
Ananas,2019,8141.088450113962,26.798208003554834,4.985354111909185,78.76138202689401,0.7164614961432668,0.7389440399723426,866083192770.7823
"Autres espèces cultivées stimulantes, à épices et aromatiques, n.c.a.",2017,965.8758490504991,26.18257329435294,4.065636193014462,78.62672375738227,0.6443252476167793,0.6576154190893307,797159081000.0073
Sorgho,2018,882.9677285965076,25.286464659610452,4.395464532491811,75.66683205664707,0.6679442224447201,0.6965147659025552,826198506503.2496
Noix de karite,2020,4214.1301355089845,25.342007122825986,4.861511511733697,78.9815402448091,0.7589293261933716,0.7354687613802855,856746795991.3693
Ananas,2017,7998.476037216899,25.922491344203664,4.164377702796631,74.47853711836511,0.6299967384956772,0.6658953247610331,791628768106.9332
"Racines et tubercules similaires à haute teneur en fécule ou en inuline, n.c.a., fraîches",2020,5223.132057543541,25.942366123773663,4.879275384503855,79.2397242994401,0.7433290339503987,0.7548496988271038,859714185572.452
Patates douces,2015,3575.7285699637005,25.831422988789377,3.14306989452509,77.05458965190111,0.5897686653449382,0.5875765604858255,684214414112.774
Noix de karite,2019,4128.828879173795,25.77985224889043,5.089675223374295,79.19569531936017,0.7133663436694757,0.739737069096227,882178491228.0315
Patates douces,2022,3508.703088234693,25.679573334789442,4.793742696906922,76.71579414630372,0.6802783532298408,0.6850600000365128,929556645234.6125
Bananes,2022,13122.930964799081,26.014676201084264,4.925555308871398,75.04111534409712,0.6580100905008063,0.6647904299034888,945564302096.4318
"Piments forts et piments, secs (Capsicum spp., Pimenta spp.), crus",2015,432.7989534681436,25.984970037891586,3.2453822174076223,73.61890479539731,0.5781583009888359,0.591562806781417,670334715957.5302
Fonio,2020,856.9380072056109,25.184558795171988,5.067681547680574,78.18593423478882,0.7076961177653528,0.7309045061261055,863240690490.687
Haricots secs,2016,464.2,26.5448087431694,4.076065573770491,73.88571038251365,0.6231967213114754,0.6228142076502732,733416000000.0
"Pois bambara, secs",2018,757.540751736573,25.207040368126535,4.490829439643395,78.94657362198633,0.7130047141749317,0.7197709890778535,824108836999.6335
"Racines et tubercules similaires à haute teneur en fécule ou en inuline, n.c.a., fraîches",2019,5166.664402623066,26.189779470941495,4.8619364448408895,80.14237650987607,0.7268440238034546,0.7027406655453756,871563065829.4342
"Cacao, fèves",2018,1055.5065587971562,25.302065746445386,4.42264562610173,78.73648586128543,0.6755288943845681,0.6937341872007949,814381079862.7704
"Tomates, fraiches",2017,4166.6165804123375,26.64046080501234,3.994857233942633,76.81886060359423,0.6560812757707934,0.6530728210943,762221160637.2173
Noix de karite,2023,4450.078125684993,26.56527046106508,4.581547318315203,77.36584275148935,0.6994331106169459,0.6960181517229539,1013904828900.7229
Bananes,2021,13551.633147923736,26.01389251698914,3.9985259407090425,82.07159700160561,0.6813214547083659,0.6803472327249153,908812012232.1483
"Café, vert",2017,452.6363344506792,26.08891737164168,4.032033153082702,79.60193295932933,0.6467278317952504,0.6789100111703578,785424406662.8661
Graines de ricin,2023,80.07514781550726,25.98269465125942,4.437364122926554,79.79705085153637,0.6694569996334351,0.6887099877678008,993282857336.7305
Taro,2018,2998.9169806001373,25.327879657861388,4.632845600679055,76.60775691322284,0.6852043194415467,0.7181413157289083,814123574001.3579
"Tomates, fraiches",2019,4091.932903512007,26.120833784245082,4.968181151945322,80.90768291561001,0.7174255233351677,0.7231452379990614,871768331686.9349
"Noix de muscade, fleur de muscade, cardamomes, crues",2019,1026.5243176817662,25.544437643132934,4.896153546585788,78.85578111277043,0.7157890119479301,0.7470516483598649,868966041230.1871
Fèves de soja,2019,811.5389974921371,25.087837189341638,5.064050251488614,80.33660855624592,0.737284704066187,0.7255691176021052,853639596528.4314
Arachides non décortiquées,2018,739.0917698480263,25.382683708105088,4.284013293845356,77.8740562132718,0.6618772981794133,0.7101347557267033,815877366367.3936
"Pois bambara, secs",2022,786.3055972459482,25.25473136545999,5.053529777957346,77.70921162201118,0.6684642185218672,0.673408059992476,940182020193.5521
"Autres espèces cultivées stimulantes, à épices et aromatiques, n.c.a.",2023,1000.2080807908746,26.49925866753048,4.44403554999089,80.60331432555286,0.6834078844221387,0.7052964771097081,1003326278116.0872
Ignames,2020,9034.6,25.55327868852459,5.009398907103825,78.95647540983606,0.7270218579234972,0.7411475409836066,856967581267.048
"Tomates, fraiches",2015,4363.638138298524,26.06342804630658,3.249505902311829,73.95090804739594,0.5857898197373301,0.5909077674845643,682375913183.7035
Haricots secs,2021,547.3557737435614,26.21454138833905,3.8596670145861776,81.43766047306826,0.672679844854906,0.6694418061158801,893093221283.1083
Bananes,2015,12856.694959192902,26.332776474847396,3.0889194423212785,71.93727055716242,0.593551007354507,0.5803609285168189,676950721804.2745
Noix d'acajou non décortiquées,2021,1541.6272019206242,26.420307089672523,3.9320542478675518,78.94059288236045,0.6710465350936466,0.6752451707646828,888514268405.9863
Taro,2020,3205.9940858518944,25.709553742973426,5.127706626136969,79.0966625226337,0.7130858996419319,0.7150692757950516,859495330263.882
Patates douces,2015,3763.0577721580203,26.642852280483556,3.144068798020046,75.84187737950158,0.558425326064623,0.5815987145992972,681526912618.6307
"Manioc, frais",2023,3976.1304367786265,26.14794647197865,4.611670336771878,78.66106620892864,0.686182787765208,0.7125909142466028,1013165032731.9685
"Pois bambara, secs",2021,767.2078290679226,25.390377224035415,3.9337592128752346,77.8855896254636,0.6944483220015643,0.7048619528133904,893683719283.4828
Noix de karite,2021,3960.843558990439,26.960974552528,3.8865147297133347,78.3114779063438,0.6712279800676173,0.6635391871183551,891962683770.6042
"Coton en graine, non égrené",2015,736.5899047356032,26.45066619344256,3.1632736371935235,73.18770306984884,0.5640634194346856,0.5902914102843186,671301648707.3188
"Coton en graine, non égrené",2021,728.661282619002,25.050062106284052,3.863813489043931,79.50077158671647,0.6571584160576676,0.6720428849580962,888914938827.6589
Bananes,2020,13182.2,25.55327868852459,5.009398907103825,78.95647540983606,0.7270218579234972,0.7411475409836066,856967581267.048
"Autres espèces cultivées stimulantes, à épices et aromatiques, n.c.a.",2015,1000.9098604289962,26.129631405494617,3.0462461580405775,75.24328595424628,0.5856697327839895,0.5780170521833607,675076347960.15
Noix d'acajou non décortiquées,2023,1526.4053909539043,26.225636345916485,4.5421768223465335,76.308114104988,0.6876301658350991,0.6894598446786021,999177259484.407
Autres fruits n.a.c.,2018,5760.622098858352,25.643191466880758,4.277189800023184,76.61741806509924,0.7020332824724145,0.6747705315212187,827604344910.8685
Arachides non décortiquées,2023,748.9638560512066,26.412721907419943,4.434273985537239,77.29421533890499,0.7146616438356165,0.6965265191552233,1008743536490.9867
Fonio,2020,868.039093691845,25.423948906842245,4.949101552371405,78.88313844488489,0.7415829404166991,0.7251202403505934,862211890036.7341
"Piments forts et piments, secs (Capsicum spp., Pimenta spp.), crus",2016,417.2827454317214,27.50026650602048,4.088552045810092,71.65462250820687,0.6315189323436958,0.6218089656469483,735380420676.6133
Maïs,2017,1238.3597174576275,25.892760993436596,3.929528519319979,78.98001830961654,0.6738548194947815,0.6704182937109786,773682501898.2086
"Huile, noix de palme",2020,8640.19567960699,26.0947855473917,5.044802018848289,78.08118903442616,0.7206126631437951,0.7265506732416135,847669199658.3954
Riz,2017,1534.7676571020097,27.313714871113817,4.133424276267291,77.8384038694574,0.6531432925151099,0.6596255003412294,785937170668.7089
"Noix de muscade, fleur de muscade, cardamomes, crues",2021,1045.9453315323115,25.965943539236168,4.048851173938585,82.93835804167877,0.6735962029803473,0.6718983117580419,887954937662.0314
Arachides non décortiquées,2020,757.6533425311615,26.58772914098032,5.022269234566228,78.43942331255785,0.7140489627332491,0.7469216946797086,865100842080.2273
Noix de karite,2018,4305.266376924068,25.730219449746347,4.389416844261334,76.2654336565833,0.7012275952391053,0.6930807617758782,821927988618.9147
Noix d'acajou non décortiquées,2022,1490.962459839003,25.703016399798503,5.026882918798798,77.65108717362754,0.6534680606265789,0.6669407001378522,960382796559.9846
Noix de karite,2022,4229.421981977037,25.601081763880465,4.9565691753334855,75.84714053446325,0.6704473491903101,0.6718714809793292,937725618657.7194
Fèves de soja,2018,735.2676627451821,25.46803582977524,4.456095495031167,78.11158307020797,0.6846966518690032,0.7113273027442093,813759375723.2438
Ananas,2021,8015.920687680885,25.829121508498893,3.937564865184417,76.22421550147254,0.661396579033704,0.6950431851783153,910721173835.9552
Bananes,2016,12425.469387172541,27.026313000163345,4.139698731208995,74.16319461802959,0.6162506431932109,0.6320768617242364,725283102522.1842
Ignames,2020,8592.366059695143,25.617583391886352,4.98068747845741,78.03080358059998,0.7552004355929945,0.7381148009915598,858369610623.7983
"Coton en graine, non égrené",2018,778.4200222619984,25.43399646246611,4.383542884585318,78.170105261052,0.6763209021167331,0.667425987008959,811031581762.7444
Autres légumes frais n.a.c.,2021,5278.684229791732,26.053096380872198,3.891509203570545,79.38465478984364,0.650530838718014,0.6971554807303908,895442304170.483
Maïs,2015,1422.1660110106536,26.85972786265339,3.24201253885518,73.27636002076049,0.5802100652854466,0.5982345834218112,671366973209.2437
Fèves de soja,2015,643.0955679814973,26.627553562456004,3.19280773833143,74.66649026090187,0.5776885889006684,0.5918917383773784,670715678748.1029
Noix de karite,2016,3925.5876321276705,27.238720152398024,4.107975257249372,73.24502851353346,0.6369093418707918,0.601435694020934,727740345950.8518
"Autres espèces cultivées stimulantes, à épices et aromatiques, n.c.a.",2023,1029.0,26.15476712328767,4.51827397260274,78.15893150684931,0.6806301369863014,0.694904109589041,998973479941.652
Ananas,2019,8525.56008583364,26.014198156017255,5.087646931706471,76.768403423349,0.7129807337611868,0.7653125518298004,867098089545.1016
Riz,2015,1751.0065749394396,26.437424647990888,3.114534037039678,73.93095638866387,0.5915340769427406,0.5758164382165316,672429802844.6125
"Tomates, fraiches",2023,4221.032306707516,26.30882341301908,4.617065569914979,77.1522058785667,0.6792790805181342,0.6775889514717628,978160126405.2383
Oranges,2021,4475.037643352753,25.51346853898441,3.873114583637471,78.47855017040419,0.6587231547535349,0.6968280458183848,892572740056.1993
Noix de karite,2019,4215.158629157483,26.03448896106732,4.987760306385293,77.06486151186816,0.7371248807516133,0.7206514222897018,869216611872.8005
Oranges,2018,4614.9,25.62013698630137,4.461972602739726,78.10038356164384,0.6793150684931507,0.6943835616438356,819305083628.113
Haricots secs,2018,559.2352435461218,25.41685285520902,4.43326581648634,77.2298688591,0.6656344379464161,0.7140550802337002,813052075553.0475
"Pois chiches, secs",2019,759.2588572554213,26.100128820482155,5.135583087208939,78.18882027038724,0.7299568816374501,0.7393932080841343,866210760146.0125
Autres fruits n.a.c.,2022,5703.655418663848,25.72259502600773,5.0346289181735004,77.74890717213633,0.658766333126222,0.6749464652938837,950027702496.5321
Noix de karite,2023,4318.692850680879,26.873017170510508,4.57168032658987,79.08733041745292,0.6945892289260116,0.694737446127878,1008075976417.7224
Tabacs bruts ou non fabriqués,2023,454.398390256801,25.805538851281536,4.546138852102568,80.24969057046769,0.667927432460504,0.6876602107875968,1003678826744.4006
Ananas,2020,8115.945745267401,25.48305854893346,5.072085646585107,80.2090825215154,0.7409558813704378,0.7428951732854738,856736772200.2571
"Piments forts et piments, secs (Capsicum spp., Pimenta spp.), crus",2017,424.9881325793794,26.999906767429152,4.038302038556114,77.26571469441257,0.6336423793054706,0.656440718889589,791196327446.6848
"Pois bambara, secs",2018,788.2450993505865,25.080596560491358,4.382908466440288,77.21703359794978,0.6813147537293385,0.7128483888978001,807394353668.7614
Fèves de soja,2022,983.8788436168105,26.098928134144817,4.7928095848141465,79.62511306208258,0.666136978530149,0.6870969664948222,943142422615.2017
Oranges,2016,4854.390955733558,26.134708955217153,3.983723109865181,76.26162611756514,0.6239023525763017,0.619216265237151,750788249676.5251
Ananas,2016,7882.675025112589,26.67284969655653,3.9810830391763448,72.35913606389995,0.6361952765245538,0.6292770859679272,731826756891.2632
Graines de ricin,2015,83.6050630708922,26.16730576454732,3.324044302060629,71.31595278682919,0.5863205220400433,0.5745650937666,679306901977.5176
"Café, vert",2022,563.6246732872186,26.362636680479525,4.858385149757374,74.50414962241011,0.6640010964122496,0.6813186876864261,938625134067.8351
Autres fruits n.a.c.,2019,5834.79677694388,25.808943144910998,4.895760055471926,82.25190448781088,0.7142493830118777,0.7147840487067524,860091100407.1227
"Piments forts et piments, secs (Capsicum spp., Pimenta spp.), crus",2023,416.96870839476765,25.949851276098457,4.6114975757224705,78.03638087351882,0.6781009460864723,0.6718124843163461,1001862834866.4631
"Piments forts et piments, secs (Capsicum spp., Pimenta spp.), crus",2020,465.02557702792427,25.47415737646432,4.790581406612839,80.21570104564641,0.742906235241461,0.721533374376606,851453093221.3866
Noix d'acajou non décortiquées,2015,1455.549324891527,26.80056150600226,3.277535096411614,72.76512453259065,0.5552898370340958,0.5954406606517795,669683262759.6736
Arachides non décortiquées,2021,740.8248197216493,25.732257332409024,3.896865158409757,80.88992311884948,0.6921350588463322,0.6907640994066426,902436151980.353
Sorgho,2016,816.9292600820035,25.879325506962417,4.220263995364985,75.22368909791817,0.6206781112044206,0.6402645775387577,726746199170.4048
Autres légumes frais n.a.c.,2019,5124.3332016595405,26.43967152294201,4.890344966736806,78.79092497075777,0.7190550772441171,0.7377727868525245,859606219708.3772
"Coton en graine, non égrené",2019,637.7892397388852,25.452183678467822,5.035803235916967,80.04972878396835,0.7441349949694719,0.7095894299020937,870216427970.0023
Maïs,2015,1382.1930338521258,26.64904431697871,3.214726930926877,72.66892305229753,0.5623068824803803,0.6071138124513772,683307052585.7477
Mils,2018,579.2982085603556,25.946510933912574,4.437996961106298,77.67210581042863,0.6592048126691027,0.697894550128383,821207476159.6432
Oranges,2023,4747.628899202954,25.920773263026728,4.483538823668254,80.25150751168566,0.7019533210720219,0.6627928281265569,1005659933404.3822
"Huile, noix de palme",2019,8897.179988633115,26.066671581941627,4.970528269926825,79.66081393046872,0.727209028732443,0.7094426995121066,868036594198.8547
Noix de coco,2016,3543.1152735340265,25.665459422029457,3.885584709126176,73.82861509107846,0.6400826388153464,0.6246088352973026,723889216645.2279
Noix de coco,2019,3842.960760779151,25.335854127667147,4.984820695800462,80.66799238716574,0.7204917930458659,0.73201424066144,858939270116.0509
Noix de coco,2016,3625.007168339773,26.481171205340498,4.087363306245018,75.12163952668264,0.6071596794481502,0.6219838308889105,733922563028.5443
"Huile, noix de palme",2019,8622.64764530884,25.656284943865174,4.826592813189524,78.72438567993417,0.7064276451186472,0.7256447672921273,873045496255.9352
Taro,2019,3202.3624377376705,26.40352018498457,4.99506979457379,80.00430583620123,0.7040792885343313,0.7323598448217046,855537527663.7426
Fèves de soja,2022,1008.8285482505681,25.020228454905357,4.942801684431202,78.31557126010702,0.6576304215069352,0.6614191002865776,947382548556.0475
Ananas,2016,7828.520617822306,26.45703487310823,4.163812288227737,72.23743951628803,0.6424702521085767,0.6012406393907322,738595152055.5325
"Huile, noix de palme",2021,8610.770598855017,25.95494392691726,3.9871643622419874,77.05885351217779,0.6635255187637139,0.6898686560114955,887872702218.457
Ceréales n.a.c.,2016,863.5278000713555,27.03074127575121,4.09510629412876,75.49721656803052,0.6338027000927242,0.6168297912049903,727095735041.3065
"Noix de muscade, fleur de muscade, cardamomes, crues",2016,989.5777232924813,26.52200600611992,3.9349468099484133,76.48298304328758,0.62359782581665,0.6088055339028513,733604238632.1477
Noix de coco,2022,3654.5,25.620328767123286,4.94627397260274,77.37772602739726,0.6615068493150684,0.6768493150684932,940020690899.395
Sorgho,2021,902.4864003683365,25.844597205272024,4.031549073133165,80.30171393096857,0.673832087015035,0.6761234232434212,915047004844.4092
Riz,2022,1654.0245624277825,26.170407205540467,4.911500665154487,78.54191962837399,0.6497381956344276,0.6799783166887597,937123126280.5544
Autres fruits n.a.c.,2016,5813.727615722435,27.32283016402037,4.03250008638461,73.6557249781931,0.6015895001624935,0.6114617735236795,722410831773.1161
Graines de ricin,2017,78.88478513393201,26.437550240432913,3.921759617278208,77.75762599578239,0.6348402278827087,0.654189027814356,779361909202.1525
Choux,2016,11322.7,26.5448087431694,4.076065573770491,73.88571038251365,0.6231967213114754,0.6228142076502732,733416000000.0
"Coton en graine, non égrené",2015,723.6639278422967,26.940785273484362,3.260287993499513,70.06536301369862,0.5793796371549741,0.5972645336470664,685767441072.1273
"Huile, noix de palme",2022,8270.325297678964,25.50486026490539,5.067301009579463,77.92779449148699,0.6669561974148792,0.676580830928307,939865599182.6632
Bananes,2021,13490.93170486147,25.935456924514337,4.012536873900531,76.88099939535708,0.6805747767168614,0.6941277366806113,880210394455.0306
"Tomates, fraiches",2017,4245.848135645786,26.87536018459662,4.009616292927893,77.5263531412005,0.6433834222923397,0.6572235865965647,773120455345.939
"Pois chiches, secs",2021,758.0399284759865,25.18024026381118,3.851643451690385,78.0300182273796,0.6816283574055423,0.6997578625427713,909695537468.5713
"Cacao, fèves",2018,1072.7245746731762,25.047852725657332,4.282836868485123,76.52538022908624,0.6805780002720205,0.6630224643170594,839476562806.5741
Patates douces,2021,3513.0823342852655,26.264958647559535,3.9600495405992873,81.5903987802265,0.6603075859234173,0.6928920493128164,897177962836.0004
"Café, vert",2016,396.2041448720232,26.05309116916507,4.107388205549721,74.25422047183984,0.6258252188277268,0.6249896192730251,739174484385.2021
"Coton en graine, non égrené",2015,669.0350220660217,26.9878698676843,3.196072264417395,73.91203868879174,0.5770995182483135,0.5912330793518025,678154392745.694
"Racines et tubercules similaires à haute teneur en fécule ou en inuline, n.c.a., fraîches",2017,5142.6940050063595,25.92903088953133,3.980694593145214,77.05631058055671,0.6563946517135402,0.6642917309168951,793693407756.6097
Riz,2022,1656.6621792046842,24.69082167187146,4.948430943711369,77.55861792576819,0.6608300655173226,0.6529577850631577,955337051536.8322
Arachides non décortiquées,2016,674.073273637415,26.45213549659596,4.133235867524442,72.71316547162803,0.6364683027594568,0.6146735297314012,735789641174.0444
Noix de karite,2016,3967.9502559700463,25.909784108054467,3.9414491031404846,76.5016350870916,0.6230141067333373,0.6060103566993421,722662281566.6617
Noix de coco,2022,3764.917896926203,26.7068866545742,4.908397968181039,77.4979579598332,0.6796684161071993,0.6693994252391025,940161139933.3616
"Noix de muscade, fleur de muscade, cardamomes, crues",2023,1062.0295253504937,25.352384107409854,4.64324737523632,76.99942210081574,0.6858280155691844,0.7073863825106512,1003002359603.6951
Bananes,2015,12026.791676642675,26.810727015921383,3.057360494720099,75.66561945350891,0.5786550239128556,0.5841843367784261,670275674140.3236
Noix de karite,2020,4129.140235505916,24.806778130233333,4.989976401084656,79.993880323361,0.7225809545028383,0.7281606479621567,857939631696.394
Tabacs bruts ou non fabriqués,2016,437.0370432260604,26.39299155473583,3.9884345303826843,71.57148748543706,0.6274502793197639,0.644513071502363,741837879220.0765
"Huile, noix de palme",2021,8605.270948482448,26.446497663344033,3.857822981610099,79.33136804908561,0.673330993086628,0.7197031808083214,887199078616.2058
"Autres espèces cultivées stimulantes, à épices et aromatiques, n.c.a.",2022,981.5538025418803,25.79307034242316,5.1604297549504,81.00465393156719,0.6284315068493149,0.690304824461848,952066239177.9974
Maïs,2017,1263.1265373501221,26.04588158783718,4.087801433476328,76.4639959498504,0.6498301483980146,0.6513337903621395,781297331619.1688
"Café, vert",2020,518.3821065877064,24.930773743947316,5.059994086067161,79.23669215898639,0.6968119183331993,0.7348225095483347,871172516830.448
Autres légumes frais n.a.c.,2023,5187.823112750417,26.53403079982344,4.686319682509627,77.33225389145323,0.67886074390343,0.6898861488164263,1003491045433.7219
"Coton en graine, non égrené",2020,681.1584385902975,25.40088088782969,4.93432676746672,77.59996371605527,0.7045618975171879,0.7615804599160172,860089962942.1884
Taro,2023,3252.6,26.15476712328767,4.51827397260274,78.15893150684931,0.6806301369863014,0.694904109589041,998973479941.652
"Huile, noix de palme",2020,8859.508364076586,25.128504957639056,4.836203358677625,81.03982585449101,0.7236533660755687,0.7498878091970005,854001715078.8113
Arachides non décortiquées,2015,655.0785363638288,26.134295146157953,3.1131993433041085,72.49905956290372,0.5918837869461362,0.5807724540323386,679148895678.1312
Autres légumes frais n.a.c.,2021,5073.496659550611,25.193642295312852,3.899855743215472,77.94473130582122,0.6616808408530754,0.6811438311597837,902819778866.491
Taro,2020,3109.7,25.55327868852459,5.009398907103825,78.95647540983606,0.7270218579234972,0.7411475409836066,856967581267.048
"Tomates, fraiches",2021,4303.476189034666,25.631102701808324,3.8942598461677,76.56933360627555,0.6910407728031887,0.6842878920260972,890342464420.7948
Mils,2020,584.3921576943399,25.454799371048846,5.061730450918864,80.79261123549537,0.7320698877003111,0.7276866842929633,850369710432.5822
Autres fruits n.a.c.,2019,5655.906938677561,25.822737150248646,5.07915821687669,77.99171571998727,0.7335826259111903,0.7373090159585267,857055319057.2916
Haricots secs,2015,481.8398276657497,26.360087216672394,3.1709717150011874,72.64727097430641,0.5770452211672901,0.5920744621442462,680100415893.4122
Fonio,2023,883.3765443933083,26.073123788699355,4.592310340324863,77.58705923963065,0.6803637700191628,0.6921810001546483,1005021805278.9412
"Huile, noix de palme",2019,8718.51980765404,26.44884257828277,4.917543814859821,81.00711484167519,0.7090661281087025,0.7217755605676718,867420123342.2184
"Huile, noix de palme",2015,8584.475934740716,26.30403855032513,3.192384466715133,75.63538998282414,0.5832290777388462,0.5845904612280134,683127976519.7096
Ignames,2023,8794.16773472468,26.066041409529138,4.390519366383655,77.49430183798435,0.6667912044265546,0.6954634124334133,995291226023.4293
"Cacao, fèves",2023,997.1291970030945,26.95069031647952,4.415502117447445,77.72175156700557,0.6911503151715536,0.6860668958581668,1007280513355.6919
Graines de ricin,2016,77.85622863960317,26.642176128595576,4.158225656312737,75.2977690651915,0.6339715805136918,0.6205423710881468,729228631657.4976
Autres fruits n.a.c.,2017,5464.193690154718,25.7576560636637,4.206700537266658,77.33286251186662,0.64647356169264,0.6588469384107775,787773936934.6263
Taro,2022,3115.2,25.620328767123286,4.94627397260274,77.37772602739726,0.6615068493150684,0.6768493150684932,940020690899.395
Arachides non décortiquées,2017,747.5531859784164,25.710196352764775,4.003120706935429,75.92892383902841,0.6712667969726198,0.6817366972923359,785391017297.2048
"Manioc, frais",2017,3928.619639671983,26.878377417005225,4.081547173299523,77.60385609790542,0.6525864289344678,0.6585269185582227,779273435246.5831
"Noix de muscade, fleur de muscade, cardamomes, crues",2016,1008.7992294141704,26.11591022674042,4.036592301773413,74.053629606356,0.6206440730360296,0.6151993029297093,741067899857.4457
Graines de ricin,2018,74.76414617398261,26.50371841311441,4.4529615514625185,77.26668156469297,0.6912399394079151,0.692753048545741,818386583892.7302
Autres légumes frais n.a.c.,2015,5116.449326527101,26.85667457011352,3.1878345825225103,73.17273041086693,0.605235476710933,0.5710543198988958,660994249786.7328
Choux,2021,11644.782107539715,25.704191270413645,4.00494646718354,78.09178359440358,0.669866721748738,0.6930038830679415,912854369507.567
Noix de karite,2016,3802.7866856488617,26.31139363429238,4.076259401001552,74.29626655850875,0.6423093113448597,0.6355389453870794,739494549827.6788
"Tomates, fraiches",2022,3963.2321890297153,26.07447500193649,5.001430354817967,79.82972459683795,0.6660583822342104,0.6645830905997805,950581587430.6158
"Autres espèces cultivées stimulantes, à épices et aromatiques, n.c.a.",2015,1055.9136688432677,25.64425000283988,3.1990326714760564,74.74588424989626,0.5705688870109282,0.5681438982828272,685452691429.1927
Noix d'acajou non décortiquées,2021,1522.7051297742278,26.02868449599689,3.923054369056758,78.4182927698018,0.6399356164383561,0.7027133193471404,904826845035.6532
"Coton en graine, non égrené",2016,908.2925680876646,26.765475777128678,3.913574681896735,73.67220466500986,0.6347483761427326,0.6141770419164304,733713521057.4049
Oranges,2021,4492.09350253706,25.582379767171485,3.8371298209609463,78.7531658710927,0.6851889332217064,0.6867457632869197,886903984433.4644
Haricots secs,2016,485.2933361487385,26.74636593128683,4.0000423626547015,72.27935995820624,0.6299223809668255,0.6330026179475432,723969899148.755
Bananes,2016,13084.962291944375,26.373659361373775,4.091248280413203,72.98199814723455,0.6038978981851061,0.6235161988304058,736579062891.1184
"Piments forts et piments, secs (Capsicum spp., Pimenta spp.), crus",2015,417.0311966531828,26.022740523548,3.1425927484386813,73.12900864106724,0.5832286636310136,0.5795199740542777,684063228820.3953
"Autres espèces cultivées stimulantes, à épices et aromatiques, n.c.a.",2023,1018.6282383555507,26.62272523716046,4.410258202224251,82.06687808219178,0.6823642333755063,0.6846944858978776,1018665054315.3318
"Pois bambara, secs",2017,764.5175777113434,26.740277343774704,4.081556953837925,75.04191519734826,0.633948835036614,0.6382896554281777,784920298660.5886
Haricots secs,2021,527.2878719548166,26.067605993234473,3.9075394624297437,79.25184638290374,0.6522548922345914,0.7099915278118196,883724569042.2345
"Manioc, frais",2017,3996.084910776641,25.50710614178012,3.9344529082575295,78.93924887005382,0.6594879685764813,0.6497639945869762,778914422184.8171
Ignames,2021,9352.682190868545,25.515734190741426,4.011383476054431,77.84521945119333,0.6613867957816673,0.6819962524549411,899315834025.6387
"Café, vert",2020,496.58489185582863,25.771472667595408,5.0379706077033175,78.61671293434922,0.7030733354419891,0.7596122512460076,855583988630.4004
Autres fruits n.a.c.,2022,5710.2,25.620328767123286,4.94627397260274,77.37772602739726,0.6615068493150684,0.6768493150684932,940020690899.395
"Tomates, fraiches",2018,4093.039972217638,25.663022332369586,4.427301844932419,77.48644723572794,0.6965999396045649,0.6644985985264369,819220818708.639
Graines de ricin,2019,79.86852811480549,26.639080028566767,4.8399807499264496,79.4977068069304,0.7178935002148203,0.7482430316262836,863508255980.5181
Choux,2020,10806.35031225185,24.942063709064627,5.091783588950414,76.33720338680348,0.7273649242789548,0.7527012719254513,852495209018.3835
Mils,2021,562.7560889498578,26.730656152396396,3.9529197921416417,77.91869148040978,0.6647107737462827,0.6834236768431683,897237323794.3702
Sorgho,2018,822.6400228411795,26.90114383561644,4.374801126480745,77.6256559181423,0.6912804849936377,0.6975967196492278,814997906593.0278
"Cacao, fèves",2023,1024.5010340113506,26.26306948548242,4.509569929432977,78.03580992225,0.6845539560784476,0.6895982863971928,1006073038581.3478
"Piments forts et piments, secs (Capsicum spp., Pimenta spp.), crus",2020,430.5101710091351,26.80101408070205,4.908682772434264,78.5166461530691,0.7523493330735348,0.7637667491271565,864359294584.5751
Autres fruits n.a.c.,2015,5784.933664241387,26.56241217559692,3.225866470057451,73.18907166090429,0.5968544049318274,0.5655911694081278,679031216483.9482
"Tomates, fraiches",2021,4318.5470871393345,26.311320767802172,3.99107340626428,77.31346783295625,0.6825217052620884,0.6892788881524271,876745781148.3145
Autres légumes frais n.a.c.,2022,4885.376814561131,26.340158662419952,4.919246334977797,75.73084961198332,0.6628236979193473,0.7029097364242012,944169043173.4631
"Café, vert",2017,439.92285182970403,25.965632646051667,4.087383793037931,75.1792005523087,0.653977153781931,0.6561993559698169,778237197507.5625
Ananas,2020,7830.420629897371,25.567090050133633,4.966908348296681,78.527074277241,0.7119027066903313,0.7485847749684046,859008884128.1405
"Pois bambara, secs",2022,777.9750501879851,25.336067352181676,4.932060744103685,75.02091520307589,0.6456801497139312,0.6745250842657996,942283845884.952
Arachides non décortiquées,2020,739.2430581235498,24.866981579151137,5.039961167666806,79.58884589326813,0.7367685710330082,0.7561792612515393,859042518210.4534
Ananas,2015,7973.9964066809125,26.454983040915717,3.1878582857450923,73.61929864780751,0.5776743556969051,0.5802153937893403,672929544218.265
Maïs,2019,1210.997188556112,26.114640011523235,4.93508283937169,80.33007085013325,0.7145574766001885,0.7256674565787372,876475693715.77
"Café, vert",2020,530.4234231307971,26.143960837839636,4.928082470173691,79.05130256200745,0.7095486383743131,0.7532404288622833,856733027144.3491
Oranges,2019,4408.685957789434,25.9430610373123,4.906864760686822,78.82702066248095,0.7049334089574045,0.7446225605704548,852056696323.7198
Tabacs bruts ou non fabriqués,2022,433.8591848951592,26.37279689839738,4.958987538052422,76.67939446099786,0.6516105611667261,0.6646696062231289,938002343033.6283
Noix de karite,2022,4366.870935739653,25.017881569267498,4.995728368888225,78.72526599610052,0.6607263378930749,0.6813782455664322,921000604505.6207
"Cacao, fèves",2016,962.7594747775274,26.6308515005148,4.045915784632901,74.71603005156095,0.6244341849740507,0.6079117261396951,739763858537.9539
Arachides non décortiquées,2015,665.9,26.17372602739726,3.183424657534246,73.75301369863013,0.5778356164383561,0.5891506849315068,676983748351.848
"Tomates, fraiches",2020,4077.67475964591,25.170662750623908,5.029360023569672,79.34681145789075,0.7391145413419175,0.7242930254493996,856209860527.1699
"Café, vert",2019,489.9389907731371,25.890655779049197,4.845779298375969,78.61572289130777,0.7253130652390459,0.7479267282011207,860504095920.6763
Mils,2016,630.6095340536978,26.840992173874536,4.119813100778448,74.50430503584265,0.6354758846593337,0.5980528342176997,732008178715.2229
"Racines et tubercules similaires à haute teneur en fécule ou en inuline, n.c.a., fraîches",2015,5193.418766113861,25.834897664698218,3.245599301568433,72.07777638225285,0.5728116834025819,0.590205509166022,682319647816.5278
"Pois bambara, secs",2020,784.7036433189688,25.359333751865368,4.989870842216289,82.00826305583415,0.7153339376072229,0.739215959550707,851477607988.0671
"Huile, noix de palme",2023,8249.616116369643,26.442519624571474,4.476824874821679,77.14199493810465,0.6759166712055094,0.6787041623040295,1006936535094.6715
Arachides non décortiquées,2015,683.5448569708761,25.928039961964444,3.1434481713590237,73.16175687147062,0.5771955202399798,0.5880858525993825,674409462327.4438
"Pois bambara, secs",2020,770.4710357480625,25.931639333149736,5.151441368841099,80.1053877262021,0.7306739976103103,0.7430216786311944,848600215280.1305
"Pois chiches, secs",2016,750.5886501933447,26.70894907883523,4.1197533922897,72.21043772459241,0.6333491039336001,0.623110171984987,737267515021.4978
Mils,2022,598.1279731230477,25.483171998907753,5.063641070630969,76.94525967288753,0.6699537710514714,0.6838529524544097,944907158592.5443
Fèves de soja,2017,664.3558021650887,26.764100824262375,3.9630557182340493,77.9636537505393,0.6319205893176874,0.6772057920574962,783683687444.6423
"Racines et tubercules similaires à haute teneur en fécule ou en inuline, n.c.a., fraîches",2023,5354.310405192999,26.316183005361445,4.49752608346094,76.22669280711837,0.6776251662537528,0.6655793053273675,981705348528.502
Ignames,2015,8766.194947655546,25.59487380655273,3.1191843173401566,74.24923041227221,0.5727564008634717,0.5942161991009347,681865384782.734
Graines de ricin,2017,78.03452276934088,27.14599883134083,4.184222441994292,77.78852678950821,0.6621887137268907,0.6488753138968725,775977605210.8885
"Huile, noix de palme",2016,8305.856573684061,25.932451557951534,4.045203010635809,71.35781948834477,0.6251387966147782,0.6045444213187805,722995629500.1145
"Noix de muscade, fleur de muscade, cardamomes, crues",2021,1011.9354717970657,25.596962370459924,3.9822544011684324,79.87775508346087,0.6595593992198326,0.6893986058745823,906894677773.8779
"Pois chiches, secs",2018,770.9221353941331,25.574690677466464,4.414245473254796,78.66278251895206,0.6725575535578919,0.697625373664751,814367665126.9081
"Manioc, frais",2015,3894.3035900980312,26.610307388362532,3.256531700884157,72.44865679006686,0.5893609849803909,0.5769110669722226,685662664777.892
"Manioc, frais",2023,3924.4,26.15476712328767,4.51827397260274,78.15893150684931,0.6806301369863014,0.694904109589041,998973479941.652
"Tomates, fraiches",2022,4132.990243214572,25.43219959563331,4.920677849726001,78.0365235597172,0.6719192554906113,0.6968007352207877,939874891728.8253
Patates douces,2019,3401.81340841393,25.809252944514032,4.885542333994656,79.73646821017901,0.725620753121417,0.7442411268648401,870159544788.2859
"Racines et tubercules similaires à haute teneur en fécule ou en inuline, n.c.a., fraîches",2020,5191.239592657572,25.238864332255154,4.803131895290238,78.32224587747982,0.7357203588771588,0.7369266580248592,851361764918.0908
Choux,2016,10902.180518934145,26.87440640330211,4.108826079552616,75.73298090593113,0.6465506007158136,0.6302088555186351,734412242386.0579
"Huile, noix de palme",2020,8394.817156737492,26.612754001924547,5.042791397267566,79.78491338241514,0.7182894105135574,0.7459887099387618,850454106797.309
"Café, vert",2022,556.4998835458632,26.14713641758007,5.0914946296457355,76.76199352175618,0.663781908501098,0.656727258585196,958377880926.3212
"Pois bambara, secs",2016,748.8945447824485,27.638877472719443,4.279868852459016,73.80887597876179,0.6309564854193367,0.6258813284154464,726698235877.8184
Noix de coco,2023,3562.661199121158,26.24522213933372,4.484497945063699,78.10236317912289,0.6704890320928295,0.7012934306075654,1014440300524.1422
"Pois chiches, secs",2021,805.6700391764591,25.533332172629603,4.011658520815432,80.92472967542781,0.6553108298841123,0.7120744291126275,912097654387.9192
Mils,2019,590.5171559871159,25.727756981723786,5.065252337970348,78.83708588960519,0.7033342077780776,0.7170381458416598,860408004412.9844
"Tomates, fraiches",2023,4389.942788323477,26.722989429820505,4.524625107146691,77.99991086000485,0.6537733275331917,0.6917745390303279,1001055560201.3257
Riz,2021,1688.8508186466524,26.789100785207932,3.999797161724858,82.4753040033228,0.6593587973634206,0.699712507698818,894071272149.5605
Haricots secs,2023,550.9024811935897,26.60127981445372,4.518546414669377,78.55593562144036,0.6799812986950621,0.7037197137163416,999460463821.9011
Fonio,2019,899.516984598702,25.409147780129246,5.00008684519073,77.91751434198663,0.7272765872934638,0.7447003801942987,861048924651.1147
Ananas,2021,8486.633820737095,25.733873694929752,3.9118012455329323,80.59739352225343,0.6737817161105396,0.6930365927618103,893255471686.1962
Noix d'acajou non décortiquées,2022,1475.8848082813843,25.637864097803412,4.987875528880078,78.26875017519154,0.6709740176171219,0.6618935554599524,938009261409.8695
"Huile, noix de palme",2015,8672.7,26.17372602739726,3.183424657534246,73.75301369863013,0.5778356164383561,0.5891506849315068,676983748351.848
Fonio,2023,877.8449532982735,26.917700445519152,4.554651506083984,80.56961982358132,0.6669665778925982,0.716145364869972,1009711000210.832
Tabacs bruts ou non fabriqués,2019,444.9,25.842027397260274,5.005041095890411,79.60054794520548,0.7189589041095891,0.731013698630137,864816063151.685
Fèves de soja,2021,989.5816247249091,26.046768136305346,3.937180507262741,76.54496570572306,0.6701120561277533,0.6562027397260274,891538130106.5354
"Cacao, fèves",2020,1140.2125025471364,25.356621609196925,5.026018045512209,81.25540956878027,0.7515419945780988,0.7453366177681965,864240137612.4805
"Pois chiches, secs",2018,739.6882721470379,25.6954469433782,4.601710213568792,77.47029375635678,0.6790766839947352,0.7047649160549185,828957059871.3508
"Pois bambara, secs",2015,842.6586930234076,26.562759921375434,3.254436886293289,75.41064809119835,0.5954554140982393,0.5933693694070856,673891075367.3073
Bananes,2015,12702.030571417827,25.821206390089138,3.262070986160649,74.70933493088518,0.5924899157375735,0.5738601094978034,676731561878.8612
Maïs,2022,1253.8,25.620328767123286,4.94627397260274,77.37772602739726,0.6615068493150684,0.6768493150684932,940020690899.395
"Piments forts et piments, secs (Capsicum spp., Pimenta spp.), crus",2017,448.95227651782653,27.163942360659064,4.041861695376749,75.84148113695183,0.6459164957038951,0.6399701009141893,795023525781.0676
"Huile, noix de palme",2022,8761.886334441806,24.59881261103841,4.926879620321005,75.35721771049417,0.6284315068493149,0.6756913952762004,930537044774.4163
Fèves de soja,2015,598.9570832097954,26.068136911204554,3.0674223578794537,74.84838461367393,0.5538695807558415,0.5878615677295095,667624128582.4424
Taro,2015,2511.4907618719208,27.043446210077104,3.2007185426512073,73.96212830819464,0.5900442707878785,0.5889432841418848,667676264032.1492
Maïs,2015,1400.2455629109484,25.934766756295556,3.1852987529250756,71.24223206891395,0.5883067479132784,0.5983241799624885,679943317136.4832
Oranges,2020,4472.476986066091,25.755666000368937,4.951656994781605,81.1667509007729,0.7140073589481285,0.7511361819869151,873731781807.944
Autres fruits n.a.c.,2017,5644.567368146711,26.33606627648249,4.078600603001452,76.41540282770546,0.6545736833075365,0.672342156505118,785923964430.5055
Riz,2019,1629.9333172021738,25.234676017798925,4.870494555890479,75.6205205479452,0.7184187931103772,0.7446195651069901,859047424445.658
Oranges,2017,4786.314665627969,25.533648611487152,4.081540029369249,75.16831930019852,0.6359844461658001,0.6450530151278238,790306342936.3724
Sésame,2015,322.685930387346,25.995526696688927,3.1200401751516917,74.31180028761794,0.576638088697498,0.597322499997517,682322798914.5419
Tabacs bruts ou non fabriqués,2021,447.1472243581666,26.30397202841441,4.09541499738926,80.48082985846577,0.6680428470819098,0.6935752787563626,877119612644.1609
"Piments forts et piments, secs (Capsicum spp., Pimenta spp.), crus",2019,417.45236819225937,25.753012800349815,5.019870790153237,78.53077365756783,0.7195934930256465,0.7361994974687486,870563401079.5319
Patates douces,2016,3184.3252375739035,26.895899709145006,4.078498189024396,73.7989087849099,0.6533104457470086,0.5964664586142616,732010109132.2013
Sésame,2022,339.2245774057831,25.29474954429758,4.969458254081995,78.74169010535141,0.6786612604481089,0.6949230986367787,934210000257.9554
"Piments forts et piments, secs (Capsicum spp., Pimenta spp.), crus",2015,430.0120303664986,26.430023539142486,3.191965854711797,75.12800205604741,0.5615850813325478,0.5910473472312511,666943786523.816
Sorgho,2015,915.144736840319,26.083907981856285,3.2017619987193022,74.43529805683666,0.5751636714353203,0.5964318350300264,671906155448.4817
Haricots secs,2016,483.0985509868024,26.298666965795213,4.026591201545047,74.70247110540727,0.6376992293983763,0.6131928686923472,737211923845.7986
Fonio,2023,877.5040514078618,26.493248191236493,4.635164711500283,78.41985020589392,0.6758720596929321,0.6978716603833816,1021719496999.5791
"Racines et tubercules similaires à haute teneur en fécule ou en inuline, n.c.a., fraîches",2018,5319.6982948329305,25.769318398806234,4.324979247788966,79.74373892837772,0.6735657390711925,0.6878191141707783,820043899964.7462
"Pois bambara, secs",2015,803.2638090467836,26.275205344408658,3.1045204685476255,76.40412153409203,0.5831674233806127,0.5760600594581331,662437956347.9813
Fonio,2021,849.4641303175583,25.846261236036796,4.021703875169775,79.97007888672576,0.6895310684694373,0.6854216059244691,897862146019.804
Choux,2016,11398.229072700811,26.631227579324307,3.917484049441416,73.55590810068408,0.6123929129829382,0.6179404577859491,723779584054.955
Sorgho,2023,905.9048548470794,25.987481454741218,4.35937275260083,78.30715276490571,0.6860382380779946,0.6765148376066653,999133325417.9791
Arachides non décortiquées,2020,760.1647902034862,25.583995076117017,5.009038440993194,78.50230416976362,0.7540328330221944,0.7569132240089262,856437303987.9385
"Autres espèces cultivées stimulantes, à épices et aromatiques, n.c.a.",2020,1002.7567502951108,26.368946932580805,4.899747318487667,79.63227977078985,0.7194607926366089,0.739576917200065,856634920412.7661
Fonio,2019,888.2502640842058,25.50267712464007,5.144993706833496,80.58584786888237,0.7331923744740729,0.7409342260363855,862219757651.6261
Noix de coco,2015,3386.7174771156347,26.832405801614183,3.2040104252646207,74.15100879241965,0.5933964233672296,0.6068988387121692,674419400985.9354
Choux,2016,10628.530455659273,26.350597755865305,4.0844137566234275,75.34634145504768,0.6226349841789218,0.62932805478309,735774188185.894
Ignames,2022,8773.092674099085,25.997698989588308,5.104963117546605,74.48778986196507,0.6612952833073013,0.6624008081794887,943946452209.9043
"Coton en graine, non égrené",2017,673.0559781615369,26.374800066981166,4.006072221307571,76.29721326269639,0.6446020077952952,0.6350856382766892,782766025694.7489
Taro,2023,3231.1244636766965,26.426768986783063,4.405859482449415,74.81930886672075,0.676121169802398,0.6916781411547531,1011180273023.4098
"Coton en graine, non égrené",2021,704.9042785515418,26.413531590569843,3.9532787167153836,77.59125692724949,0.6776746363731216,0.7016069660865033,908247727387.11
Sorgho,2020,894.6105648246804,26.083163485452,5.056046986020097,79.36921465822576,0.7108087962614802,0.736652510530476,849221148953.9137
"Pois chiches, secs",2017,757.6843154953737,26.485732108211426,4.192431071961241,78.45819971547408,0.6358004694266312,0.678958295196916,787677043440.3295
Noix de coco,2016,3496.949691719624,26.138019902925894,4.104456829021174,71.10520424040827,0.6352164305392004,0.6190836405319624,730480482828.7614
Haricots secs,2017,536.6847014138943,25.534709169581603,4.008580773081071,76.69659564276978,0.65396137789683,0.6589873574070995,776245555705.9547
Oranges,2022,4674.479434741928,24.882725708334196,4.933522117348779,79.01177215907605,0.663582155849081,0.6607234369840085,941424571113.9733
Noix de karite,2017,4082.1303674625724,26.558850692919293,4.142241593793296,76.29728057528558,0.6401660866013713,0.6625591317887467,776168185233.357
Ignames,2022,8967.760022668272,25.67570710142186,5.190471984978651,79.80281298951937,0.6419015273738776,0.6996905765426726,917671180180.4772
"Noix de muscade, fleur de muscade, cardamomes, crues",2019,1027.2312307931477,26.07209292823989,5.255293150684931,78.61255589327449,0.7160396924936797,0.7263805136923731,874383146638.9955
"Pois chiches, secs",2015,759.8557198459395,26.184013477880207,3.2374925719412,73.71080421851546,0.5710095047031047,0.5992549135010502,682105258787.4187
Noix de coco,2018,3600.0554133742544,25.057965128899575,4.503119417263667,78.87324112112961,0.6778559751761358,0.7051059251190003,810585202375.3959
Autres légumes frais n.a.c.,2020,5171.084341447249,25.502050454490295,5.17647517093999,81.49640779772216,0.7294984063427653,0.7410042401039875,869553636058.7944
Sésame,2020,314.1264129020421,25.20877682979458,5.191994346952752,79.09143582758077,0.7221725301394529,0.7294805644609123,858844849425.626
"Pois bambara, secs",2017,794.5379923334193,25.581077403374383,4.112251310329875,74.93735536347626,0.6365243097608007,0.6769933966876924,783836615429.0972
"Huile, noix de palme",2023,8386.767278510353,25.997933266969675,4.303574592252719,75.58842438821345,0.683152180926192,0.6996749454685162,1011248893523.2
Bananes,2017,12476.529241888687,25.99726003167142,4.047396216698109,77.29951240182177,0.6334498938190123,0.6493409252717769,775112874004.1525
Mils,2023,768.459736940728,26.880248439504168,4.501043522057957,79.55738639221799,0.7053357114158545,0.6700716705941095,997524438317.6056
Autres légumes frais n.a.c.,2015,5090.896147519543,25.68572773487324,3.157176004167895,74.81299994911407,0.5832227642062043,0.597698859895004,678651385203.9865
Autres fruits n.a.c.,2023,5688.3807751918375,26.50673082273921,4.534097100244582,76.3495364178119,0.6801873163112799,0.6717052410235758,996603894719.709
Choux,2015,11055.440073314001,26.141778246458564,3.170038564906372,70.64706921330165,0.5775968169316169,0.5631285230534466,681132180224.6392
"Pois bambara, secs",2020,809.2435855029719,26.21959591015874,5.135237624874026,78.18652736915489,0.7425032456801606,0.7697954590290035,863779847939.1771
Haricots secs,2017,530.386879594928,25.49745637882599,4.048680256226679,77.1940908786866,0.6479730051055854,0.6521629804020931,791498282189.1395
Arachides non décortiquées,2015,710.9507339567781,26.29913826814573,3.2567361905827212,75.27670930235995,0.5664648920088645,0.6041990883447876,679027786539.8124
"Tomates, fraiches",2019,4119.578334463905,26.01109307100616,5.0424848701191465,78.09267966950704,0.7248149116345562,0.7612275308285236,858387209238.1469
"Pois bambara, secs",2015,854.3989534689151,25.252966075529073,3.238956821276505,71.91161763947194,0.5759988138909108,0.5782752637088221,683039928982.7566
Maïs,2017,1232.6573625153706,25.661727109864255,4.082745808420769,77.01897821123892,0.6557764952452303,0.6626238165214124,794357741060.6428
Noix d'acajou non décortiquées,2021,1527.4073480195686,25.155512195564732,3.9203414415028037,80.59828785838602,0.6590762714243306,0.685873853191862,895710691882.1133
Ignames,2019,8872.539289791186,25.605903652879874,4.937234970541126,79.03023248798607,0.7056408334729937,0.7257846278006242,871504241231.4397
"Piments forts et piments, secs (Capsicum spp., Pimenta spp.), crus",2020,413.6962377967861,25.691101236591923,5.112842394551097,79.14557812905616,0.7374456103485386,0.7182971470406321,861013543098.7054
Ananas,2015,7929.020049251814,26.864894736341373,3.176069460256744,74.31918668214603,0.5907856666924691,0.5980269349015203,673364640967.7693
"Pois chiches, secs",2023,764.8935656147834,26.409726162734785,4.4555309549797135,80.03952631656557,0.6995715344094875,0.6807176229152437,984393962379.8748
"Tomates, fraiches",2020,4089.663034491084,24.67385783934745,5.04535013246079,78.05470969665342,0.7221242763784508,0.7181221580772178,848186121171.574
Fèves de soja,2019,785.7317031699678,26.084053184992896,4.951969409135347,80.55488627531713,0.7234281272943826,0.7407061260388594,883988508694.0524
Fonio,2017,616.1162168942026,25.920300576032634,3.862804109589041,77.3296838168449,0.662306830415049,0.642595160336011,788528357385.8973
"Pois bambara, secs",2015,826.1336384305009,25.68798708631449,3.3051342879108097,75.02271880135119,0.5812963147546474,0.5923945667136624,670900949858.7004
Bananes,2020,13915.713675945668,25.64977302878008,4.941200740638466,78.16069495626779,0.7191373323183772,0.7179069331229173,854430934427.5237
"Manioc, frais",2020,4067.1694607184163,25.34642308416186,4.962829310297073,82.34510353896123,0.7344164888292144,0.7556063104598328,870032798714.8959
"Cacao, fèves",2017,962.6233964768309,26.36701460535376,3.9696143881507138,79.3552355993436,0.6401007017084817,0.6558042539200551,783526133760.077
Autres légumes frais n.a.c.,2019,5095.751599042934,26.323515129613092,4.994354967669419,76.96269776970706,0.7135594529274142,0.7228030200844086,859897306469.6553
"Piments forts et piments, secs (Capsicum spp., Pimenta spp.), crus",2019,417.6569306145915,24.70328695438027,4.941376456285149,81.58208619657468,0.7154287400341421,0.75560933468326,878306442633.232
Sorgho,2020,871.5188540478548,26.349340152962554,4.868237028310615,79.73442190924703,0.7326447910391388,0.7631049671071027,854708664276.6688
"Autres espèces cultivées stimulantes, à épices et aromatiques, n.c.a.",2021,1030.1986143787915,25.124032169734615,3.8287577094302883,79.37151979642935,0.6670855371945831,0.6927077182307888,882285789747.944
"Racines et tubercules similaires à haute teneur en fécule ou en inuline, n.c.a., fraîches",2022,4912.345287901477,25.816381705197994,4.8147555138264995,77.36428668734645,0.6617434790727869,0.6731877909471786,939713802513.9004
"Racines et tubercules similaires à haute teneur en fécule ou en inuline, n.c.a., fraîches",2019,5267.861687890554,26.256687311980727,5.0597396609752066,77.55302378837132,0.7254318957150252,0.7363421253016417,878135353686.7524
"Tomates, fraiches",2019,4223.468288802583,25.60643522969226,4.825877576227848,77.27040185258498,0.7194114750519947,0.7088652406504171,868683217274.6771
Oranges,2021,4696.181575357408,25.91446513198371,4.089122573118424,79.39607523391531,0.6940146810026114,0.7007464383481748,894131039927.7249
Choux,2017,10685.889234785467,26.098896992252072,3.9857011699349094,76.04900772532365,0.6500622781961637,0.6533446344459231,775095273366.7018
Riz,2021,1742.195179600388,25.048348425070813,3.8115393353944844,79.39954230847752,0.663955992589158,0.6716223718413444,893229931090.0911
Choux,2015,10245.659564107198,26.409544341913755,3.318643896378641,72.44492787622389,0.5769611073061753,0.5958625312922171,673937109210.363
Mils,2016,606.9057859614361,26.461552613132103,4.069406465133149,74.31608127826688,0.617535616050153,0.6400817474327615,726407492967.7026
"Coton en graine, non égrené",2021,725.1579086313545,25.575483744669533,3.746071232876712,76.9824635876944,0.6635091950814471,0.6869349340680545,894146395702.4161
"Piments forts et piments, secs (Capsicum spp., Pimenta spp.), crus",2017,408.29791297962845,26.110132316354967,4.229033822507261,74.46519207027941,0.6482628098674116,0.6491571673138969,775975561471.5538
Oranges,2017,4742.139541802423,26.13708730521842,4.098851131025599,76.01848104951728,0.6450526854430476,0.6404663016521681,791856365727.2081
Riz,2023,1687.742380991315,26.52814685531017,4.55416936147319,74.62536295224064,0.6837264914376356,0.704834145320315,1003411167797.6614
"Pois chiches, secs",2020,780.8443496903946,25.545801588919687,5.040534538161467,81.03055103006882,0.7314038895061129,0.7775509954475941,844253998157.298
Noix d'acajou non décortiquées,2019,1434.2832567825094,25.782974142736148,4.913680164798356,78.23548005565928,0.7060506973297215,0.7249632373549884,864701131878.7672
"Racines et tubercules similaires à haute teneur en fécule ou en inuline, n.c.a., fraîches",2015,5633.354845997633,25.562839041547427,3.164966851675266,74.28102770377593,0.5648844540635315,0.5657458128987515,671428029147.0962
Autres fruits n.a.c.,2018,5574.322958579802,25.817313532492058,4.612934322339587,75.71852146061492,0.6908959737203456,0.6861358110254379,825301545966.7437
Oranges,2022,4694.324819729765,26.00688538566505,5.150874710157158,78.84868018379628,0.6687628941716531,0.6767711059282656,947629846002.8444
"Coton en graine, non égrené",2021,762.163570860138,26.52291712518212,3.9239970530672323,81.5580248905396,0.6794391561068603,0.6919308705455852,884815516390.9719
Bananes,2019,12963.28766214919,25.752098718006287,4.926506881071818,78.74095834553587,0.7358267409123891,0.7284708622938215,857175013402.2231
Ananas,2023,8143.9916142421835,25.821337322686492,4.382401890731044,77.68737442076645,0.6898717731922037,0.6893679700395675,995094060129.4126
"Piments forts et piments, secs (Capsicum spp., Pimenta spp.), crus",2023,404.6281995834956,26.4765583146442,4.5494908476591105,78.2383919361722,0.6952177718524016,0.7151316549918276,1014931205479.6409
"Piments forts et piments, secs (Capsicum spp., Pimenta spp.), crus",2021,411.7450804968338,26.43737481176298,3.746071232876712,78.79715061813984,0.6703276175650886,0.7085610239026343,886116190112.8207
"Pois bambara, secs",2016,749.683835062774,25.495539735268302,4.036753573122792,74.26654779777452,0.6191078375706275,0.6182547656190291,733854009639.8195
Mils,2018,554.9064871203435,25.96728145875474,4.496959738450568,79.60471272219466,0.6958650983949454,0.7074245477444686,799347962330.1715
"Coton en graine, non égrené",2016,913.3519913520771,26.352906903397066,4.011369778735926,75.2295749197322,0.6426713701348111,0.5975786466709424,727831640709.089
Tabacs bruts ou non fabriqués,2022,439.6474667030335,25.937065949472174,4.73903898558462,76.20096709005946,0.6779358417598746,0.6818646431121613,944262612553.6637
Mils,2023,756.7810712375257,26.277738418891705,4.4658472599524055,82.06687808219178,0.6731826212055854,0.6867814245594623,989371289625.0377
Arachides non décortiquées,2023,756.7381857225943,26.100064802056604,4.561478070732257,80.69609118471354,0.6808060230390549,0.7162257171840599,992507809035.3169
Bananes,2020,13087.739611338444,25.84400686843168,5.016112933326386,79.4534056307786,0.7355534253476462,0.7303600439163881,864676164196.2493
Oranges,2022,4821.445105625764,26.90134520547945,4.806693258921023,79.0326118628657,0.6655108797210735,0.6887740586550177,946662592686.4949
"Coton en graine, non égrené",2021,683.4900284243179,26.146134955125042,3.8537902870119147,77.37055825692187,0.6736961575071153,0.7012763541617544,886515277060.6326
Riz,2019,1636.6455490671044,26.511064572998414,5.155412239635877,80.47873355294257,0.7129092992972063,0.7311761891860079,868325018844.4917
Noix d'acajou non décortiquées,2022,1480.9159570950803,25.99342852766083,4.998450666355139,75.49500187750064,0.6802378829598915,0.6901239677653214,950018244283.0131
Riz,2020,1690.6036259348962,25.72588806362141,4.94549253735613,78.40597904970137,0.7398786277083129,0.7301357289628648,843248735820.6748
Noix de coco,2019,3772.05230673223,26.505799061728485,4.993289588736498,77.10443482913814,0.7068535265506468,0.760888244358412,867001673362.9508
Sorgho,2015,885.0209911331627,26.200431362272067,3.2499703565507847,72.37304359955483,0.5722939741301495,0.5964884440508821,684017622672.84
"Tomates, fraiches",2017,4252.337550601286,25.920817296206575,3.9820691563871313,76.8716644967954,0.6485874241370262,0.6421488529661252,780293928390.3525
Oranges,2019,4825.519159306379,25.22368962193762,5.201105269561882,79.21666198877166,0.746154250558764,0.7397684920280326,870719043564.6519
Noix d'acajou non décortiquées,2022,1543.1243782351944,25.833336549096927,4.912159867737644,78.69894879867482,0.6378852705729484,0.6882681432205566,942547862695.0328
Patates douces,2020,3628.3,25.55327868852459,5.009398907103825,78.95647540983606,0.7270218579234972,0.7411475409836066,856967581267.048
Autres fruits n.a.c.,2017,5759.628053028817,25.58148515158877,3.9988981555451555,75.88755059233806,0.6594114090180242,0.666574464113439,783428051894.8312
Autres légumes frais n.a.c.,2021,5047.058165527764,25.617845145276245,3.9172145135430716,81.75634609043873,0.6701012042251812,0.698126702724767,881011091226.2899
Haricots secs,2018,570.3674515525832,25.378500003360216,4.505892592509231,79.28037431174869,0.7132808219178083,0.7120528259475958,808214040523.5056
Fonio,2020,817.7067978168932,25.896704790599806,5.259868852459016,79.15418653943033,0.7167310154397011,0.732080407948404,850567775886.614
"Cacao, fèves",2019,1046.6712549343686,25.905478785524267,5.134675505553216,81.20973830167159,0.7021184905388694,0.7341624288420449,883698601643.7186
Fonio,2023,887.1711119550232,26.857641371710525,4.511191528852553,76.7691514888892,0.6740677922233211,0.6960606746886311,987168908596.1016
Autres fruits n.a.c.,2021,5693.025493661289,25.850793250734842,4.139895170391088,78.2107277479514,0.6519484269063002,0.6942874049176968,908572012489.1976
"Café, vert",2022,573.2164415112695,25.443282151874325,4.871751860317144,77.49052717325213,0.6739843899497907,0.6846858700550214,909550600502.6512
"Tomates, fraiches",2022,4288.86385680242,25.24020764259283,5.057579172354972,78.90482211512428,0.6435729992447587,0.6741494530778376,935368567383.6115
Ceréales n.a.c.,2016,846.7,26.5448087431694,4.076065573770491,73.88571038251365,0.6231967213114754,0.6228142076502732,733416000000.0
"Autres espèces cultivées stimulantes, à épices et aromatiques, n.c.a.",2023,998.1492084911503,26.727514625061403,4.542163238966801,77.23453123783513,0.6871472617346525,0.6810427194953064,993586607628.8185
"Huile, noix de palme",2018,8487.017135349162,25.20314844225171,4.287952234178968,78.34675191160832,0.6985034017561323,0.692145195342833,813250529639.5583
"Pois bambara, secs",2019,755.864924153173,26.473147202522036,5.04024180385692,80.61960116500036,0.7432789250069926,0.728505316532046,864999352340.1072
Noix d'acajou non décortiquées,2020,1495.5542068504583,25.32085759128795,5.164287061563749,80.8726473526981,0.742206860408394,0.7535603598376766,867546255722.8972
Haricots secs,2016,450.38454896564656,26.01229893908838,4.0265415468001455,76.88433005405662,0.6338463138014012,0.6178620369830494,724752857333.7428
Patates douces,2018,3703.800304417791,24.339130136986302,4.44191241412024,79.08260719158679,0.6835147390912243,0.7017502384513807,823818226387.664
Graines de ricin,2022,80.21941449156564,26.680037100366004,4.916532888388538,75.97226086831076,0.6673884207073411,0.6666512879189379,933392771994.1516
"Racines et tubercules similaires à haute teneur en fécule ou en inuline, n.c.a., fraîches",2018,5383.663315017942,25.60988735731406,4.4917225773215845,75.82371859476946,0.6965099161255925,0.673702284845069,813911136349.1877
Autres légumes frais n.a.c.,2015,5115.907719370653,26.401322082074355,3.0756540431691457,73.03017262415652,0.5755634252853933,0.599795980526403,678669680087.1016
Autres légumes frais n.a.c.,2020,5196.901915296847,26.034288984906915,4.908299900753542,76.64064296161769,0.7214745898752205,0.7397985226783207,846561774016.0883
Choux,2018,11014.20998992644,26.093694085422232,4.46138297753074,79.91078926059221,0.6785182954741761,0.6705160445163749,837176765574.235
Bananes,2015,12642.69484732812,25.60852331011636,3.187668103180357,71.48359724644602,0.5928623585844693,0.5999578115040141,666807637379.3792
Haricots secs,2019,517.8007190230584,25.52542941407517,5.0045078981562545,81.61217459805222,0.7549068493150686,0.719567114476405,855894776604.6002
"Piments forts et piments, secs (Capsicum spp., Pimenta spp.), crus",2016,426.64796863667783,26.56032979627977,4.096974855113547,75.04430191566898,0.6261497737420895,0.6122694805097858,741727064285.5728
"Café, vert",2018,438.3086975567383,25.973992065571885,4.3730188997167065,77.02773407839575,0.6607523423694531,0.6992930544535555,818709590710.8243
Riz,2019,1659.0719062871422,25.623785686525988,4.990798732250738,77.70913346160562,0.748511285140637,0.7449202362488825,856285802074.7467
Ignames,2015,9150.243910554806,25.996888826562934,3.2292187920520816,73.64279064786562,0.5958458924400717,0.5754106174797192,678115863985.8046
"Tomates, fraiches",2020,4222.413915926782,25.768004440920222,5.071429125707375,77.60639381229745,0.736451992119219,0.7415776995011776,859507250705.114
"Tomates, fraiches",2023,4269.5966923167,26.275123994955358,4.561109640708755,77.61693192850106,0.6821184134859054,0.6822565736903348,1002977933549.1455
Maïs,2022,1329.2229414609812,25.21236347793503,5.033408234340718,77.67678233417459,0.6635508469750349,0.6644411135084896,955933065832.363
Autres fruits n.a.c.,2017,6018.591277430037,26.581503920889926,3.9768701796298753,76.98909415997197,0.6554473711624205,0.6566655108387767,786212922694.7144
"Huile, noix de palme",2016,8455.994755776339,26.1900348691721,4.078780735249431,74.59698847067763,0.6004120236831234,0.6090351414443546,743583761724.7166
Autres fruits n.a.c.,2018,5754.6157745142145,24.75486285300696,4.362987864680004,75.81348343315263,0.6801662482599515,0.7028430438962299,830605394333.0629
Sorgho,2019,856.523456668446,26.182412671940664,5.048050610726818,82.48494985194833,0.7355348316689198,0.7373352852066858,859950171531.2975
"Cacao, fèves",2017,989.7310308150974,25.503409563531786,4.157153160604268,75.00296026115365,0.6424610249090427,0.6853760205615643,783572747528.2654
Sésame,2023,332.91978852765016,25.073444847905204,4.702837815067061,77.92755287595791,0.6798776356712126,0.6943993387165455,997541846150.1168
"Huile, noix de palme",2018,8307.324320253492,26.026914989320144,4.553627705677458,77.80354243063859,0.6453493150684931,0.6934483773137979,799812406514.7727
"Autres espèces cultivées stimulantes, à épices et aromatiques, n.c.a.",2015,1050.3094079891,26.316360290266005,3.119566686992438,74.09972324833043,0.5746468997420965,0.5999343920483341,673611987015.354
"Pois chiches, secs",2022,740.1596177607262,25.29939260412953,4.865615755489839,76.31163909755952,0.6723226112073675,0.6752333335375273,939425018790.381
Tabacs bruts ou non fabriqués,2023,431.225108194731,26.650672126862993,4.52179189519024,76.44129230487596,0.6882026080065609,0.7010137436178695,997057471835.3658
Arachides non décortiquées,2021,763.4215228430489,26.12585064206468,3.9390811961813417,75.61326549582006,0.6866122510933773,0.7051045425892992,892052368958.1952
Sésame,2017,339.09824861240844,26.86543796884867,4.045058786391521,75.83715333621942,0.6719536062981893,0.6606893088251715,785015404676.1257
"Noix de muscade, fleur de muscade, cardamomes, crues",2023,1073.0934910881172,25.701506430011285,4.744187671232877,78.62601653291543,0.6794561471119185,0.6909171064497339,1004274606743.7935
"Autres espèces cultivées stimulantes, à épices et aromatiques, n.c.a.",2018,969.0041855149368,25.064762189776605,4.604825791416519,78.75890982051212,0.6633413666667134,0.7099256122855092,820323955146.6168
Ignames,2020,8438.018440397736,25.87065023375178,5.022279883688553,80.7589091161592,0.7469552533987254,0.7510009249591068,874251222333.168
"Huile, noix de palme",2015,8407.74248868894,26.504763608134677,3.2300906394474374,72.96147835400825,0.5694533196063176,0.5596931506849314,673979007535.152
Ignames,2022,8792.00217048908,25.03029846290924,4.9686663027293,76.39209223855023,0.6568370968929802,0.6674008315131409,942411220673.7548
"Coton en graine, non égrené",2016,869.7,26.5448087431694,4.076065573770491,73.88571038251365,0.6231967213114754,0.6228142076502732,733416000000.0
Ananas,2020,8053.848578791962,25.225176218445004,4.999032024748451,77.71290534557794,0.7310135700310438,0.7420545417845055,852930865157.2461
Fèves de soja,2023,991.9824465853209,26.724846870271403,4.486466788861291,79.02744908942682,0.6709080780015428,0.6748999386682377,1008201294640.4514
Sésame,2018,328.6065786565786,24.983845026161095,4.521889124422029,81.39470419766394,0.6636335186550604,0.680965527854895,817107046725.8867
"Coton en graine, non égrené",2020,678.3130878491033,25.61718139908069,4.976943428681314,79.51234333022916,0.716909732041308,0.7284328592594312,850485644549.327
Noix de karite,2019,4027.6908758866716,26.655197585552724,4.945823945315217,81.42658476256327,0.710531289622438,0.7410365761812064,866767223882.6182
Ananas,2016,8453.849209905755,26.57693919412537,4.153259346875415,72.61475249717637,0.645391926702722,0.6267955811673752,737086540113.6671
Graines de ricin,2020,79.29978043925618,26.405809610120095,5.147036127711657,81.69153185386949,0.7413633491310341,0.7599815777023825,857742257964.8682
"Manioc, frais",2022,4315.309901892444,25.153220936849916,5.018104050251494,76.47317418672158,0.6770419872081606,0.6799634980253745,957765907505.0747
Taro,2017,3238.3862714003894,25.341577734809565,4.019353092457417,78.08327106974868,0.6473088583902781,0.6355857626750703,794747623289.6741
Fonio,2019,866.0156035151464,26.554478131007173,5.086916412747083,78.20349120405189,0.7445533440436447,0.7292318032330934,871394656297.7744
Tabacs bruts ou non fabriqués,2022,449.67649056758864,25.80194479536401,4.984846959722241,75.59779584134813,0.6534614494848081,0.6971238787733786,936317278749.4799
Bananes,2020,13551.115560864926,25.832674418680373,4.957510895001444,79.93880316404346,0.7463765228250226,0.7391693802400263,870837172427.477
Fèves de soja,2022,1017.4350576594993,26.206914567840617,4.972474667264118,78.81256131194613,0.6557428551112073,0.6669458391856795,929784419992.4814
"Piments forts et piments, secs (Capsicum spp., Pimenta spp.), crus",2018,396.871641624766,26.18277838920438,4.456925768474886,80.54510207406273,0.6844301892060336,0.6708398131649348,814208592497.5687
Taro,2023,3254.5508918541987,26.41080760028897,4.427247265590564,77.31948435275437,0.6779903103308406,0.7034421948288194,973476131841.1559
"Manioc, frais",2019,4025.737072996071,25.909358747539596,4.974322160275732,79.27478034162341,0.7403789071031361,0.7195919517453737,861198908328.7899
Graines de ricin,2015,79.25857814670569,26.575357048530282,3.197612282633152,73.06012029608733,0.57398631438107,0.612613310692167,681314748767.644
"Piments forts et piments, secs (Capsicum spp., Pimenta spp.), crus",2022,428.3183357093903,25.634238351388873,4.769494435510166,77.32296772160608,0.6649307024059476,0.7004527632185906,946202508194.9784
Maïs,2018,1190.4425575940502,25.539993703898276,4.4797881679878735,80.13235474562639,0.7008849041633566,0.6867107558260622,806513653198.0612
Arachides non décortiquées,2021,696.4231187002284,26.53109842986274,4.0123266612038755,82.73427733165047,0.6681656158030307,0.6980834659999444,888434070878.3912
Noix de karite,2023,4296.723221061906,26.02159831619612,4.43140139723071,77.39863721303469,0.6629082119905725,0.7051714213672966,988296967637.7272
Oranges,2017,4538.856251078554,25.887690869067065,4.19508155913832,76.5493666366072,0.631574830784151,0.6587888381176855,781267616347.7069
Bananes,2020,13564.175543265661,25.73720154941872,5.121962866901319,80.49189973863278,0.7230713859061471,0.7499341488770807,845822184109.5295
Sésame,2019,329.1815676433307,25.033459204382954,4.75478904109589,81.78974183402502,0.7378559779933003,0.7147032585740597,871917107406.01
"Manioc, frais",2021,4009.3349291696563,27.22414109589041,3.945797862521951,80.0009223953869,0.6656025011816904,0.6894359724656111,882382163157.2711
"Pois chiches, secs",2022,719.239375773217,25.2043682416189,4.889580156705629,73.50883972602739,0.6857292506585888,0.6933938354812006,935893232278.3428
Noix d'acajou non décortiquées,2019,1475.6896230926225,26.113089368042093,4.875407679542385,78.20952966050245,0.7235916206278299,0.6979735096181355,879191330673.2832
"Huile, noix de palme",2021,8354.876242240087,25.28305361506041,3.966104464716758,78.9283831869893,0.6903459814826939,0.6742905134803827,889728457519.9478
"Tomates, fraiches",2022,4248.8,25.620328767123286,4.94627397260274,77.37772602739726,0.6615068493150684,0.6768493150684932,940020690899.395
Tabacs bruts ou non fabriqués,2019,447.029448935796,25.354946607195004,5.08669783009406,80.4115693296751,0.7065159579837762,0.7171006703541332,869274889950.9302
"Autres espèces cultivées stimulantes, à épices et aromatiques, n.c.a.",2016,1030.3925960031347,25.964355678392856,4.064455481768495,74.64671701602737,0.6366096200272203,0.6408450724802432,729938664241.5808
"Tomates, fraiches",2015,4421.205446365389,25.54352740028365,3.1270921038090234,72.62529906837524,0.5747149850348611,0.5901961709174595,688038019023.0219
"Manioc, frais",2017,3885.718573927252,24.8541602739726,4.103201041553127,77.61055640978942,0.6369216732823797,0.6528193146350593,788781497105.5841
Fonio,2018,852.0,25.62013698630137,4.461972602739726,78.10038356164384,0.6793150684931507,0.6943835616438356,819305083628.113
Autres fruits n.a.c.,2022,5748.599553814135,25.945678603782135,5.012037362177739,78.84980913489836,0.6672003044481304,0.6974934530035124,950192278773.4176
Haricots secs,2015,499.4047733523195,27.196623332052216,3.266707362924706,73.96622536199675,0.5807571865183324,0.5848372973164084,680639010733.8217
"Noix de muscade, fleur de muscade, cardamomes, crues",2015,898.5557753858313,25.39689241966846,3.1718811322064844,72.7803005699736,0.5736239011425269,0.5875174765881211,672782198993.6584
Ananas,2019,8024.522872315087,26.447237414979988,5.081490857186778,77.72935969572481,0.7307996327522003,0.7304844815665252,868819137191.2153
Riz,2021,1789.8384225232314,25.82754412292671,3.9671243169403207,80.28249194003546,0.6543413396948521,0.7037358330135757,897957161766.3799
Ignames,2018,8826.518594861562,25.259590219874774,4.538903983309183,77.35860207818618,0.6931930992260922,0.6982158042729053,828188244152.7145
Patates douces,2018,3561.8267808054825,25.016272625943117,4.36344505681689,79.22950213945991,0.6988988851755613,0.676853551600196,825243222089.734
"Pois chiches, secs",2021,768.4852301703061,25.48284925063227,3.840301379502084,80.52481066241238,0.6672993223121173,0.7085004160473336,896084507978.6903
"Café, vert",2015,379.8763050273044,26.433887929626597,3.098653589189571,74.5309584492961,0.5852717992125711,0.5847114214329139,662988387945.7183
Noix de karite,2023,4545.750444915037,26.09597986409203,4.744187671232877,77.9978350347704,0.6888463134669713,0.7131918368948387,985722622945.2202
"Cacao, fèves",2018,1058.0717920685806,25.506982884494086,4.488225244038266,78.50953365086573,0.6878038471433288,0.6925994714130447,815910658914.2837
Mils,2019,577.1976633552626,25.64535512221747,4.982272077953609,79.15905883220886,0.743202274135556,0.7242232508037614,857127928778.4728
Sorgho,2016,852.3328249304916,27.009452257208164,4.157680834977948,72.18041602402822,0.6145269229878461,0.6469211692126626,731956805965.7919
"Pois chiches, secs",2022,758.7059866704503,25.524389998621626,5.073874581068003,79.5319231716481,0.6567745510331873,0.6703547017629923,942011187442.7698
Sésame,2022,340.98219627379723,26.428367008816146,4.698960273972603,78.79538137932917,0.6821670461603363,0.6861498082744256,927309831946.4705
"Coton en graine, non égrené",2021,725.5766386242435,25.562578866553043,3.8953885634737917,77.75332664218018,0.6733369039385148,0.6781839252325933,891413724914.227
"Manioc, frais",2016,3806.1593473283638,26.559251774980115,4.045129325598544,72.18803463989161,0.608666570511504,0.60909805992975,745368382632.8441
Sésame,2017,326.1,26.162273972602737,4.066109589041096,76.52139726027397,0.6475342465753424,0.6606301369863014,783338000000.0
"Autres espèces cultivées stimulantes, à épices et aromatiques, n.c.a.",2021,1016.3685161248254,25.435557542660774,3.9638659809705588,76.83820700718361,0.660701974629225,0.700733618229002,882203762886.3016
Autres fruits n.a.c.,2019,5800.941664337438,25.932164951446257,5.080948719375461,79.67859912662554,0.709380433497508,0.7429414043300696,866742257687.5128
Mils,2015,796.8145098114339,26.10281687347167,3.191804156373743,75.20603248875024,0.584619458230835,0.5901814358906052,667118005082.8821
Taro,2022,3123.724318883104,25.631648354087005,5.172372200383028,77.57796421605264,0.6737288405320164,0.6923211729544412,939105619515.7094
Haricots secs,2022,553.2908518945031,24.927419990516487,5.057213090710766,75.87528168759815,0.6808538235811845,0.6651836211101841,939927051498.2588
Fonio,2021,861.3250369978209,26.56457246183138,3.839294766210745,80.79889600627233,0.6680051258804272,0.6889184783331966,897712327473.1263
"Cacao, fèves",2021,1095.9158255796226,26.515638497071038,3.9997278599736728,81.28234857694936,0.6831000344099566,0.6889757581165404,905956880015.9252
"Coton en graine, non égrené",2019,645.5,25.842027397260274,5.005041095890411,79.60054794520548,0.7189589041095891,0.731013698630137,864816063151.685
"Autres espèces cultivées stimulantes, à épices et aromatiques, n.c.a.",2022,1059.5601919472942,26.403081841880145,5.0566668486106705,77.28237283991302,0.6520368705607531,0.6557334449081674,929478718099.9613
"Café, vert",2015,365.64978532036923,26.335265414318393,3.269324527833342,75.27514569586425,0.5763013537249966,0.5747896579992613,687371283013.7233
Ananas,2021,7651.805201283091,25.321354026119657,4.04800339749302,79.79497761849689,0.6625711776548554,0.6940890854068271,889199479896.9038
Riz,2021,1727.124632991344,25.669970140903647,3.974499940804567,78.27553185689571,0.6571073410072384,0.6764327668230712,892530353952.6147
Noix d'acajou non décortiquées,2020,1434.4434929232218,26.163784163648472,5.108821014048455,82.02212581065983,0.7288341919571265,0.7355394821678796,859016032279.7635
"Pois bambara, secs",2019,752.0116443587762,25.586135697005464,4.87122294298638,80.76286504124113,0.7262058804188574,0.7186254818800899,850983130157.8671
Tabacs bruts ou non fabriqués,2017,444.4,26.162273972602737,4.066109589041096,76.52139726027397,0.6475342465753424,0.6606301369863014,783338000000.0
Tabacs bruts ou non fabriqués,2020,432.34024966453137,25.450215018115045,4.99887964553818,81.94835662212022,0.7091893229839314,0.7297836714444909,849310886067.5844
Graines de ricin,2019,78.99502914014096,25.232288274517124,4.87809873866487,82.90675348762431,0.6973469662174828,0.7225439122702022,869356809941.7767
Riz,2023,1721.282658632811,26.11764882070848,4.39925020514867,76.86387920010533,0.6896374206330009,0.6710582537878892,1001078109822.7786
Autres légumes frais n.a.c.,2023,5315.067671980035,26.28106511991079,4.532886588298274,75.3141786359533,0.6757752091699034,0.7189475884132719,985129172889.4052
Fonio,2017,610.1281843837472,25.903302436528232,4.004457365691315,78.66126117066997,0.6408084634234568,0.6664504953416192,769064005948.4204
Tabacs bruts ou non fabriqués,2022,444.7,25.620328767123286,4.94627397260274,77.37772602739726,0.6615068493150684,0.6768493150684932,940020690899.395
Bananes,2023,13606.7,26.15476712328767,4.51827397260274,78.15893150684931,0.6806301369863014,0.694904109589041,998973479941.652
Haricots secs,2023,578.4536328968559,26.249959531644432,4.524444425049463,77.49007930084021,0.6682416213222787,0.6949775651880391,1001580812312.9447
Sorgho,2022,901.3133595036962,25.100033822363663,4.764308518876981,75.60222062082259,0.6434592753086776,0.6903387931916827,947392552127.299
Maïs,2023,1304.2021561951024,25.68210562295435,4.631294321195173,78.86622675490457,0.6793794033494409,0.7174278104191933,1009351483088.5106
Mils,2021,622.6383495413965,25.663593407149456,3.882132513481331,80.98115312246378,0.6873919905770496,0.7096145489117106,910251779903.0869
Autres légumes frais n.a.c.,2015,5071.834266031288,26.373417049815405,3.316420830864091,74.69362739353754,0.5824748355106328,0.5752495265568909,676770441548.8523
"Tomates, fraiches",2021,4309.266088537984,25.813942720583807,3.943944970764666,76.8301778642878,0.6769462536538733,0.6804563023430147,897426885355.9048
Sésame,2022,334.99913266823836,25.59989952276376,5.184822057459509,75.93437445343142,0.659826767688215,0.6804561020114273,950515915756.8546
Fonio,2022,820.2495271865848,25.389386052684298,4.92845022037607,73.50883972602739,0.6710870758268958,0.6774172443494737,955408318260.006
Noix de coco,2016,3411.717310420783,26.6865532764333,4.109873309924554,73.09193070209807,0.6494133675896077,0.6469114049372231,736833504761.3712
"Piments forts et piments, secs (Capsicum spp., Pimenta spp.), crus",2015,417.0878850058704,27.260618785831547,3.2448757283431755,74.23920999270713,0.5924798129865323,0.5698156744155835,664952367366.8186
Sésame,2019,319.3473981615967,26.043706281190172,4.96178181517216,80.23745060206396,0.7111604372736015,0.7459097458257844,875140866445.4087
Mils,2018,598.1575109370302,25.966586254931507,4.592099844891242,77.02300155441968,0.6510877638370973,0.7079322181523123,817304244678.1405
Sésame,2020,307.23857064540033,25.548548414928234,5.049810247115277,78.44147461771608,0.7099159002820511,0.7339322104062417,861925276125.7778
Arachides non décortiquées,2017,696.7415539620372,25.627411203348725,4.2110272819971515,77.22009041080725,0.6381520241585477,0.6713676607024996,778729193984.299
Noix de coco,2018,4043.422561075791,25.887101533097976,4.455403733245645,78.7959378506399,0.6985952646316992,0.6991849258879945,822360278127.9467
Mils,2018,591.6056767892238,25.588573447604613,4.302099009852249,77.24533947508597,0.6609351711844371,0.6715522109524075,820908670019.1082
Ananas,2020,8018.8,25.55327868852459,5.009398907103825,78.95647540983606,0.7270218579234972,0.7411475409836066,856967581267.048
Noix d'acajou non décortiquées,2023,1492.1492638326145,26.088004474566926,4.420045214836842,76.63837452534868,0.6702211217463662,0.6967907719684051,992268809062.8827
Autres légumes frais n.a.c.,2016,5118.562644949718,27.43213811039615,4.048839377108787,71.81049211938546,0.6111885855881073,0.6460822724244124,734271144619.6714
Fonio,2020,911.4868637453066,25.131482836577234,4.982422066654825,78.01106846524614,0.7385916398283445,0.7462113786283116,857508028433.5325
Sésame,2019,329.5981713640352,25.809538830228323,4.944670662318373,78.45241984070347,0.7213372492617605,0.7164703387102941,852228677060.4742
Noix de karite,2018,3988.1240714563887,26.000641815238726,4.512845897638701,76.87333788898626,0.6959718018921875,0.6899793772591026,828079199785.2415
Graines de ricin,2020,80.358543056032,25.982995361697824,4.885519732285543,81.9940202573912,0.7309592916065881,0.7333162953281761,870306089424.1678
Arachides non décortiquées,2019,745.5000292833026,25.987826264824655,5.006071103266866,79.27942835199974,0.7309673761072076,0.7340774563384728,873611511495.7738
Ananas,2020,7971.926006566326,25.99771223669112,4.916832872691422,81.71167903088188,0.759329664612417,0.7490900149777024,865219845977.8668
Mils,2019,587.7,25.842027397260274,5.005041095890411,79.60054794520548,0.7189589041095891,0.731013698630137,864816063151.685
"Huile, noix de palme",2022,7797.175395491905,26.42037708853948,4.866951247116619,76.49544221618295,0.6689088527705405,0.6791025569640059,930883047969.36
Patates douces,2017,3448.542293079891,26.88626735272199,3.862804109589041,75.45113488235471,0.6504876889113504,0.6546648320296292,784597349703.2446
Taro,2016,2583.4991486059184,26.59313197778006,3.963275096944206,76.28897249701714,0.6165026062485951,0.6356855990134856,735683109148.4579
Oranges,2015,4565.715561881725,26.90551436803868,3.1456276238548053,74.27285252848499,0.5668712954580689,0.5819663944071328,681617866059.5042
Maïs,2021,1259.9756351285127,25.525356243169593,3.7689741665370042,81.11164369028397,0.6739976935899451,0.6652936133699363,902458715125.2965
Bananes,2015,11740.961139814099,26.207355628034225,3.133249573376749,74.62294566119802,0.5841533190614295,0.585656940884619,683134273396.2888
Bananes,2017,12669.492692921986,26.626227988765148,4.036750817791229,74.59107382077744,0.6417192259075386,0.6639407517664483,785891288416.9205
Tabacs bruts ou non fabriqués,2017,455.17295972989984,25.65104635591908,4.044400684711512,78.33337194626412,0.6573923701044546,0.646397153033681,775756487570.2195
Haricots secs,2019,513.2129936114187,26.398711803444193,5.09806101806313,78.92384415345975,0.7107290285398331,0.7310063309341178,876128369346.3306
Haricots secs,2020,550.914240753706,25.73810858397493,5.053419882181108,78.39366518169466,0.7463470709442899,0.7421416704566466,868631855205.51
"Pois chiches, secs",2016,740.5,26.5448087431694,4.076065573770491,73.88571038251365,0.6231967213114754,0.6228142076502732,733416000000.0
Noix de karite,2022,4295.336117571904,26.519163017886356,4.933229458213002,76.60952848713144,0.6538520642395224,0.6961241181319273,934579149872.7633
Mils,2019,581.3209248268133,24.54992602739726,4.887261041060404,78.99279281861232,0.693932812549483,0.7559103518581918,876086409719.0372
Arachides non décortiquées,2019,759.1604752971211,25.810558885804173,5.011222412787272,80.49218749128376,0.7319788923367893,0.7012581746986734,862309383215.5013
"Huile, noix de palme",2019,8981.02386572204,24.77745033851854,5.0162111691857465,80.98891024900448,0.7207556576102837,0.7170793050431257,879842635614.9657
"Café, vert",2019,503.3654245026942,25.35221929360424,4.965783523847253,78.9877700659372,0.7347856652547002,0.763140099483071,865906572042.3888
Ananas,2017,7860.675073439752,25.903377253545024,4.0132142449950665,76.30026812980613,0.6544511617637155,0.6680704716473773,787441600473.7574
Arachides non décortiquées,2019,708.4096368247933,26.138130145711173,4.861207516647265,81.86200204123858,0.7070423059192886,0.7062884226081159,871638627681.5533
"Manioc, frais",2017,3952.868940112455,26.403688566794692,3.972648869747898,79.44116057267489,0.6758296803683688,0.6583923736195196,784598816380.435
"Autres espèces cultivées stimulantes, à épices et aromatiques, n.c.a.",2019,997.4637208139619,26.32431825861101,5.170435918083486,81.53717718835252,0.7125125407164951,0.7235491699983535,873642102516.8586
"Café, vert",2015,359.0325636340011,26.596549501549504,3.2389661837058403,74.05553002682178,0.5654274656161631,0.5799568955309541,684008835269.2511
Autres fruits n.a.c.,2021,5626.625537625854,25.850620589445555,3.9158356394295715,81.10065438509152,0.6771382794783269,0.6726416562412374,900816169140.9146
Taro,2016,2596.3,26.5448087431694,4.076065573770491,73.88571038251365,0.6231967213114754,0.6228142076502732,733416000000.0
Tabacs bruts ou non fabriqués,2017,449.27567476408143,25.46895964838507,3.9754757214511995,80.34746712328767,0.6526026180616566,0.6648326402239043,779737338183.2432
"Autres espèces cultivées stimulantes, à épices et aromatiques, n.c.a.",2019,1000.9454277092036,24.6088878915737,5.035746238611451,81.31016734084949,0.694871512317664,0.7509043586117135,879575794172.911
Mils,2020,575.9653557145588,25.226065827540356,5.052063100605221,79.24008748621492,0.7425545407090469,0.7298370193673,852811786281.3182
"Pois bambara, secs",2017,720.192197645278,25.79286305671522,4.027179545351661,78.64017855951154,0.6523919517488342,0.6616711493407633,783410809122.8156
Taro,2019,3128.129981486055,26.04216539151693,4.968725262410119,77.9978744410129,0.7231097217730834,0.7446738758698067,866513569134.037
Ananas,2023,7934.193430223876,25.749967333251025,4.449977601062558,79.14564446928033,0.6759009154045548,0.6978636572203718,980122833410.1028
Fonio,2017,642.9654524213806,26.02770140247038,4.097739607936978,80.34746712328767,0.6334433711975429,0.6532298014682374,781904966758.5879
Ananas,2017,7923.597566703548,26.075891170740498,4.11289768463489,78.59763074509125,0.6395456421661636,0.6406320722219558,795225323534.7662
Mils,2018,588.2636178121168,26.096432001380737,4.509166916612645,79.44495563200572,0.7076249744327575,0.6704603515135804,819661419949.1798
"Pois chiches, secs",2016,750.7189610554915,25.66189346360992,4.173688317774726,75.00105341162923,0.6197392866937357,0.6334955778249884,732930843865.6113
"Huile, noix de palme",2017,8766.262579741415,25.816715634013885,3.9667855203229134,78.0756206604422,0.64299867077276,0.6637916816602946,779458613561.0597
"Noix de muscade, fleur de muscade, cardamomes, crues",2023,1092.0147172415789,26.29585041898917,4.539411193082325,78.1221048357248,0.689046393351684,0.7151448296678325,1006313144278.3601
Tabacs bruts ou non fabriqués,2018,427.45762165526145,24.92690271720565,4.543880360468207,75.49816136787022,0.6536391726386447,0.7089663463853108,820360234622.7643
Bananes,2016,12049.56940256677,26.136805208067216,4.060690705663326,73.80236778949026,0.6255619547548806,0.6052461436384508,728324764989.9438
Ananas,2018,7962.612224790858,25.833845829986625,4.5508037239241,77.5205849025054,0.6931944286718333,0.6903687551631111,815853306703.4303
Riz,2019,1656.1560844112028,25.314708779256478,4.927731654524965,78.28878743227497,0.729642926597168,0.7606286491503609,863439930600.0303
"Café, vert",2016,383.8002562708778,26.15353380693201,4.01989360948305,74.18052620205073,0.6239145085176948,0.6194317806775119,721701412878.4493
Ananas,2020,8323.119987573262,25.269988375823644,5.089127824683067,76.40550807705328,0.7379618624281423,0.7370277290557442,867654489926.5178
Autres fruits n.a.c.,2017,5549.467923915397,26.28941074729184,4.063626805266536,76.55985100355427,0.6388178258584792,0.6506083969198739,789757864210.5798
Graines de ricin,2016,81.77884220870037,26.133486249721866,4.147405378972975,74.03333663941333,0.6268542344095618,0.6144721446337159,728302726962.1494
"Tomates, fraiches",2018,4425.829111306516,25.418777784191974,4.383711601043134,78.78929312216536,0.6780229945558107,0.7168315092871049,814324078880.8794
"Racines et tubercules similaires à haute teneur en fécule ou en inuline, n.c.a., fraîches",2015,4946.25269840582,26.661914825480352,3.1666157654877654,77.44066438356164,0.5700995884232989,0.5784327972779804,682685292182.31
"Pois chiches, secs",2017,738.0642097786244,26.69613747525345,3.9803528566872806,76.44881532571189,0.620816273657018,0.6815179282519612,795368259549.1478
Oranges,2016,4676.273997480795,26.37937300943061,4.1712667119528835,75.62824756622636,0.6248913878054995,0.612583944854567,723607398902.0795
Bananes,2020,12935.411124405802,25.43235336788327,5.077670742622471,78.6656851240632,0.7139579210214881,0.7473223450330658,862560200474.8691
"Autres espèces cultivées stimulantes, à épices et aromatiques, n.c.a.",2017,990.300012514186,26.637376087406462,4.081386663693231,73.3331938281845,0.654362864319272,0.6533265619692056,791537030498.8527
"Café, vert",2023,554.9617880625852,26.461229330603828,4.583383657378266,76.42101025090795,0.6799827791499329,0.6759022009053657,1012351723536.9442
Tabacs bruts ou non fabriqués,2015,446.81440134746526,26.15693443599107,3.2613840553104945,71.7124504160357,0.5750758048774516,0.5926816286695676,670139928944.1945
Ignames,2021,8700.756767843028,26.385375081364664,3.880674865257145,78.07813081054542,0.6710494256903533,0.6973421011189446,891014988928.7609
Graines de ricin,2017,82.48134091826675,25.516521529741773,4.004924314564393,75.41653772343753,0.6498927702122265,0.6407111781870795,778372618662.6162
Graines de ricin,2015,81.88977987393375,26.48150522245142,3.2028779654154422,72.07577667243588,0.5847936786135545,0.5823979250302578,686571124835.779
"Piments forts et piments, secs (Capsicum spp., Pimenta spp.), crus",2019,392.2485063605756,25.38852752429112,4.852653137084524,79.41574448278196,0.7115777905032811,0.7344843524473962,870759755757.8737
"Racines et tubercules similaires à haute teneur en fécule ou en inuline, n.c.a., fraîches",2023,5140.421001744582,26.064130231251855,4.443829040521162,76.17751795165593,0.6774588211727711,0.6889544611052026,1018303995631.2605
Choux,2019,11397.662044698127,26.905439060895105,5.084844587183196,83.16429929906522,0.7309082508736723,0.7308881987732196,847034926460.6505
"Pois bambara, secs",2023,756.0425828997405,26.36524193601859,4.617634154605785,77.62649796596938,0.6911875163864158,0.7030966768365152,1002532333631.5618
"Autres espèces cultivées stimulantes, à épices et aromatiques, n.c.a.",2015,1014.7296193775128,25.84451273630351,3.121944478896316,73.56608717586414,0.5921927810902967,0.6069142409319604,684068787055.0061
Taro,2017,3185.2034467077124,25.859598023274863,4.062278830367013,74.9281211119161,0.6336958701014732,0.6553147075124821,792065332173.98
"Cacao, fèves",2020,1080.8,25.55327868852459,5.009398907103825,78.95647540983606,0.7270218579234972,0.7411475409836066,856967581267.048
Autres fruits n.a.c.,2021,5550.009909974918,25.133463595722,4.012120626454305,80.87847956832634,0.670302735178743,0.660803495528804,887164573664.8284
Fèves de soja,2021,973.0580570315257,26.390204562787893,3.8797995075620406,76.14489635778843,0.6547752629323227,0.7114198113688929,892971542663.997
Noix d'acajou non décortiquées,2020,1523.119347682681,25.778111573967102,4.9529948021204415,78.363085116625,0.724989174005975,0.7307536808481744,863291281200.6193
"Tomates, fraiches",2020,4200.018151080823,26.31374909043381,5.1003256899779235,81.7907038147564,0.7171799731866594,0.7302956578886919,844433023227.4435
Haricots secs,2017,544.0702614235981,26.409371709846138,4.138392639989644,76.61765676813698,0.6490916634734247,0.6393282080366964,780875146054.8556
"Manioc, frais",2023,3911.4049638425654,25.434174135937177,4.484328575991744,78.94213462169908,0.685596706945427,0.6990662744221368,986930205394.645
Mils,2018,582.7305322893491,25.55683850871776,4.500948693444127,81.52006307237104,0.6678926605025236,0.6702851541496935,828864499592.2847
"Pois bambara, secs",2021,767.838825822654,25.603515163938035,3.9271274150449575,79.22010761259257,0.6413297803578358,0.7222015810324292,892370422163.0996
"Piments forts et piments, secs (Capsicum spp., Pimenta spp.), crus",2021,410.1333290636579,26.52228716997345,3.957888523881304,79.43158637030872,0.6623594667564177,0.6628867146429638,898799402782.0708
"Racines et tubercules similaires à haute teneur en fécule ou en inuline, n.c.a., fraîches",2018,5046.052233034355,25.69401137110324,4.463339387359978,79.03985309235995,0.6817413572350814,0.6810379676017484,821230257085.7992
"Pois bambara, secs",2020,774.2848398815131,25.05386469201335,5.0643962657309185,79.62789739409213,0.7299225047509635,0.7332977335184572,855330673964.2017
"Coton en graine, non égrené",2017,706.8510147644996,25.370943702636684,4.020097944987509,79.09597249136226,0.6416973195836666,0.6540662984314604,792294256136.1945
Noix de coco,2023,3600.43137412674,26.27167747275128,4.655311990717552,77.2352064029481,0.6726508203063938,0.7226393870733092,983433267172.9115
Noix d'acajou non décortiquées,2018,1480.6334568719292,25.277950881428083,4.536195346987585,79.68451187210566,0.6727546281474897,0.7028369301352905,819828655503.4436
Autres légumes frais n.a.c.,2018,5164.380315331155,25.656541608521625,4.589075021895849,79.82425337264206,0.6538894067298229,0.7027321258581462,828935501116.4797
"Pois bambara, secs",2016,748.0343211482385,26.134453882302736,4.084876021520514,74.21013764201089,0.613049537962182,0.6054422014658648,740441738461.4885
Maïs,2022,1271.4111010915526,25.779831274050192,4.94104765399881,79.92975956982716,0.6638979586511344,0.6715463307750223,934687388554.3494
Taro,2021,3397.04099642731,25.471430107339526,4.03357228250322,80.03205713118422,0.6658805862824543,0.716698560767998,902788953208.4445
Autres légumes frais n.a.c.,2018,5086.5,25.62013698630137,4.461972602739726,78.10038356164384,0.6793150684931507,0.6943835616438356,819305083628.113
Bananes,2018,12631.345966433568,25.923397232698196,4.51939052488826,81.59912213532444,0.675616295531234,0.6868717071105439,813577498899.6904
"Manioc, frais",2019,3930.6981186609673,26.44701895690083,5.001552674130296,78.97096972162723,0.7184048723014167,0.7214173738965012,875698042321.874
Sorgho,2021,876.4,25.92775342465753,3.9432328767123286,79.31665753424657,0.6736164383561644,0.6907397260273973,892399651748.501
"Tomates, fraiches",2019,4246.2,25.842027397260274,5.005041095890411,79.60054794520548,0.7189589041095891,0.731013698630137,864816063151.685
Autres légumes frais n.a.c.,2019,4952.033949873936,26.55600430085233,5.0621875988868705,77.35416546633097,0.7367711767732164,0.7288640596780196,850549575819.6434
Tabacs bruts ou non fabriqués,2019,456.1194684554859,25.658821494628814,4.895030744575844,78.8131901376127,0.6973342937574655,0.7354630578461364,862889819440.6818
"Pois bambara, secs",2018,752.8252631488459,25.387775938148554,4.370306178621792,77.09119210221408,0.6789669934096635,0.6910201530103397,813847003614.2876
Bananes,2021,13493.09029168672,25.863974849428242,3.8874060839250912,78.58035975909901,0.6755739110466809,0.7061875148748844,882606529422.9097
Sésame,2020,323.8279705522235,25.017112258784824,5.021995388456664,76.71708409294214,0.7239603319143352,0.7344089941285122,839469759329.6896
Ignames,2019,8851.673668685926,25.56740413602675,4.966951620316808,77.8945898400359,0.7408083903741011,0.7072119908103025,862796635996.2124
Maïs,2016,1214.3679294639433,26.07774468921964,4.031336375018319,75.1548356462361,0.6298451532250907,0.6353399171826314,720164998795.3438
Ignames,2022,9012.547146214061,25.345430561308657,4.966937829872941,79.74396297602911,0.6607895871471836,0.6596593165863304,955493951276.9928
"Cacao, fèves",2020,1063.0042050201928,25.979925156073403,4.959828840134163,78.2993648101403,0.736192522526346,0.7590011765704123,873427512294.2031
"Café, vert",2016,383.3307096095582,26.57900767226529,3.8722622950819665,70.25260441471623,0.6153500038383023,0.6423792872180629,726453505341.7001
Haricots secs,2018,565.616113996979,24.339130136986302,4.2951573541358155,76.25602711361638,0.6740221245368232,0.6879510812733775,817195477362.2231
"Café, vert",2021,562.2755829955207,26.3560298961285,4.11690081722882,79.87512159905934,0.6486399235420174,0.7061214334651092,885079899571.2607
Noix de coco,2015,3143.4773560896397,26.50841842752544,3.2062303201300453,76.21969830231934,0.5727970988906607,0.602451108605562,682457223940.0972
"Manioc, frais",2016,3799.5,26.5448087431694,4.076065573770491,73.88571038251365,0.6231967213114754,0.6228142076502732,733416000000.0
"Manioc, frais",2019,4000.8169950114,25.714837414455943,4.974504418940324,81.85891880437214,0.7203598367138464,0.7433327190384702,848954035582.3997
Fonio,2017,621.5,26.162273972602737,4.066109589041096,76.52139726027397,0.6475342465753424,0.6606301369863014,783338000000.0
Ignames,2017,9229.737193931303,26.0192688428091,4.058184787574427,75.18161899906943,0.6483376300776698,0.6443384737518184,774634891401.9718
Ananas,2019,7730.5869035171145,25.757245931747512,5.062292533073444,82.10800531958617,0.720633294449523,0.7421078844332232,882732563111.1659
"Piments forts et piments, secs (Capsicum spp., Pimenta spp.), crus",2020,434.4478209777953,25.79536536355297,4.758928961748634,80.89698896054246,0.7006232500227718,0.7708698067421342,861829969405.9792
"Tomates, fraiches",2016,4203.991516972408,25.751109964108185,3.98582541250381,73.73968801992942,0.6280569268360294,0.6109686144562504,735938465475.613
Patates douces,2016,3373.646867844152,26.78461304796361,4.113100705293241,73.39134504110145,0.6139712162262269,0.635081734804157,737252009809.5975
"Noix de muscade, fleur de muscade, cardamomes, crues",2022,1045.357645580676,25.247877449368513,5.0379545368635155,76.57475529813088,0.6914627827082903,0.6629702910313674,938182885271.5981
Graines de ricin,2016,80.85395817291706,26.806773393487234,4.1860869862082914,76.20240199765323,0.6249096343444738,0.630836017196387,734211588133.27
"Café, vert",2022,571.0601857028521,26.09842176282862,4.86791455454467,77.81806874472417,0.6447456870573476,0.6800980493847957,948999093646.995
"Café, vert",2023,533.0049416935907,26.58305136535514,4.4529714393355,74.63177838900903,0.703408026533054,0.6921885010420602,988468734384.1321
"Cacao, fèves",2016,981.3069098972458,26.5486366602355,4.059290494879125,75.50552202489824,0.6268765146479066,0.6271878950824165,742639034150.5813
Noix d'acajou non décortiquées,2017,1511.1428061214274,26.18129570717316,4.158349600318775,73.72511452536787,0.6799109589041096,0.6480950840564178,781860877429.9768
Patates douces,2023,3629.775028192233,25.897814785315255,4.555791341936944,78.04823015237065,0.6642291585277722,0.682289100121037,1012799219409.4861
"Tomates, fraiches",2018,4260.896511755727,25.52375677186125,4.596683799354802,76.31006875191746,0.681070764120397,0.6933991856787333,811407991800.1163
Haricots secs,2016,459.902691479931,26.107069954098904,4.038882232207335,74.35998358442522,0.6185347381345877,0.62177901609402,740109088667.5219
Taro,2020,2920.6049841130684,25.22518928726103,4.881517656079629,78.63898629661084,0.7431007216556156,0.7598712283804548,867301415752.5251
Fonio,2022,893.9051706519781,25.64208001815074,4.885030406291401,76.92358293977858,0.6515900643978876,0.679161349195398,936940332781.1548
Taro,2015,2552.747694028161,27.07724029206789,3.270995623270469,73.75523422395358,0.5891388420525372,0.5734859075031067,677130199444.592
"Pois bambara, secs",2019,719.6006649183521,26.437218142279647,4.991321943645416,80.61743278845657,0.7309882366457172,0.6944630136986301,870452543481.0369
Riz,2019,1612.6412532620643,26.05725487767533,5.047926728256898,81.8973062334698,0.7053540709195317,0.7109374424721389,864255638237.086
"Pois chiches, secs",2017,699.130392629708,25.819458548383267,4.085282025149213,75.1693590520465,0.6434274719844862,0.6708777405191669,769665792650.0021
"Cacao, fèves",2016,925.3016666642184,25.677060071613543,4.1238524230207565,74.31124298634974,0.6368618246264809,0.6103512103220133,741377961169.2576
Fèves de soja,2017,694.5378734182754,25.696679825500972,4.006110307460717,76.81587651249156,0.6151575342465753,0.6785320108675074,785753370904.5836
"Café, vert",2018,454.7,25.62013698630137,4.461972602739726,78.10038356164384,0.6793150684931507,0.6943835616438356,819305083628.113
"Piments forts et piments, secs (Capsicum spp., Pimenta spp.), crus",2021,420.14167472711836,26.290098540266126,3.940009543012989,83.2824904109589,0.6873979384106672,0.6838183994463456,908816363511.6945
Ignames,2020,8736.625220823376,24.587882973700978,5.109510849658742,78.02688950872027,0.7294932070986986,0.7344711629708036,848783829623.1606
Bananes,2017,12546.05011438265,25.636304151901747,4.081298463518475,78.02113580560385,0.6615221870177677,0.660640288331623,783280508134.4221
Haricots secs,2019,518.874212468664,26.165987573338192,4.989723316398068,79.97085634194939,0.7319090057850042,0.7359894101611683,856640829133.0684
Haricots secs,2015,495.6488349562466,26.69486695955826,3.292283145317338,74.07226091197363,0.5905754703554843,0.5688435516789867,675680158306.3774
Haricots secs,2021,525.8027172942941,25.193186333809493,3.820977631048514,80.8634916386743,0.6810877709684604,0.6772795063247924,885377530003.6097
Fèves de soja,2015,650.3907213567004,26.028000732774906,3.09659543576202,72.56490073797096,0.5873331638297089,0.5863064118799707,686505074566.1543
"Noix de muscade, fleur de muscade, cardamomes, crues",2016,997.2434252662672,27.215063799711267,4.081032998043428,72.79953604364559,0.6070654343141898,0.6172527689785727,745058185305.057
Noix de karite,2023,4252.093796285855,25.584581635682763,4.479294824290375,78.69195644466596,0.7002717801891362,0.7206721395864966,997512642726.3864
"Café, vert",2019,518.4106846859946,26.48058197528527,5.119837636143509,81.11626974678158,0.7137395046560826,0.7558035979624258,855494675130.83
Oranges,2021,4700.8696130977905,26.08620857190621,3.9553311265273905,77.72588123402893,0.6792247915531396,0.7099537759548287,892327157430.1428
Sésame,2022,342.015898238114,25.8522129951161,4.772482816371875,73.81225792244653,0.6723255237619938,0.6765143712884352,948366441156.362
"Piments forts et piments, secs (Capsicum spp., Pimenta spp.), crus",2018,412.6899050880965,25.315609047374938,4.528077252000759,78.37126680703022,0.6813680009702654,0.6996908426009852,819232133121.65
"Pois chiches, secs",2021,749.4146819258968,25.991209944976045,3.88992903879527,79.69291728489861,0.675451381553225,0.6806477491458133,894104811642.6963
Arachides non décortiquées,2020,752.4838610809679,25.58518536584011,4.927575662266332,79.7285261648284,0.7215986647413384,0.7124705509556063,867602516764.6742
Sorgho,2023,962.3144525998223,25.74401302680671,4.431691647515696,77.44087951569847,0.7039445534846355,0.7045746056757061,996505321631.4014
"Racines et tubercules similaires à haute teneur en fécule ou en inuline, n.c.a., fraîches",2020,5215.1,25.55327868852459,5.009398907103825,78.95647540983606,0.7270218579234972,0.7411475409836066,856967581267.048
Autres légumes frais n.a.c.,2018,5330.203901073159,25.61154508513689,4.605869743394728,79.82277681429369,0.6787573400409646,0.6945599577894243,817641959637.7427
"Manioc, frais",2021,4003.2940076064456,24.993746296085636,3.9918869415608818,75.99117612018185,0.6445006456178256,0.6588108554226305,898687107086.8796
"Autres espèces cultivées stimulantes, à épices et aromatiques, n.c.a.",2022,977.610521639145,25.371395160465784,4.86373101736101,76.79161290010758,0.6750148285539902,0.6609212935826156,930901136613.1307
Noix de karite,2021,4171.496810977265,26.152835182954053,3.9415897051058444,78.00904310711233,0.6957095930532295,0.6900686514066178,908784235205.8793
Graines de ricin,2015,83.01331019068785,26.31776296378084,3.173465086363803,73.4800944058809,0.5800371384292832,0.5918463562086942,676319797621.0156
Noix de karite,2015,3728.7991464217785,26.696110813699878,3.219990719062915,71.32047855883773,0.5890119335286779,0.6020271276356971,685714397251.3563
Taro,2017,3211.2648180938227,25.615376030259288,4.206274861328654,74.42953487928735,0.6511894472197833,0.6376270625741787,792252845628.7485
Bananes,2019,12498.874096030815,26.295489523968634,5.036853166775606,79.75325753502356,0.7082221032175037,0.7171720762438664,852431537056.6974
Ananas,2016,7877.2001949358455,27.191634856757517,4.060162089956579,77.57999590163934,0.6198977753880769,0.6107473824437829,729352122793.9943
"Huile, noix de palme",2020,8803.159443848765,26.227391662649563,5.0613538252725,79.53745288809141,0.7265962543199048,0.7614342409726615,856249871422.9941
Ignames,2023,8770.159981321322,26.354863115151044,4.447240466898588,77.7528404508719,0.6871437214290762,0.7074789221125404,1012368523548.0833
"Pois chiches, secs",2020,733.3973704218281,25.3965586747001,4.8868896667199015,78.86423886641056,0.7381146300852596,0.745788355073988,850349622757.8785
"Cacao, fèves",2022,1137.7934658912404,25.61292234763986,4.975663128293502,79.24207722319198,0.6618185109692554,0.671384064307564,940429418191.4391
Autres légumes frais n.a.c.,2016,5017.994624533295,27.247612950494062,4.121904852413735,75.24697328023038,0.6019885276085247,0.610389811291988,739997517980.837
"Noix de muscade, fleur de muscade, cardamomes, crues",2023,1092.5817141154457,26.606022168666602,4.6026260352209665,80.25445583650543,0.6824396269083844,0.6905752443774381,1003306435069.7614
Noix d'acajou non décortiquées,2016,1415.3459477357844,26.219505488357736,4.0174136857149625,74.54130297521418,0.6479347992480955,0.6123840065522814,729671506343.9913
Haricots secs,2022,562.750269340963,26.02754113538421,4.898231825391831,78.2632634032878,0.6444504858810147,0.6670207240418459,935692873671.4429
Fèves de soja,2020,838.0620786892438,26.179672244071952,5.0279353052134494,82.43966038342452,0.7357116788646493,0.7307617062628663,862003056024.5211
"Coton en graine, non égrené",2022,661.8183336483743,26.19614523938898,5.002274723622829,77.40212868770583,0.6698566483644253,0.6678268366645956,936457452820.6421
"Manioc, frais",2021,3863.652664320252,26.437602465347002,3.8980103066100398,76.97953636051386,0.6700954068169882,0.6787396693746994,894780564990.4927
"Autres espèces cultivées stimulantes, à épices et aromatiques, n.c.a.",2020,1016.6135648532254,26.83094262295082,5.141100382257106,79.69527975319123,0.7183980115917558,0.7486330560785215,883743818802.9902
"Piments forts et piments, secs (Capsicum spp., Pimenta spp.), crus",2016,444.22545070932955,26.555273330938643,4.072701362250429,76.21146459150201,0.6400659994100899,0.600439133504843,738640642226.135
"Manioc, frais",2021,3924.8227351429846,25.52952818806405,3.857748741837309,78.34814166059112,0.6609361320886044,0.6948513611842014,897049158397.36
"Noix de muscade, fleur de muscade, cardamomes, crues",2023,1065.7,26.15476712328767,4.51827397260274,78.15893150684931,0.6806301369863014,0.694904109589041,998973479941.652
Autres légumes frais n.a.c.,2016,5080.099763891658,26.297226925231257,4.073163678413488,72.92423612709963,0.6104319849794861,0.6150466710187941,739995743037.2239
Autres légumes frais n.a.c.,2021,5063.831297145954,26.840009740518298,3.912348682900962,79.4060218823471,0.6979608180439147,0.7077370584054221,890654715591.0432
Arachides non décortiquées,2020,719.6018177155839,25.615625832598052,5.036721909080435,80.60839344758524,0.7146375681255942,0.7218106201059331,850075519722.7324
Patates douces,2015,3489.437976701492,26.73235521714442,3.1676407830449,72.87889214594378,0.569304376338799,0.5997768334205387,671921631128.9319
"Pois chiches, secs",2019,717.971660281019,26.379225285523763,5.18368047611455,79.79219119076282,0.726525903904851,0.7287690763475889,857512161301.9641
Fèves de soja,2017,694.3773644251359,26.899918358393222,3.9562779427763455,78.29833331114014,0.6738374310569138,0.6659058088096962,783895653572.7035
Fèves de soja,2021,1029.454253126176,26.112712089410774,3.8832085934296834,79.33695156730224,0.6929327195306434,0.7155161559118173,891881531051.2568
"Manioc, frais",2022,4189.95424795241,26.154801146477016,4.971756984320487,74.63941691277759,0.6712527396525291,0.6892275639016603,938969430359.9502
Noix de karite,2018,4209.848316106761,26.10971634611229,4.508492343073941,79.25328600067924,0.6784194818061887,0.7210027389010837,811676684027.3252
"Manioc, frais",2023,3881.6896459483273,26.321083457605443,4.6014366824348665,77.25626013708352,0.6843787066038536,0.7052405460897134,998895436711.796
Patates douces,2019,3543.1946228270717,25.883030173595426,4.979986783159837,77.97319523927715,0.7333385136828564,0.7367690437827491,849222254564.4951
Noix de karite,2023,4444.484282970936,25.44282676515387,4.71390639072537,78.5463166816181,0.6715451882083467,0.6873032103210802,1006679362680.4244
Tabacs bruts ou non fabriqués,2021,435.50143587922713,26.000328975241242,3.9038881104400556,80.54444444590715,0.7016930684915615,0.7028536720055071,892135163992.3152
"Piments forts et piments, secs (Capsicum spp., Pimenta spp.), crus",2021,421.2703908609551,26.04358488927797,4.071583476665581,79.42011721954458,0.6670313157192718,0.6937869151371754,894588521333.1794
Noix de karite,2019,4205.194307250014,25.940770092291793,5.149244907905186,79.5115690994437,0.7103300267926418,0.7077113953415484,853571939433.5089
"Cacao, fèves",2015,868.1343745161004,26.113439700574315,3.144144010616301,74.81034490770716,0.5777588564215587,0.5828525265059522,666864613727.4534
Fèves de soja,2023,989.4,26.15476712328767,4.51827397260274,78.15893150684931,0.6806301369863014,0.694904109589041,998973479941.652
"Café, vert",2017,440.2310813593354,25.86192890696299,4.078312485337524,77.15364836938518,0.6491727529831806,0.6748961201572492,784738520599.954
Riz,2021,1673.3355451834782,25.578274677674305,4.014380321445822,80.0229834652542,0.6964528684624045,0.6792467293752883,900709029710.6912
Ceréales n.a.c.,2016,840.5824328310583,26.880671583655698,4.110871172173004,72.52930667803216,0.6280843895138879,0.6125600972141187,743082013391.5786
"Café, vert",2020,514.4966190953049,25.13692691635685,4.775404973556459,77.27966409994424,0.7201186311963921,0.7667868608645468,856309781053.4355
Fonio,2022,831.3188060718586,25.904923257724295,5.111054462835764,76.22708513208038,0.6589777935011775,0.6603069664466074,940428789038.2625
Bananes,2020,13205.233304438703,25.754420001754212,4.987741890394635,77.54039014973806,0.7272582257053779,0.7542082281505383,858200389056.506
Patates douces,2021,3666.0395464291546,25.87847311703875,3.7844892705033013,79.89445325656978,0.6609866391043043,0.6958452188239493,878792093039.9296
"Coton en graine, non égrené",2023,659.0,26.15476712328767,4.51827397260274,78.15893150684931,0.6806301369863014,0.694904109589041,998973479941.652
Autres légumes frais n.a.c.,2017,4930.0241641928,25.73656936047646,3.982034488713365,75.1889160899949,0.6503042716316503,0.6671951012771238,779824862577.6874
Maïs,2017,1206.1736493873366,26.81631825966498,4.1692900401935535,77.59564340771915,0.6529661791186956,0.6535035073326961,792503571061.8972
"Piments forts et piments, secs (Capsicum spp., Pimenta spp.), crus",2020,418.53989794630075,25.28546680924023,4.987487653038256,79.46142616568365,0.7084350109743497,0.7305311675118984,860245175282.0065
Autres fruits n.a.c.,2023,5815.063128769125,25.89158366741937,4.455549906995822,76.8608033161578,0.672465381638418,0.6933304694135589,983337369787.8197
"Huile, noix de palme",2015,8622.997964263059,26.063403230167506,3.214885507380685,75.8093400880789,0.5655808310479945,0.6101259047201321,679308858750.3118
Choux,2018,11510.032448381775,25.132541861612506,4.481039621371607,82.00540273972604,0.6842481207143027,0.7043248991737786,801354963012.1617
Noix de coco,2019,3917.9222898823,25.875939334219787,4.75478904109589,79.29470922726837,0.7084647024210214,0.7204867574477712,852887262925.8789
Ananas,2018,8049.471266744332,25.73551316305514,4.321571944717182,77.65919427684588,0.6749814323612066,0.6987711999467046,815086951017.028
Mils,2015,807.8908734034775,26.27558816774993,3.2234289552349047,73.65158516110534,0.5744576268327849,0.5885219910193404,684505442153.2041
"Pois chiches, secs",2017,771.3575684877499,26.090724659792127,4.034320464390694,76.58061830598055,0.6511781336060143,0.6547059136004076,787229160173.6388
"Racines et tubercules similaires à haute teneur en fécule ou en inuline, n.c.a., fraîches",2015,5250.1,26.17372602739726,3.183424657534246,73.75301369863013,0.5778356164383561,0.5891506849315068,676983748351.848
Sorgho,2015,914.3507714459764,25.822511331010652,3.1652332580558316,72.12402738778094,0.5686431317652768,0.5708422065574628,678168779166.9736
Autres fruits n.a.c.,2021,5461.7333600892825,26.396191620300034,3.986045241801259,77.63189323864259,0.6883612809394511,0.7030093068031776,906326793722.7029
"Piments forts et piments, secs (Capsicum spp., Pimenta spp.), crus",2022,455.18836034612315,26.10545802377719,4.912403347472324,76.22241763346152,0.6860615359496917,0.6997232823393728,931866973842.0172
"Cacao, fèves",2017,985.4,26.162273972602737,4.066109589041096,76.52139726027397,0.6475342465753424,0.6606301369863014,783338000000.0
Autres fruits n.a.c.,2015,6016.4220305072,26.333879947861952,3.14599509037963,71.47254239666256,0.582198461080685,0.5876644219645357,677885390356.2938
"Noix de muscade, fleur de muscade, cardamomes, crues",2020,996.1144919420649,25.137947307589442,5.093065444083352,77.43214884658387,0.7560363237837714,0.7274080224892011,847325622528.6545
Arachides non décortiquées,2018,766.0169802679316,25.977018962137183,4.525246461646338,80.07385667898072,0.7034651963017382,0.707670623316864,822696824447.021
Oranges,2023,4660.463028474065,26.570051266471047,4.484042401026294,79.16947640936502,0.7050584064976168,0.6791083947226325,986147074887.1101
"Coton en graine, non égrené",2021,748.277391693727,25.25679147347384,3.938512068685918,78.21797441772998,0.6619395645790475,0.7025365508820073,898813017803.8613
Tabacs bruts ou non fabriqués,2017,450.62196582983535,26.38008945577969,4.000237359776307,75.15706004864465,0.6508011976702726,0.6752297374887988,782317846126.0397
Oranges,2015,4573.3703135497,27.098038218927027,3.228538283955152,71.57113887473466,0.5594459198155232,0.5897139967437623,675508185636.0621
Oranges,2020,4368.645242605398,25.01251742399851,5.1215463082922605,78.15395491306546,0.7303177651208475,0.7577924274653306,856143704191.2498
Oranges,2021,4631.647656873116,25.337117362523358,3.845646906102314,75.35082465753425,0.6450275422603545,0.6562027397260274,892559310416.7771
Sésame,2019,330.1137407266398,25.46063267147774,5.065593895540835,80.15743674301928,0.7362043018099489,0.7510703019239454,871266706950.2834
Mils,2015,791.7234654575193,26.148269664977274,3.1714011819830668,75.57138306295573,0.5698482564673412,0.5902625335912903,669992269142.2583
Noix de coco,2020,3959.7034431533298,25.584331693765378,5.038718387594298,79.1138743221517,0.7115404168896834,0.7511184120659727,864459418105.2086
Sésame,2021,324.9250887720567,26.363646296496235,4.13186042362785,80.01237205409748,0.6827160517468958,0.6732394915839073,880739164859.4377
Autres légumes frais n.a.c.,2019,5173.369767294318,25.880246738552508,5.001611560515369,79.11104632932032,0.7311599756477587,0.7555488295260512,863223896110.6555
Bananes,2022,13763.313552492189,24.33931232876712,4.858606862129852,77.40967510036971,0.6882697460387723,0.6815765642614928,930133073936.2423
"Pois bambara, secs",2023,782.0241651210605,26.128474483007466,4.392427082966747,77.9712825185561,0.6800526908045518,0.7052089201341212,990570939049.523
Graines de ricin,2023,80.42287688001778,26.79800750095722,4.48406079284469,76.91811056672819,0.6640084684530627,0.7112467323340997,999222802807.9042
Sésame,2022,335.82320250493444,25.381814371492624,4.926193247224162,77.56122861284653,0.6301542450965001,0.7024430159909996,948172390718.8639
Ananas,2022,7876.059704323964,26.098217458840775,4.85819705672755,79.78838575674257,0.6711499783331991,0.693156269076324,939263630382.2174
Patates douces,2019,3710.7702472010274,25.657356778561887,4.940903732083967,80.6268331683258,0.7009157009378555,0.7435808877341625,881350801420.1952
Riz,2017,1717.9976518149188,24.917218632264362,4.053473399907835,74.65120521313861,0.6555169033553426,0.6545578345318658,771962147162.3372
"Tomates, fraiches",2017,4246.5,26.162273972602737,4.066109589041096,76.52139726027397,0.6475342465753424,0.6606301369863014,783338000000.0
Tabacs bruts ou non fabriqués,2020,448.26608618214436,24.7265066762644,5.0262329459671715,78.9738369981068,0.7105180531199541,0.7539716875826832,855828010854.6893
Sésame,2019,317.9330859649195,26.465517537921627,4.8279332545195786,78.17426296898965,0.7267562581981061,0.7083998438700146,854961904405.7122
Ananas,2023,7855.7188700286315,25.98250243151574,4.553755163760106,79.82444674714138,0.6702458153832512,0.6855928948312308,986518442548.9502
"Manioc, frais",2018,4138.92174515176,25.164429057036003,4.370662802634124,78.9306785576174,0.7132808219178083,0.7045177743751739,835142452709.4458
"Huile, noix de palme",2015,8958.083811602157,26.822593819502426,3.2100644306744432,74.7296669116531,0.5731963013658803,0.5960181317452065,685461527300.415
Maïs,2016,1154.4880528246197,26.750734957578416,4.187318008881097,73.85627755586812,0.6155509731883912,0.631754942908619,738985890293.1124
Arachides non décortiquées,2017,693.9289956213008,26.08500681695545,4.068058657765281,78.38071243845255,0.6516976271061575,0.6856690743951505,790039833493.571
"Noix de muscade, fleur de muscade, cardamomes, crues",2020,1021.1714994742498,24.791434371247135,4.9284492167614715,78.50275131428323,0.74293996452912,0.7635299109475825,853428181296.0375
Sésame,2021,311.61518539092117,26.49153624931214,3.9310827375449082,76.5967014844516,0.6821578750079824,0.6825329593587129,874281801697.2046
Autres fruits n.a.c.,2019,5775.1328938568395,26.019457386832624,5.00551247509091,79.85694839648397,0.7423291868933476,0.7328056680838928,861425222747.4817
Maïs,2015,1465.139470704665,25.905679187530296,3.2530351963836197,74.0030605899692,0.5675226329432801,0.5727793558522732,677586384257.4032
Ananas,2018,8188.750714289003,26.137183284953,4.43344604544988,80.70185343824473,0.6761890241390709,0.6846139028759194,815226521835.851
"Noix de muscade, fleur de muscade, cardamomes, crues",2016,988.9411453758457,26.092048229216044,4.044024355759362,74.21331595699907,0.6398541820818499,0.6194377923615515,724309921274.353
Noix d'acajou non décortiquées,2019,1487.643810872601,24.962152400995976,4.929636246334573,78.37130882879264,0.71215304990125,0.741976801017629,863178384923.8738
"Pois bambara, secs",2017,788.7110043482172,26.776260716242117,4.238542693675004,78.15950860393315,0.6493064424268482,0.6497397037605209,794488668156.8657
"Manioc, frais",2018,3859.564406823445,25.205799394236223,4.431952853517656,78.8063177568005,0.665583227223484,0.7114501420819273,812729196800.7975
"Piments forts et piments, secs (Capsicum spp., Pimenta spp.), crus",2019,402.69286457857254,25.155672760454674,4.928427692257495,78.94273552358123,0.7263570002809596,0.7111960429919337,858140626726.6763
Arachides non décortiquées,2021,777.0528530204136,26.625744814695118,3.944472478497514,75.35082465753425,0.6728045019021787,0.678922880788576,897375013362.2745
Ceréales n.a.c.,2016,838.7694494220625,26.09822217049079,3.9906166839398307,71.5142161681689,0.6338749143265384,0.6287540544584526,728438985266.5774
Bananes,2023,13959.18777828157,25.58527254607143,4.59743489052678,78.77512097292755,0.6499697028884259,0.6934392267698002,1005468235117.3765
Haricots secs,2015,498.7983587844347,25.876058368821415,3.1336480939193385,73.86306904579187,0.5810459458225562,0.5993378506334583,684102096918.7396
Noix de coco,2023,3575.8311660782188,26.55871003666185,4.3671622231582266,75.85203488685296,0.691816066343113,0.6773898830555807,984416576024.4081
"Pois chiches, secs",2020,738.2809958198723,25.494054768630175,5.108079792442178,77.77797682923173,0.7134550560458108,0.7446916027440867,854813963861.9229
Ananas,2022,7758.553201320884,25.839691454360295,4.979281303564427,77.40607523757842,0.6582416176883169,0.6845993193729286,937597387465.3771
Noix d'acajou non décortiquées,2018,1459.5490275020381,24.75474967177602,4.535862563664218,80.04305394498336,0.6806929402276385,0.7080193565095256,835124736297.9541
Tabacs bruts ou non fabriqués,2022,460.16566079672407,25.420089006808997,5.005660975587385,78.23905915458658,0.6467152693803865,0.6676954815078381,943255972868.7838
"Huile, noix de palme",2015,8654.114641920316,25.610211538079994,3.3425958904109585,72.3968288589491,0.5605324697183302,0.595316568950141,670314651138.7955
Choux,2017,10845.811160220564,25.146846967870136,4.04339575995308,74.33776883830632,0.6622331639689187,0.6524242583905224,777785707157.3163
Autres fruits n.a.c.,2023,5759.718508833535,26.40352901546688,4.469099148772398,79.52466688800327,0.7092474625655482,0.6725669240885791,988143072150.9026
"Coton en graine, non égrené",2020,644.3230956881174,25.955717085262936,5.047276890029292,76.70452460237807,0.7452594865007517,0.7351060522225443,864086416320.2032
"Tomates, fraiches",2016,4248.697944214044,25.580880783116484,4.0559543001631795,74.68715242607584,0.6148977120116856,0.609542945190351,733364731738.4813
"Tomates, fraiches",2023,4158.796581428805,27.046713993626724,4.4285273514871815,76.82740371339868,0.6780241492207418,0.6986960603155282,1004465277372.3955
"Huile, noix de palme",2019,8675.6,25.842027397260274,5.005041095890411,79.60054794520548,0.7189589041095891,0.731013698630137,864816063151.685
Sésame,2020,347.37571831052634,25.80277710699823,5.0824657398090345,77.18042033413307,0.7179278409463423,0.7476786980955089,846502946157.8872
"Manioc, frais",2023,3917.4980270199667,26.200660072625013,4.473115903676831,76.79659547358561,0.6690946149190757,0.6964019481164184,1012008178694.1915
"Café, vert",2016,353.15928895141934,26.678722224472768,3.998404055118864,73.2674026760554,0.6195209564445396,0.5970691984030193,745641208663.0688
Tabacs bruts ou non fabriqués,2015,463.46936668312986,26.36510841634544,3.1032654499450656,74.03966778625963,0.5860761078032651,0.5770494789931568,671180957975.1858
Noix d'acajou non décortiquées,2021,1554.7611896701064,26.849179907292726,3.9683216101322483,77.82564917399294,0.6851349720818621,0.7095104170991063,901703889626.0613
Bananes,2015,12417.0,26.17372602739726,3.183424657534246,73.75301369863013,0.5778356164383561,0.5891506849315068,676983748351.848
Noix d'acajou non décortiquées,2016,1481.6258800877918,26.646936235941585,4.096879010380302,75.97037820717057,0.6193886097145487,0.6046731172506236,729486237330.6277
"Huile, noix de palme",2018,8271.310688704149,25.87219118447179,4.492311124189566,77.88239644290667,0.6838625255033544,0.7157525432751318,807330360562.3683
Graines de ricin,2017,77.94636622321612,26.379440814994236,4.077500733253393,77.70568030965187,0.6564271575045325,0.6645242052860654,787472656365.4435
Noix de coco,2023,3724.488196016923,25.94769419622441,4.576642048144463,75.92808537112539,0.6952614671894201,0.6836627536060469,1002075022633.9735
"Noix de muscade, fleur de muscade, cardamomes, crues",2020,1005.281404500864,25.423995293975658,5.105816849777276,79.62105318266195,0.7094571014017613,0.7300912700374593,853533473374.1194
Autres légumes frais n.a.c.,2016,5295.6357925207185,26.679566805849493,3.9821296154875565,73.49988331952471,0.6302548188022647,0.6041972764484321,734952479356.0868
Sésame,2015,322.7,26.17372602739726,3.183424657534246,73.75301369863013,0.5778356164383561,0.5891506849315068,676983748351.848
"Huile, noix de palme",2015,8738.23702196985,25.10914620140805,3.182625076742858,76.30654830127287,0.5993604372930249,0.5709981366944714,672276789470.1224
"Tomates, fraiches",2016,4004.8954967334703,26.328362593687316,4.062680531606412,72.41198253354008,0.6407563277873674,0.6159166637053732,721899444500.7738
Riz,2022,1630.616817092394,26.251230683748737,5.03496587540715,78.77319813672781,0.6566665286579612,0.6944668966150325,946584973292.3717
"Autres espèces cultivées stimulantes, à épices et aromatiques, n.c.a.",2016,989.3402908541564,27.142094959204478,4.009463477135084,70.19142486338797,0.6247056305595543,0.6030780660183054,735978581275.7654
Fèves de soja,2016,633.7103359985066,26.897354049618915,4.121808014864554,74.7058714342728,0.6265037309802854,0.633536087790321,732472616074.6703
Bananes,2023,14399.884828810016,26.66816656198576,4.629020579412038,76.9068058538516,0.6775467430937211,0.6986028733093697,999622348877.9532
Arachides non décortiquées,2023,755.9648983798866,26.24770591207212,4.5324257785693405,77.21024404922194,0.6844276870893159,0.7075145364709763,999508368312.5155
Mils,2018,597.6865715910612,26.190373266678478,4.526688629936812,80.3391525278222,0.7132808219178083,0.6972996667220085,823024789474.1976
Autres fruits n.a.c.,2022,5512.318452132987,25.517636898934473,4.892137370161313,74.77417882591678,0.653657099976122,0.6452033301582075,909785975395.2451
Tabacs bruts ou non fabriqués,2016,433.0976813153102,27.130919891224035,3.9338318142856465,73.68999990101477,0.6242416096133543,0.5989328687575051,739394492653.0707
Noix de karite,2017,4182.253428368672,26.893395127041476,4.134089858643391,76.97155397151225,0.6322770339245012,0.6500709122108752,781603693474.825
"Tomates, fraiches",2017,4219.591766443735,26.158327235741577,4.099817280409119,77.80931154188644,0.6152314971265247,0.6437903400626328,770297999600.4856
Noix de coco,2021,3757.606432267321,27.013873395205252,3.964111732243575,78.11183028591819,0.6740596898082747,0.703416041093132,889890379213.806
Autres légumes frais n.a.c.,2016,4999.586079207195,27.31119144636569,3.9816156165805627,75.15744594925314,0.6008780839007479,0.6299553879414147,743141634042.2891
Ignames,2016,8940.291024262808,26.402122335886496,4.138437102085102,75.93225658482098,0.6187536539075907,0.6179024646458381,717985713287.7751
Autres fruits n.a.c.,2020,5395.721832890766,25.068141832387845,5.078680193868684,80.21565309293584,0.7459027305063867,0.7426758604650955,860580063938.722
"Cacao, fèves",2023,998.2478427346505,25.900594358360323,4.472654374597851,78.02376766984408,0.6812198342312243,0.717286203104419,989823491524.1318
Maïs,2020,1174.393362512028,25.6507551911217,5.084905283332349,78.10492279405025,0.7210730717335619,0.747116749403723,842390092059.5339
Mils,2018,591.7933184081772,26.620661554315227,4.470392914030071,76.63578217651018,0.6877230799563615,0.6974687482551049,839258733937.4371
"Pois bambara, secs",2020,720.2201708516982,25.458703521407912,5.197249692491022,77.5660552100159,0.7018289405785099,0.7527630237088409,852375993956.8276
Taro,2022,3140.8109225204553,26.006164444762973,4.969512816513345,78.989288110226,0.6745852946866228,0.683656083741459,946659204858.3882
Tabacs bruts ou non fabriqués,2016,433.8258831387005,27.36349446318649,4.135879490834039,73.87263765368151,0.622343199375525,0.6187167701747984,726537224075.7518
Noix de karite,2015,3964.6,26.17372602739726,3.183424657534246,73.75301369863013,0.5778356164383561,0.5891506849315068,676983748351.848
"Autres espèces cultivées stimulantes, à épices et aromatiques, n.c.a.",2015,998.9667359402006,26.854288543940964,3.1316354317051163,74.39554225077225,0.5690648066249713,0.5663932003606796,675197469960.2125
"Racines et tubercules similaires à haute teneur en fécule ou en inuline, n.c.a., fraîches",2016,5230.008230136356,26.072369437430293,4.2374629810208795,73.52274222778871,0.6342381706647309,0.603491186375121,742580789896.8713
"Manioc, frais",2023,3744.370122761941,26.67903064134834,4.563164022287153,78.92935399640659,0.6750201778330918,0.6828328521486555,1000916627071.8733
Noix de coco,2023,3747.952264957929,26.15639160085229,4.539292065538172,79.53602116244292,0.6753246898320349,0.6964458513752316,1005171402747.7195
Ignames,2017,8976.715242698085,26.293453928579783,4.080809845075315,78.15338324492899,0.64523211442935,0.6556093134804958,804922720560.3986
"Pois bambara, secs",2017,743.7644299019637,26.321740399845574,4.068713267082306,78.02355558119478,0.6337046777661317,0.6424331818451896,787368769210.5005
Mils,2021,591.4736145877622,25.15252225269136,4.043280625606195,78.96833819620932,0.6620489095757884,0.6609743482248984,889100663659.9664
Fèves de soja,2023,953.5487184049497,26.372687549167328,4.483796363113018,78.99941550211165,0.6765572668390412,0.7023373869380892,994305270408.2579
"Coton en graine, non égrené",2017,675.1082724107911,26.02110017253422,4.038265924953673,76.26537921362906,0.626918200634317,0.6438898116506487,783384735528.2504
Arachides non décortiquées,2015,670.6998896965008,26.82903706542382,3.174971568721681,76.22162566017707,0.5867818884170423,0.6041832477227769,673864712140.5165
Bananes,2017,13207.193937770968,25.672739844605097,4.2156267492023005,77.79538089994507,0.6503341468309536,0.6595606073772816,777700034346.7118
"Café, vert",2017,418.0671756958139,26.993273461328737,4.178598660687111,75.25633306772347,0.6253988450924701,0.6483992887091682,780693651238.6216
"Manioc, frais",2019,3656.2421767029673,26.067737314685623,4.988120204695686,78.24569064685969,0.7196895004622942,0.7359755459267615,884344645809.6937
"Café, vert",2021,507.21026535583184,25.64161527166254,4.0868969848901955,78.4744285679818,0.691789347800144,0.6781496584616585,892660540450.4537
Choux,2019,11177.909582484042,25.948635543848535,4.984586947132079,80.65087078047912,0.7310272483694886,0.7013104848063056,879134490942.5765
Sésame,2020,323.26775469320495,26.13115459525248,5.132613598010912,77.78415100875158,0.7198013568731659,0.7580264713267824,865988026029.9724
Choux,2016,10970.784518988441,26.68036005133239,4.0635028057074924,74.85813012118076,0.5920368852459016,0.628525995871724,731475880592.852
"Huile, noix de palme",2017,8792.025413083762,26.767255349028176,4.103907215573452,75.20484775142326,0.6510917886704248,0.6692281311978839,784757643153.7924
"Autres espèces cultivées stimulantes, à épices et aromatiques, n.c.a.",2020,1015.7131128519542,26.028805928082715,5.03813375227598,78.74359927510318,0.7438597263968434,0.7519209520845699,846766883939.2943
"Café, vert",2017,448.8719802784444,26.08397878407879,4.1024799427480785,76.17354232968205,0.6537786801399473,0.6741065283087634,782422375629.5186
Ignames,2021,9025.590006551778,25.852778155470826,3.895637057812157,77.90700746739434,0.6628520504559523,0.7065923419014857,906320847801.0126
"Coton en graine, non égrené",2020,692.788010670897,25.882060860846618,4.950867959394234,80.77104021839905,0.763372950819672,0.7756088726537675,861149613752.3359
"Huile, noix de palme",2016,8774.905786128978,26.044407189603238,4.169280845584044,75.86733159562183,0.6184418175173492,0.6188923493507492,717663462584.1091
"Autres espèces cultivées stimulantes, à épices et aromatiques, n.c.a.",2020,1000.5753307061256,25.127148215666285,5.068761731593774,80.54752450314098,0.724774981105787,0.7385194025502129,852767395026.3687
"Pois bambara, secs",2022,772.4,25.620328767123286,4.94627397260274,77.37772602739726,0.6615068493150684,0.6768493150684932,940020690899.395
Sésame,2020,326.4135606705464,25.312472835034228,4.850056483048228,81.27806212366394,0.7442658176535206,0.7383552776454062,843731308249.9303
Fèves de soja,2023,946.5825359386686,25.74795787184489,4.6520318903653255,76.85369271254454,0.6629066939775096,0.7122590437156725,1004936523440.8247
Ignames,2018,9070.781677418607,25.2430978017094,4.570734052514869,76.62850961897676,0.702815085095103,0.7281763653721339,830222471839.0887
Sésame,2015,327.52239998933453,26.17293395948033,3.2693061459877257,73.14207547118215,0.569685774317837,0.582694980697923,667381152656.6608
"Piments forts et piments, secs (Capsicum spp., Pimenta spp.), crus",2018,441.80238786676455,25.992842728488412,4.485442653854185,77.86642378244935,0.6719473107635057,0.7031456966150578,827370507452.3754
Oranges,2020,4978.179339307545,25.869052032329265,4.957922945671806,75.64877719593458,0.7460610048610192,0.7301522148178683,852778185220.0248
"Noix de muscade, fleur de muscade, cardamomes, crues",2023,1105.3272396283824,26.34844070003924,4.510107509419004,76.70153080967353,0.6848965799495033,0.6756346357345561,999610299262.3406
Noix de coco,2021,3546.367177155596,26.444700405030662,3.913831846342785,78.19915493245368,0.6750873414069606,0.6737583510959196,889179746162.0316
Graines de ricin,2023,77.36098116515998,25.9452430170576,4.60942175925933,77.28711435346736,0.6798621370008283,0.7013003000049581,986333996873.4192
Maïs,2015,1429.9745335628754,26.21853258221901,3.1457741391574086,72.11466517970062,0.5735005580741774,0.5853619551056977,681820136056.4984
Noix de coco,2017,3746.8760727677864,25.999163005756788,3.9866402975763156,76.54479632365315,0.6396452532690318,0.6883634295670696,793201169050.7322
Bananes,2019,12704.282392424011,25.520111445632406,5.096492987865822,81.51834741604405,0.7212712760410269,0.7560846066756047,873256710000.8347
Oranges,2018,4857.911395603783,25.14697908936257,4.482546260586351,77.36267884949304,0.7020948427502521,0.6760156513258215,818589240119.1919
Bananes,2022,12992.337233434704,25.454919754567886,4.983559838532448,78.40018295223369,0.6465519655421461,0.6884480196809897,952295398120.2269
Haricots secs,2017,553.6897104167151,25.64763770260192,4.013492728970276,75.50430602441972,0.6399306788492344,0.661635770379477,781403361882.6233
"Huile, noix de palme",2019,8502.921160143216,26.165020628778706,5.043493371336851,80.90961961839265,0.7035175796200852,0.7381146797883031,855728801350.9801
Arachides non décortiquées,2016,656.6928003147151,26.319017006377944,4.082370746712013,72.48907016980591,0.6292057893257964,0.618689007133881,723914846223.7615
"Tomates, fraiches",2016,4134.207163143165,27.39274296351029,4.205659324990098,73.29334979899475,0.6242262221294468,0.6122968073111642,739421787479.4681
Sorgho,2022,890.0999686480084,25.158092370207367,4.892270474336353,74.9023015658194,0.6681708588674106,0.6744227607612162,933242202483.9502
Riz,2023,1791.088348592137,25.613122868776625,4.641691685702377,77.70414133354421,0.6551680237005687,0.6766773350496915,986360460866.2389
Ananas,2017,7776.616652256073,26.27818627301897,4.165990262112294,76.56025876842591,0.655891105915771,0.654196400884887,780102398533.9128
Noix d'acajou non décortiquées,2019,1573.0537770928902,26.593926919422685,5.146993509134494,82.14941591902732,0.7219381104420828,0.7335557097061833,853291452482.9816
Choux,2021,11234.729952635273,25.254495863484294,3.9874168228213143,77.91272338673474,0.6711633579607246,0.6911529778190088,884238272382.8688
Haricots secs,2015,482.10826653885294,26.98897139595103,3.182747301399286,75.1339118202233,0.5745808732375883,0.5996717164498663,681886330964.1255
Noix de coco,2015,3308.1,26.17372602739726,3.183424657534246,73.75301369863013,0.5778356164383561,0.5891506849315068,676983748351.848
"Racines et tubercules similaires à haute teneur en fécule ou en inuline, n.c.a., fraîches",2015,5217.4084490219475,26.55904043525265,3.286149784267893,70.59233454053724,0.5930560694378139,0.5898141789327515,678563466566.0376
Oranges,2020,4420.572320990696,26.002725109283972,5.236272545658941,77.56918390949124,0.7418734352611646,0.7186733051699981,860521127539.712
Choux,2016,10813.699782760794,27.02189270836867,4.033909798916215,75.44655028672946,0.6137582263884765,0.6101976464508705,723920499445.6129
"Piments forts et piments, secs (Capsicum spp., Pimenta spp.), crus",2023,419.38413039193273,25.727445710611146,4.4161541759570255,76.89070473917947,0.6920374397077228,0.6817946574018608,1002675519874.3007
"Pois bambara, secs",2021,771.0813579917495,25.897732470565856,4.027889449438256,81.57239531524137,0.6855640372267491,0.671596781541809,915583475790.7168
Noix d'acajou non décortiquées,2021,1554.4466577951707,25.855770604038298,3.8536435274159153,82.5458225404757,0.6825099960499088,0.690665448238861,894897637361.7012
Noix de karite,2023,4362.652174941017,24.986529090577665,4.434553877677314,78.08689198317687,0.6952702623413047,0.6810086099835093,993894441816.4656
"Noix de muscade, fleur de muscade, cardamomes, crues",2017,975.8301635387922,25.774510821206494,4.009784310230384,74.57396734530064,0.6538722930777139,0.6934149888254482,772124688694.2225
Arachides non décortiquées,2023,811.0977059964838,25.575240924846835,4.5053635371749845,76.64028203454139,0.6746741735068176,0.6957051300085646,989110951386.5919
Fonio,2020,863.8711249752862,25.590670570618975,5.070039437812026,77.44589341785664,0.7221940823797999,0.7237788305086171,864040685335.1162
Fonio,2018,850.8403863348371,25.809334040515385,4.530778627832141,80.08485644176857,0.7022045474907104,0.7082031237271064,827709932635.6962
Haricots secs,2018,543.9681402957332,25.4894524359882,4.556097972624355,78.84717216584953,0.6827605380967581,0.6750927988788862,811315485533.0475
"Pois chiches, secs",2017,755.2199431991132,25.885097115092208,4.020618995316117,78.15137817634115,0.6577931633757874,0.6616850136075683,778458862214.2012
"Coton en graine, non égrené",2017,696.6355700352456,26.22206210639328,4.1213209197669745,78.07865777302754,0.6392218723906216,0.6524723766288679,784080654261.1786
"Pois chiches, secs",2020,759.5303623910388,25.418374693028884,4.913362242655855,79.01865186609238,0.728063131411101,0.7223312637967796,846816219045.7568
"Coton en graine, non égrené",2020,699.5656796569859,25.456175570100484,5.089223550116022,77.1433645631017,0.706331855782965,0.745999249742557,866191546025.9796
"Piments forts et piments, secs (Capsicum spp., Pimenta spp.), crus",2019,422.9278689024328,25.506668806613508,4.934703702172746,77.04587886338705,0.7257430063293823,0.730480003772171,853143507847.7811
Ceréales n.a.c.,2016,808.5015115674673,27.31854007461453,4.158297811818584,74.48010358494588,0.6217128641438544,0.6471946654425736,727597714841.8647
Mils,2015,828.3321789524673,25.382295900072513,3.1561279409372784,72.78691794540528,0.5840889296035519,0.5808719483592094,675810528727.7839
Graines de ricin,2015,82.1,26.17372602739726,3.183424657534246,73.75301369863013,0.5778356164383561,0.5891506849315068,676983748351.848
Noix d'acajou non décortiquées,2015,1497.6022098718502,25.091401016958525,3.25260749957947,75.22438449148018,0.5766547123035097,0.5835423352551565,684214343127.7017
"Noix de muscade, fleur de muscade, cardamomes, crues",2020,992.8368447848491,26.174957221529212,5.0191453231907905,80.29408916404465,0.741934370280259,0.7291651249404937,865986013283.2386
Maïs,2023,1310.6392569822087,26.044168336052234,4.42702653805204,76.38793419183787,0.689141061003015,0.699832176199632,996279288746.9183
"Café, vert",2017,437.8736253437582,25.82911171376173,4.0903775482884495,76.64050869378616,0.6357962300221097,0.6477806910759648,793020123499.9965
Sorgho,2016,899.3517114522444,26.511525387264843,4.054268193598666,73.3304596783821,0.6496514592620073,0.6442404515574863,749309937231.9646
Sorgho,2023,916.2846329791847,25.58161771699068,4.552367364366176,80.40398297936711,0.6868023451753091,0.6992528422121298,985883406485.3156
Graines de ricin,2023,83.36386121391875,26.675785086750352,4.5518525952820355,79.79547643961737,0.6669916105234506,0.6985611649467287,1013247097299.9987
Fèves de soja,2019,796.5,25.842027397260274,5.005041095890411,79.60054794520548,0.7189589041095891,0.731013698630137,864816063151.685
Noix de coco,2015,3407.836037229567,25.550384823903812,3.2042811246162555,73.54095584858604,0.558092025738728,0.5824532217927852,673299538808.1603
Ananas,2021,8353.440542359387,26.51220217559527,3.934781838608387,81.65608482310103,0.6415318484858836,0.6882210642566137,896286908044.2552
Mils,2019,612.1343658869652,24.75983821327072,5.0083463451967445,79.46211078701779,0.7132705886980497,0.7222712846342624,869860477154.8015
Haricots secs,2019,517.1646138150697,25.7038926289243,5.092619663555452,78.25397646110979,0.7333851821726116,0.7360161710578039,868051764456.4973
"Tomates, fraiches",2017,4403.313913321417,25.674823246420395,3.999384786945299,75.44270765852231,0.6671183290112409,0.6633535514744237,784735108491.3405
Riz,2019,1699.1391721286232,26.11610951692452,4.949873602623721,82.86959188822794,0.7347192662170463,0.7124132585092084,863475070981.142
"Autres espèces cultivées stimulantes, à épices et aromatiques, n.c.a.",2018,1044.7610385454104,26.105857201702957,4.502508114928303,76.19814562181425,0.6923536903894488,0.7120892409137576,821240911591.5825
Noix d'acajou non décortiquées,2017,1431.7007870760049,26.81463406355546,4.031641748407976,76.2947907075156,0.6543946755678186,0.640796796730114,785963383083.8457
Choux,2023,11498.26598426184,25.75400603418427,4.444366404381572,77.32900985389887,0.7049350492284249,0.7129850445970555,983043841134.3381
"Noix de muscade, fleur de muscade, cardamomes, crues",2018,997.6978947812934,26.120977559020115,4.487968990485967,79.10349691827598,0.6853440347938305,0.6915560386117899,824354004152.0817
"Huile, noix de palme",2017,8655.973345882952,25.92609623084832,4.002588898555553,75.36985595141782,0.6465152605674847,0.65112033722576,790165130269.7787
Autres légumes frais n.a.c.,2023,5025.507503799504,26.699678519005452,4.537216952609219,79.17095374712034,0.6789802753162888,0.7120678840726875,1000691101723.1119
Noix d'acajou non décortiquées,2015,1473.4726596952892,26.04794264651446,3.2428011941399517,72.41622636272275,0.5852403105039606,0.6023911088013947,676621987669.526
Noix d'acajou non décortiquées,2017,1458.0049973767825,26.57000927848256,3.9630046491285014,75.9937548788145,0.6344127281101392,0.6636946345617553,791135199639.2057
Fèves de soja,2020,842.6771432315933,24.68773382624252,5.0647190064051255,80.15529500764286,0.7269197434935705,0.7358563276242986,858897383137.3129
"Autres espèces cultivées stimulantes, à épices et aromatiques, n.c.a.",2016,970.7604702867847,26.337720752625906,4.1108882074346935,71.22859506016331,0.608921501286256,0.6255953492614637,744915191828.0212
"Piments forts et piments, secs (Capsicum spp., Pimenta spp.), crus",2016,437.9434937132905,26.62349851428842,4.1827890106271814,73.44612773513354,0.5968387535393677,0.6282572003246765,733098252737.1536
Bananes,2022,13353.591125101255,25.868968634182643,4.786056199362502,75.00405486559623,0.6512087986460975,0.6736141597150812,929551834593.1991
"Autres espèces cultivées stimulantes, à épices et aromatiques, n.c.a.",2019,1001.9401223972676,26.159594327470057,5.1418751830568326,81.36596106646391,0.7317796971096021,0.7259819497641686,857596011760.8931
Fonio,2022,858.9223397936262,25.101619579839767,5.0340916303255225,77.56433841753544,0.6534847626000595,0.679669331840447,931262600011.1013
"Huile, noix de palme",2021,9115.097232895745,26.526580549897655,3.9530422378924603,81.30492461951448,0.6765410948494005,0.7036038868564906,895136220479.2523
"Cacao, fèves",2021,1147.9597659261544,25.843490708490997,3.9411867103096156,79.81662980262777,0.6803614358814226,0.6975209402279844,879084002185.5537
"Pois bambara, secs",2020,717.3872808105865,25.592086545759262,4.958460850734255,77.00433038400374,0.703191645815723,0.7499680191104159,864963243984.0106
"Manioc, frais",2023,4019.7451284751505,27.340150926347224,4.549816214378441,79.9737317889306,0.6883925087048905,0.6804960175662125,1010267950669.2356
Noix de karite,2021,4043.8319901135956,25.710804267611802,3.852936241426393,79.55461074832546,0.6695393722909571,0.6936600712225058,877676266878.0217
Ananas,2016,8300.893442463013,25.98269214115102,4.046533907488192,74.0311958631866,0.6040858472717139,0.6119969557356021,725043417955.496
"Tomates, fraiches",2015,4457.209188974528,25.93309267743197,3.1742560892566343,72.67941773232837,0.5740971123881613,0.6009134104545839,677819056695.1664
Choux,2017,10993.768156046166,26.688420522752374,4.148220307549203,74.85956968163997,0.6551338751604089,0.6587546276853509,786441620707.0637
"Huile, noix de palme",2022,7889.792611283958,25.203476209844577,4.979801649613311,76.77796244824694,0.679467230976007,0.663981690953795,944686907115.7357
Arachides non décortiquées,2019,726.8953903795174,25.943608008624295,5.066185286075836,75.6205205479452,0.7008039113892306,0.7105392456324333,856844275648.8837
Fèves de soja,2018,766.6739677035283,25.87217227747638,4.574688759706158,78.04502476473708,0.6996925546187187,0.6860375516663625,814467539393.4636
Autres fruits n.a.c.,2015,5876.112808053447,26.090024442052453,3.1263025208803867,75.23122881036906,0.5694067629432547,0.5866685039888331,685021623122.5629
Maïs,2023,1279.5823053942356,26.337907506297135,4.467088463490464,78.60508584987565,0.6869901564841062,0.6756898737875554,995094823798.3962
Graines de ricin,2018,81.04120238705802,26.298194256682116,4.306979243410758,81.07016035466481,0.6953942186799582,0.6826582862511225,810569662986.0485
Oranges,2017,4608.46139852344,26.0828260913129,3.9579428443928077,75.847324716428,0.647439908577731,0.6631625541034649,778443186737.7166
Patates douces,2017,3539.060422286546,26.029641622016243,3.989533517604202,76.04882870237896,0.6592545329726152,0.6321468043728627,779062014645.5961
"Piments forts et piments, secs (Capsicum spp., Pimenta spp.), crus",2021,430.97287934311396,26.737741467670514,3.9202770751815788,78.61161310751851,0.6834085800304361,0.7188684610221967,893956729084.1956
Tabacs bruts ou non fabriqués,2019,451.5066204146359,26.30323149090238,5.127929276758171,77.32268811521396,0.7264588983307995,0.7135773577808096,866055653096.8424
"Tomates, fraiches",2019,4102.628044468178,25.07609678696283,5.026511340347516,78.27339156112869,0.7243254624089711,0.7452009019440515,856890736434.7772
Noix d'acajou non décortiquées,2019,1490.6425987570785,26.13026255973895,4.908681274290046,78.82657031708409,0.7032129362624489,0.7186448186705129,865684052185.154
Bananes,2020,12605.57668800416,24.857201398115517,5.114291588832639,79.52475010291585,0.7590981498634869,0.7288417688236767,851080333582.1968
Tabacs bruts ou non fabriqués,2020,451.02771333384874,25.2805096805373,5.131777171088114,80.5714845676054,0.7231267190659565,0.7431810402599582,856324464083.3126
Ignames,2021,9700.629239032089,26.184901417887332,3.9709113207016005,77.77879538448022,0.6604529826672135,0.7052306185646472,885501777450.9147
"Pois bambara, secs",2017,751.3912777653755,26.13840653736835,4.033385942270401,75.69288177496597,0.6585987924418758,0.6542205941213177,800120669306.0631
"Coton en graine, non égrené",2017,684.138790583382,25.82917816990544,3.9901898009932406,73.98935870189604,0.6676239749962337,0.6545089887529902,787151621412.7856
Autres légumes frais n.a.c.,2015,5002.207858674796,26.568729079276995,3.120482743476592,73.47567961411325,0.575761802373865,0.5742360876554672,680939304136.5403
Arachides non décortiquées,2018,739.2055226556168,25.50700344127584,4.559100350895394,76.98777743507843,0.6719433540605526,0.7052849131605504,818688562985.2029
Riz,2021,1648.347851270463,26.169686243360875,3.924035857595053,77.97674315353821,0.6492315488454866,0.6769792187151281,877713698134.0618
Sésame,2018,327.97114221831225,24.879898729826866,4.549375719963668,78.28286919557793,0.6837449343685812,0.6633803185164436,823146779732.6597
Ignames,2023,8965.5,26.15476712328767,4.51827397260274,78.15893150684931,0.6806301369863014,0.694904109589041,998973479941.652
Ignames,2018,9101.812516597236,25.572237394871077,4.416705536635173,79.93931350498609,0.6966610672439426,0.7224022888112112,824794124649.4197
Patates douces,2015,3319.4735083367596,26.70467251337941,3.217373837776941,73.52906948237903,0.5694420417057197,0.5866453411262768,681115459963.7032
Noix de karite,2015,3867.791541088126,26.015670093544124,3.221329200377613,70.79201750821527,0.6058205151172676,0.6131625078864883,680684548877.2255
Riz,2022,1752.6854127447684,26.125021418542875,4.947615775556528,76.86412690182557,0.6638437180192175,0.6654845568364525,946432319291.7487
Graines de ricin,2023,78.60103174450664,26.561048614088538,4.659054784092524,78.67482842798697,0.6923122143920011,0.6916122219482673,999152867724.1053
Choux,2023,10549.922932670377,25.022572348812048,4.4687715849923215,77.66109191093705,0.6745773570981158,0.6911821476912281,999722016537.6498
Tabacs bruts ou non fabriqués,2018,456.10113704538344,25.706358774288553,4.355503994458239,79.60412910062664,0.6860581083346242,0.6813509052820776,800480233743.4293
Oranges,2021,4680.159424636469,25.3271032281348,3.849595885930054,78.74750420205281,0.6871569943640496,0.6929673381791752,886626827381.335
Autres fruits n.a.c.,2020,5521.154759967429,25.314568366725773,4.995028904887415,77.46305519791638,0.702113180371927,0.7382249833216509,854740534594.0537
Tabacs bruts ou non fabriqués,2016,452.4651036298236,27.872049180327874,4.149973269518246,72.42285295495633,0.6152069573169274,0.6059521641818137,743459560007.0154
Fèves de soja,2023,971.8106155777339,26.11334594505124,4.6127714702458045,79.75612465196637,0.6803738172016323,0.6712137636435714,1006340398031.4813
Haricots secs,2016,461.2967555555739,26.335021438754676,4.066980360018815,74.65048734662155,0.5920368852459016,0.6283252755408226,729277914091.2919
Autres légumes frais n.a.c.,2020,5409.720784231589,25.57938744241329,5.1762441617485795,79.80360982980193,0.7537433512361578,0.7088049604239185,862334341176.2566
Graines de ricin,2023,82.23600023328015,25.644240750725704,4.462258701346807,78.74793805226919,0.6880328289630173,0.6984485530616684,997457954903.2981
Ignames,2020,8866.366460230876,26.30417978516357,5.186735289774889,81.39210947404581,0.7155552728013789,0.7706121393246363,865105234835.3998
"Tomates, fraiches",2018,4284.708605999688,25.445796551994093,4.326987743933635,77.09912735070371,0.6841922848852615,0.6817160574965198,822913081407.0715
"Racines et tubercules similaires à haute teneur en fécule ou en inuline, n.c.a., fraîches",2018,5237.1976120824565,25.195123476077054,4.442182240058505,79.08524942122881,0.6863635867440168,0.7204439584390203,815969497762.8102
Choux,2021,11330.630247732839,26.01298362464234,3.96252448010184,82.46778577329957,0.6580013676644823,0.689345136313669,904656047586.2964
Choux,2020,11199.948882479343,25.923028123742043,4.814725365978222,78.18385358514563,0.7290310613182039,0.7539755259439778,856929882258.3694
"Piments forts et piments, secs (Capsicum spp., Pimenta spp.), crus",2018,420.9,25.62013698630137,4.461972602739726,78.10038356164384,0.6793150684931507,0.6943835616438356,819305083628.113
Noix d'acajou non décortiquées,2017,1483.82715684776,27.09474052267413,4.021735660344122,76.19937195281206,0.6396207565262049,0.6704473153704743,797423533308.6157
Oranges,2020,4503.829162395673,26.212904004307,4.91383867752384,79.96258041937733,0.7170888506322316,0.7436711496571472,845955857833.9811
"Pois chiches, secs",2021,795.0845265936765,26.221901967910807,3.9577387951353695,77.06010545740526,0.660702521054762,0.6986653219221717,898501028309.3887
Noix d'acajou non décortiquées,2022,1495.4456108328104,25.722305499524932,4.879345744262243,77.41443174238893,0.6499717487452,0.6799061730663557,948834844222.6261
Bananes,2017,13057.930731270571,26.307331633830255,4.00574938897129,77.85088308355549,0.6474503965578523,0.6602194476443213,778686302354.9875
Fèves de soja,2023,932.3892227619684,26.582731210964432,4.467663736953565,78.41800808870997,0.66092110136805,0.717795327960988,998597301157.3778
"Tomates, fraiches",2017,4231.304305081858,25.60136371677881,4.186830247988258,75.25732641487308,0.6464232513989537,0.6275986301369862,783698979096.0333
Mils,2022,585.3474013974692,25.29370928651374,4.890776906862868,77.80528669929882,0.681523103256272,0.6760766419351664,934177729946.9576
Riz,2022,1702.1175237806412,25.54487241565281,4.834483400185839,75.37896405237454,0.6576628119112379,0.664580088059736,947794766072.4045
"Pois chiches, secs",2023,771.0082573183563,26.763698109957236,4.698100653802984,77.60682290215023,0.6710909385633652,0.6932128295750265,984021197294.4835
Maïs,2022,1274.8397604272877,25.80202107031687,4.81065703098871,73.50883972602739,0.6684761638211032,0.689329011958347,935271084140.86
Arachides non décortiquées,2019,711.6316529608945,25.4383598367148,5.162168844335589,79.49991548687399,0.7111062788170164,0.7334333569527435,862315972418.3458
"Piments forts et piments, secs (Capsicum spp., Pimenta spp.), crus",2019,421.5,25.842027397260274,5.005041095890411,79.60054794520548,0.7189589041095891,0.731013698630137,864816063151.685
Ceréales n.a.c.,2016,847.056818140062,26.371739291079038,4.038671948620229,74.05187684249488,0.6543565573770492,0.6337344669441338,723781800119.8948
Autres légumes frais n.a.c.,2022,5422.895389968462,25.029067872343376,4.892514806412481,78.24611895833091,0.664267283732007,0.68561898181707,949955133371.5428
Tabacs bruts ou non fabriqués,2020,461.7288426959384,25.117204510058052,4.975434290917283,80.21434314390336,0.7267672091049839,0.7599034669811052,856092491320.2654
"Pois bambara, secs",2020,768.3471938645092,24.976659168920694,5.021902746127919,81.48006257229186,0.7308157388475391,0.733397383681303,854392999533.5698
"Manioc, frais",2016,3671.5363498619677,26.454639464867466,4.136356296384207,76.18179876396742,0.6266171663223403,0.6330699456003479,729517710177.0822
Ignames,2016,8324.078342708624,26.963832118322223,4.180677194817257,74.5140578469811,0.6319120604234919,0.6366913622174795,748788081339.7501
"Pois bambara, secs",2017,745.2185754972137,25.963143100626006,4.078595506377402,77.22729629275824,0.6449850847942494,0.6596836193197316,776239781607.3298
"Huile, noix de palme",2021,8366.407089924509,26.17788646114882,3.9612756068738157,82.19731126559404,0.6683965863281834,0.6927571593255627,908166650097.3828
Choux,2017,11430.74457840956,26.046255748381405,4.1661756579033655,78.33661299173849,0.6426045005930549,0.639359861879148,779282238887.4402
Graines de ricin,2022,79.82258057520355,25.7582353856678,4.8684916782619485,76.65022290208107,0.6566567656352743,0.678544413671704,943812128836.8766
Arachides non décortiquées,2018,736.2144503891984,25.6372786384584,4.566285646832903,77.79936724950414,0.7089544547629296,0.6859955967000578,809838724636.7523
"Coton en graine, non égrené",2015,728.2998152755372,26.452378402335707,3.168478097098225,72.95408267873299,0.5720854700927573,0.590615003636666,674543852662.2495
Haricots secs,2020,510.19738761032517,26.299274785182476,4.98485893273203,78.30360833762097,0.7441650351645975,0.742272499381296,848373390767.7733
"Café, vert",2019,481.4992925410173,25.79211428588466,5.055158710852548,81.62968747562653,0.7204296354819981,0.7152396058998773,849775109061.277
"Cacao, fèves",2015,895.6368466225388,26.406934238157636,3.1576532662762076,72.47543152726958,0.573755329861321,0.5918598329281843,673526102836.018
Choux,2019,11054.411805803902,25.570303644830815,4.937272845310706,81.35618003422387,0.6994039281869866,0.73296839562284,862551823391.1514
Oranges,2021,4406.58765943753,25.1680168623966,3.8607223149670284,78.00352230848334,0.6722122793667262,0.6772881930836984,899121462334.216
Fonio,2017,633.4007597274483,26.18557293541889,3.9505519776971774,75.85839658207918,0.6490951237716985,0.6697568859978857,774887267711.0332
"Racines et tubercules similaires à haute teneur en fécule ou en inuline, n.c.a., fraîches",2019,5054.432545498174,25.692112485390417,4.899316117775228,82.4508323234115,0.745934254693496,0.732460712051818,853665123020.3746
"Cacao, fèves",2016,941.5546060363679,26.992232266641302,4.125359815041907,71.96943728951001,0.6198749226387231,0.6226529264147297,726228333552.6709
Maïs,2016,1243.134115388452,25.80327653859793,4.11899139588054,73.17211230932699,0.6261240959166943,0.6197032528599943,734601510399.8469
Ananas,2019,7858.6772237142195,25.694873793581493,4.85978007560118,81.18221978485306,0.6964907516980967,0.756040356513717,888475518634.8927
"Manioc, frais",2019,3904.9438058594696,25.324261561079624,5.0909303686161,79.98134665903304,0.6944805470421824,0.7412209599620657,875109964791.0354
Patates douces,2020,3567.737403420617,24.574033934557708,4.971302661762367,78.55300831653334,0.737266004282635,0.7598248932239225,851917023407.5332
Autres fruits n.a.c.,2023,5722.73128435034,25.167888434314225,4.495213571859054,82.06687808219178,0.6823845918386718,0.6948477883271903,994457808403.8634
"Huile, noix de palme",2023,7669.91770568526,26.11034786181974,4.424629806966351,79.72354259728691,0.69560837426556,0.6986788050276317,1000383708981.9292
Ananas,2021,8015.4,25.92775342465753,3.9432328767123286,79.31665753424657,0.6736164383561644,0.6907397260273973,892399651748.501
"Café, vert",2016,373.9924779825255,27.872049180327874,4.16850374335166,72.83800615023134,0.6143367756579792,0.6245602206847937,734951959328.6792
"Coton en graine, non égrené",2022,653.9806630617298,25.848630121984524,4.905928840316082,77.52895941294916,0.6566232110252166,0.6643398639387305,943022536886.355
Ananas,2023,8097.668507173126,26.307378582079792,4.519959428349995,76.44410584186154,0.6853516379737192,0.68424027197049,991605534549.5491
Mils,2019,606.5964141360363,25.72876921273544,5.036867077120914,79.94983444581133,0.7136119099550277,0.7558549126188261,858177222778.9531
Mils,2018,574.7558181983354,26.176163026458113,4.468780192528059,77.9901231487063,0.6717802393425194,0.6874008905168708,821385956637.062
Noix d'acajou non décortiquées,2020,1495.101378234302,25.312787364231458,5.096525673042196,81.75136781984592,0.7101148437862393,0.7353593270483562,854447413652.1818
"Tomates, fraiches",2018,4152.902636268723,25.14737497181093,4.5313723938840065,79.22043334497059,0.6841037476774358,0.6908418204926029,825760355084.4824
Riz,2019,1683.6677881148494,25.827178302024507,5.085127213972906,81.02055892421454,0.7183031254779815,0.7369271284167683,858890712416.9601
"Pois chiches, secs",2016,730.5741529583687,26.485008882310666,4.066092596578217,73.29421406580308,0.6439313939946584,0.594903133862955,729865280118.7383
Fèves de soja,2022,1023.288051639271,25.1346063170054,4.950352730798565,75.81338635180492,0.6723662396943555,0.6834085445262579,943300941394.7072
"Coton en graine, non égrené",2020,668.3627128440758,25.861541821218477,5.1633971875773925,79.74626288928734,0.7196766719144062,0.7556120152455251,849493616882.847
Graines de ricin,2016,78.1245275521395,26.835887622730834,4.182476417763701,73.77668395587489,0.6150088178310742,0.6287820231364568,729316435708.0135
"Tomates, fraiches",2020,4285.076274017383,25.88105028574457,5.160738159225502,80.75606213126146,0.7353403128768274,0.7299785616534425,854269115871.4149
Autres fruits n.a.c.,2016,5913.858615889532,26.08419235017691,4.095520606559738,73.90573062173597,0.6386958287146836,0.5998579442052665,727234916832.4094
Maïs,2019,1242.0680674765044,26.729982854986325,5.060079548251005,78.78215522797755,0.7289718239033481,0.7491604049046215,867793339993.3412
"Noix de muscade, fleur de muscade, cardamomes, crues",2016,987.6930400322294,27.250405719265018,4.067981871168071,72.67830693580154,0.6458377946601701,0.6148366959361027,744822833611.3125
"Huile, noix de palme",2016,8653.721774336944,25.715766261006205,4.067513016560072,74.87036923703434,0.6193272160279929,0.6151322800099015,750210532108.2947
Autres légumes frais n.a.c.,2016,5234.487374101565,25.993448853765695,4.073538462557443,73.07693080365716,0.6043184511445139,0.6311030157450034,736270052735.2196
"Coton en graine, non égrené",2017,680.1,26.162273972602737,4.066109589041096,76.52139726027397,0.6475342465753424,0.6606301369863014,783338000000.0
Autres légumes frais n.a.c.,2018,4982.421114479203,25.67177577385062,4.361653805488044,77.32951586201789,0.6853107901495505,0.7126407588115168,834852958962.8556
Autres fruits n.a.c.,2016,6127.627152806099,27.872049180327874,4.279868852459016,73.21175380273041,0.6129467089486198,0.6190755752326823,728845645272.7806
"Tomates, fraiches",2015,4263.921428005286,26.198230202068235,3.1994433530346034,73.06406155242348,0.5678732097873024,0.5846469971120799,678342634449.7993
"Pois chiches, secs",2021,765.1236107514918,25.027013961173463,3.9092629553975757,79.72845328541365,0.6851880254124242,0.6890412925627372,894431159664.0172
"Café, vert",2020,500.47697819656804,25.86528026889267,4.976884866542018,80.29934928733937,0.7048797580114112,0.7485228556082836,863344053815.8334
Fèves de soja,2022,1003.6907654470812,25.911678559017744,4.751783471896907,76.13531067906497,0.6799013752169406,0.6848614400196685,939527630417.5151
Fonio,2017,603.456215437844,26.233847479726062,4.049982555459502,77.48235253516312,0.6234630135987296,0.6593050155582737,790598838741.5969
"Cacao, fèves",2023,1022.9788182197789,25.943258470760462,4.402152035562673,79.17518802524833,0.6800444202332145,0.7110401255586607,1009677499530.3154
Riz,2017,1584.2034406157802,26.124455847142286,4.108211318574051,79.38967274888289,0.6574198983256182,0.6641280681115848,787047653849.5265
Sésame,2019,331.6813463061988,25.47228443341876,4.936581671716972,78.74097443449106,0.7350180955460278,0.7240821518261344,860234753964.112
Noix de coco,2015,3266.9247585239564,25.57909505561165,3.3160331744672953,71.28014051936694,0.5756403993071826,0.5828098006005551,680396733581.2728
"Pois chiches, secs",2023,715.1858756509312,25.88367522752038,4.517783675464207,77.56692499297037,0.6808511852917938,0.6750218826897689,1002124877470.9269
Noix de coco,2021,3807.860464882543,25.77048733241441,3.95211263294968,78.4742097457959,0.6679393541541199,0.6876904923624345,894435206924.4672
"Noix de muscade, fleur de muscade, cardamomes, crues",2022,1082.2194329031952,25.707438367001785,4.873345182853057,77.46166832172494,0.669225286849849,0.6884013647072226,951245484355.3281
"Huile, noix de palme",2017,8919.716886430375,25.86895875440795,4.1286508633504075,75.78823225076121,0.6610062318191969,0.6672612536649517,770803344793.8827
Tabacs bruts ou non fabriqués,2021,441.15116739790335,26.461497878437914,4.003842768175647,81.0384611802431,0.6415619274263493,0.6937854593963341,881464060220.5309
"Cacao, fèves",2023,996.0891415583651,26.27976853581916,4.49416855251017,77.18478025732409,0.6704705515994914,0.6746106198022087,1000424894982.1052
"Coton en graine, non égrené",2023,654.6692752533673,26.24345708967566,4.5158413552533885,77.02083720642568,0.662490347321205,0.6992282053860932,1002418879432.7206
Oranges,2017,4892.552542023087,26.38610009027283,3.9424607276450705,75.72889372767136,0.658086487325728,0.6721795450775834,780294226532.6948
Arachides non décortiquées,2018,739.5,25.62013698630137,4.461972602739726,78.10038356164384,0.6793150684931507,0.6943835616438356,819305083628.113
"Pois bambara, secs",2019,762.8,25.842027397260274,5.005041095890411,79.60054794520548,0.7189589041095891,0.731013698630137,864816063151.685
Riz,2017,1566.3121432857315,26.032946386967154,4.120574662046834,79.94871223128696,0.6524754101490182,0.6680619885486729,784454697533.9669
Riz,2016,1697.2025473373067,26.991580714152807,4.115666405628323,71.27400879062141,0.6106241226564779,0.6140237877848502,742162484854.2773
Riz,2020,1768.5570685105756,24.414515530182797,5.043253083446127,79.02606064181902,0.714368893958278,0.7345139165041861,843164606732.8635
Sésame,2023,338.44212890132735,26.10004668493893,4.514758469695926,76.80294405889687,0.6782877241919607,0.690596372608517,1001889414049.3535
Oranges,2018,4656.118094545139,25.50581405845698,4.377317442150397,77.33925298980941,0.6566121469399003,0.6845864243754467,811196610083.6293
Sorgho,2020,861.9729103982744,25.58129893515956,5.143327919918985,78.89326106268354,0.7314278391875789,0.7320789201820638,852231837655.8938
Noix de karite,2017,4177.184914341337,26.512222521568464,4.050789371319297,75.7385278140893,0.6615149485695395,0.6800011260664306,781312588339.1865
Graines de ricin,2015,81.98122219208483,25.521479498904338,3.250197515082457,76.86816854481239,0.5924780986677981,0.5809670148031403,665908615832.2037
Riz,2018,1697.8656664011908,26.30710313445533,4.446570111612434,78.52930821711924,0.6652666544711596,0.6948108492328761,826148602686.021
Riz,2018,1592.8570259995736,25.35003946170844,4.256251763698547,78.80044795840851,0.668754688107316,0.6888694258114703,826171259785.5322
"Manioc, frais",2016,3892.4664305383867,27.369248296051886,3.945660187085946,74.50772633981656,0.6095435207076734,0.6301843646372848,738986081657.0227
Riz,2022,1755.0154323045322,25.859230993743598,4.859946630620204,78.79043176826748,0.6563667351216608,0.6859732454102321,946987533786.3876
"Pois bambara, secs",2018,766.8533373609818,26.029389611173347,4.2905046933559365,80.97999150176744,0.6887585804684991,0.6825594688594466,818469291052.6786
Noix de coco,2022,3602.8160617479307,26.483426267392954,4.877679783325116,74.73308845926348,0.6632989991174023,0.6792718533486845,932005565984.9661
Fonio,2019,864.7735386207984,26.45338922256996,5.044780306038136,79.49860057527471,0.7189730801909465,0.7490600604932824,866046326820.6354
Mils,2017,592.898408203004,25.31835568805997,3.9771286946802817,74.199164311682,0.649712605682045,0.6586979913532712,782344753526.2242
"Tomates, fraiches",2018,4253.289137615085,24.946151483048567,4.516424469571561,81.73705220397554,0.6795490052171262,0.6880753670978128,813819009581.5979
Arachides non décortiquées,2017,748.0546648582214,26.206996924233998,4.0103401095056075,75.6483650691299,0.6493918205742599,0.6663814779664191,784806136021.8715
Fèves de soja,2017,694.5687662417357,26.63399009255012,4.141455207131743,77.65802231968138,0.6799109589041096,0.6483855759866084,783611786007.5022
Graines de ricin,2015,81.29930891022883,25.634722901008296,3.2602047047362896,72.33646905758167,0.5506735295153657,0.594406012260119,673733959770.3496
Patates douces,2019,3508.034865619582,25.67577954594332,5.0412631408797965,79.95583674123733,0.7100215338309427,0.7330687217992629,845384683529.6354
Noix d'acajou non décortiquées,2016,1431.1818138170486,26.066659568965687,4.030972109426847,75.81248211710883,0.6408993498385329,0.6131312038173142,717392787114.6422
Riz,2020,1705.5336555108315,25.42687380181772,4.950553063765711,76.69230768781979,0.7461682811246154,0.7112941120713515,864714813646.1652
Patates douces,2021,3710.773545209171,25.586858852132014,3.92556512812833,75.35082465753425,0.676536772742957,0.7080188465577951,894081358864.4215
Taro,2022,3118.7042803217873,24.33931232876712,4.824267611786684,77.61278424556073,0.6834470187737062,0.6835385206603034,936364602354.7861
Noix de coco,2018,3877.868387853931,25.014278804035204,4.48401191111557,81.41976650319495,0.66518398370667,0.6786460214823136,821286020208.2998
Sorgho,2017,896.0362556984876,25.70856528836484,4.049491605419655,77.43658810981115,0.6326990778430933,0.6565275366258977,780797577797.1996
Fèves de soja,2015,644.6826139299774,25.35899499704941,3.2714897552216913,72.44391869622291,0.5881094469410427,0.5808753320870266,680801419384.044
Patates douces,2015,3425.250719159244,26.974748517197582,3.130894332477837,73.22483854412624,0.5536691655439576,0.5861739492693361,669664543457.6937
Tabacs bruts ou non fabriqués,2018,444.8,25.62013698630137,4.461972602739726,78.10038356164384,0.6793150684931507,0.6943835616438356,819305083628.113
Patates douces,2018,3677.303874727364,25.73640376656269,4.3941680202314854,78.32026385337225,0.6740429528889252,0.6964520476473447,823156092341.9049
Arachides non décortiquées,2016,678.578615681306,27.152274474907593,4.12885866591054,75.1850307001131,0.6327401204381459,0.6393498411068338,734960031425.4078
Sésame,2023,327.3248660122059,26.38839273156844,4.502684024483979,78.43425374346099,0.6816381905165374,0.6943779315993933,1018431430787.1309
Choux,2021,11254.69810579079,25.711094279226277,3.9351590721591196,79.14567211134535,0.6648557992541402,0.7032918568520945,904563295235.5704
"Café, vert",2016,381.8,26.5448087431694,4.076065573770491,73.88571038251365,0.6231967213114754,0.6228142076502732,733416000000.0
Sésame,2019,326.1996867702221,25.43793281173636,5.041933281864499,78.75081138916265,0.7403918501213403,0.712251154480702,852814199220.5491
"Manioc, frais",2018,4108.991181209052,25.31868916402559,4.431050178680406,80.767858463346,0.6743099724711076,0.6961775228768549,823654869974.0225
Fèves de soja,2019,808.4413241494767,25.174798975572024,4.881458355122675,78.79258333777206,0.7271158792030302,0.7338797609034206,863874328012.758
Mils,2022,597.9274923195601,25.604213567241384,4.804192349762951,79.54016543371515,0.6423843702793042,0.6836017562585806,952592917085.197
Maïs,2023,1218.960257451738,26.309985158856737,4.4217087099847285,76.06837956426209,0.6813874102163074,0.704839536937927,1007285025395.647
"Café, vert",2020,521.338472857215,24.647655123275825,5.097205866994825,79.70750140541269,0.7319564243948327,0.7253689392471511,863840123812.3564
Noix de coco,2023,3638.1300951910957,25.89869242963127,4.64763257559368,79.70595835762009,0.6853763890975099,0.7173822652249221,994432067758.6068
Arachides non décortiquées,2015,671.713158753728,25.60892724367904,3.2537629088832767,73.91450864951669,0.5770015562162311,0.5954949156532109,670608736619.0875
"Piments forts et piments, secs (Capsicum spp., Pimenta spp.), crus",2016,427.53849811112224,27.326185466000204,4.090928344197261,73.41801428136598,0.6127172937801377,0.6103041251088227,727619743194.3649
Tabacs bruts ou non fabriqués,2022,461.7073400163421,25.31152565445402,4.931424665482671,76.9599356925531,0.6441550367557353,0.6733651322968877,950234307657.2047
"Tomates, fraiches",2022,4091.924133179542,26.220873478284577,5.088702668060199,77.24530424590709,0.6605410989933257,0.659474376460655,953186191905.0154
Sorgho,2023,921.9268713263262,25.940811241479825,4.595442016893759,76.30438142595087,0.684710578224862,0.6932928343091129,1011832959414.3564
Patates douces,2022,3750.9752978519346,25.136592690806236,5.016900771428157,78.03431227029577,0.6613544778097644,0.6832619669763579,948057542474.13
"Manioc, frais",2023,3898.604708275329,25.343250704637736,4.46989238038099,77.93227867243337,0.6874934967988706,0.6983312778277729,970642381137.7102
Noix de coco,2017,3873.395500220603,25.91437670970792,3.9638017962416523,77.10780335514066,0.641441202260573,0.6791525226690489,783278100601.9849
"Pois bambara, secs",2015,808.270482095759,25.967010622971692,3.164772283746497,75.60313812258579,0.5798087980174046,0.5897937203039486,687736569419.5349
Taro,2021,3136.1060353913786,25.856466945327444,3.898847491372982,75.7320269028293,0.6847106892999457,0.7087061224305794,896448620827.7192
"Coton en graine, non égrené",2019,617.4081567571563,25.530715676584574,4.946878368583387,79.29839972751326,0.7020658086323102,0.7211036400131512,878209745805.1635
"Noix de muscade, fleur de muscade, cardamomes, crues",2015,923.3653572115891,27.114036547120033,3.221991576445951,74.58207812844154,0.583968281195358,0.6080688316362513,678313710731.1616
Ananas,2016,7722.010879901394,26.199913977322648,3.9577757242805918,71.47142554866247,0.6202958918935944,0.6123140536284681,734338787766.2141
"Cacao, fèves",2019,1079.3446269583922,26.503679156590454,5.148692045713146,81.67295724346195,0.7308555672384798,0.7413106781074181,866742724900.217
Choux,2019,10786.624610127665,25.529277747036534,5.0459943940316085,82.58519912074692,0.7075959595219132,0.7249290836708133,863484632473.8108
Haricots secs,2023,583.2190820268767,27.225247927290066,4.427962711811233,80.89140561081251,0.6986328257360407,0.689143959172366,995737926123.3418
Choux,2023,11217.045410681923,25.908969899216878,4.320180780204435,79.43462825661753,0.6618655527359719,0.7038137475043931,999450861708.6273
"Autres espèces cultivées stimulantes, à épices et aromatiques, n.c.a.",2016,1035.5641664612197,26.000905691480646,4.130742753712394,74.61998083507714,0.6377883621880507,0.6192371101531577,730197432420.6093
"Manioc, frais",2018,3953.646572050869,26.13695361660337,4.610682879364679,78.40841858904176,0.6708024165293952,0.7198342567035824,814928324337.8578
Noix de coco,2023,3718.1707536179624,25.825386025966296,4.6874786300833495,78.25448670212516,0.7034033318940971,0.7093822770834192,984931621044.4375
"Noix de muscade, fleur de muscade, cardamomes, crues",2015,977.793759134523,26.37998395159291,3.260202462238032,74.88668127342068,0.5680171576287636,0.5757850498918696,671497611929.6056
Mils,2015,798.8,26.17372602739726,3.183424657534246,73.75301369863013,0.5778356164383561,0.5891506849315068,676983748351.848
Autres fruits n.a.c.,2018,5794.187763513608,25.173965633322965,4.551366344878292,77.45250900115829,0.6986062732306403,0.6912789563646736,800371901350.5582
Arachides non décortiquées,2018,702.4952923986432,25.561698731097255,4.449316927963816,80.00778751349105,0.6739943851947838,0.6638464903137766,804695954537.2086
Mils,2023,754.3285773165278,26.49632479303363,4.425940257438596,79.85493640847479,0.6826364200362899,0.6800512421158589,989826994820.7064
"Racines et tubercules similaires à haute teneur en fécule ou en inuline, n.c.a., fraîches",2021,5303.71325327836,25.751917405805635,3.8847397088795694,78.5296711090118,0.6883510023416805,0.6869289109742123,891963761450.8867
Tabacs bruts ou non fabriqués,2015,454.3272349563195,25.882646305574074,3.104780646787721,74.87692430551449,0.5611240164552703,0.583724566434951,673879780015.3248
"Autres espèces cultivées stimulantes, à épices et aromatiques, n.c.a.",2016,1076.1719754442868,25.786481061212196,4.139327244350581,75.709836360638,0.6361595851499146,0.6334075108816223,727925992104.1085
"Pois bambara, secs",2022,794.8097496306697,26.291875890268184,5.0559220541856,77.04456942834385,0.6461635512323827,0.6788981178000345,931576223457.2334
Patates douces,2021,3754.914650984846,25.84090576443083,4.009402984465984,81.91253218505986,0.6562106001700645,0.6843503399505063,883386041355.8812
"Café, vert",2018,443.89336376231296,26.22122367039508,4.40028432374387,76.55741962276099,0.6612205031905519,0.6961957362901731,824147902332.5809
Bananes,2022,13237.921222760531,25.2513653767975,5.032660832974526,77.9022231319256,0.647977859914568,0.6972875938846266,930709325663.2563
Riz,2021,1693.520670250615,25.940098019852147,3.9884967442656376,78.13289460548624,0.6686817886270421,0.6800485821778836,892616629790.0885
Ignames,2023,9013.324357036576,26.15273652376058,4.603763064782404,77.99601005991268,0.6794757855588878,0.7021025469661601,1017061011154.1046
Arachides non décortiquées,2019,748.0926876015576,25.63261380473005,5.033540167883316,78.78009814432238,0.7115613385969449,0.7219420747066719,868365175697.2551
"Café, vert",2021,517.7882904737689,25.788802536649694,3.881233591211693,79.32378114212848,0.6902037773426543,0.676280575542487,889365955303.5391
"Pois bambara, secs",2017,769.9170981992016,26.69086097538961,4.116925028378491,78.0796110726816,0.6412163220097515,0.6570324300318214,793295078893.2349
Autres légumes frais n.a.c.,2021,5061.183488126482,26.54091782000702,3.887754238278345,80.7871390203615,0.6761864129103269,0.6813744501830921,889334213987.138
Autres fruits n.a.c.,2023,5371.310483788571,25.90274643512764,4.638610751317899,78.82022325151605,0.6817336573464003,0.707863599263954,1004670133562.399
Ceréales n.a.c.,2015,944.8146834454362,26.08179543281698,3.1990905822934326,72.2876488153386,0.584324968056182,0.5994795234511942,690964100374.1492
Riz,2018,1609.7093638678482,25.723353758166628,4.447541952036292,79.67738795645927,0.6786448758150646,0.6802895616525463,809690006314.1532
Autres légumes frais n.a.c.,2021,5126.478009029833,25.83186135882116,3.939107105057033,77.97919542125177,0.6714422244672672,0.7107088097844646,895497936629.6489
Arachides non décortiquées,2017,736.211899044555,26.058141301532157,4.075938680710807,76.2235579023036,0.6653646251563259,0.6594379002167884,781798683975.46
Noix de coco,2015,3330.1924438391393,25.922128488369413,3.1746591052746758,71.255880034183,0.5800863997658331,0.578140517079386,673817047706.3325
Fèves de soja,2018,752.1072406080568,25.171594444879798,4.478183944880701,76.74177818441488,0.693612686700885,0.6955464526545729,831376984052.4388
"Noix de muscade, fleur de muscade, cardamomes, crues",2020,1065.7489810836025,25.255205862184454,4.791954343469133,77.92210697878117,0.7440162634418724,0.7353537963163054,862190838568.1593
Riz,2023,1872.8529691073072,26.371341479587272,4.510730351882817,78.48681612234985,0.678720736804067,0.6875720502238293,986349734237.5258
Arachides non décortiquées,2023,735.1993777952842,26.038745255773257,4.364241739870445,78.82534860822608,0.6687916784637361,0.6910328346515331,992844422990.9738
Fèves de soja,2019,762.0058161219041,25.708134915193195,4.8188215371521546,80.43816451636319,0.7156059748120526,0.7086458860093324,859941549152.4291
Taro,2021,3139.31418336892,26.13037585471698,3.9719130781492646,77.51875235231857,0.6687908474583746,0.6972884711889202,904209284586.9589
Autres fruits n.a.c.,2015,5907.4,26.17372602739726,3.183424657534246,73.75301369863013,0.5778356164383561,0.5891506849315068,676983748351.848
"Autres espèces cultivées stimulantes, à épices et aromatiques, n.c.a.",2015,1017.2277464271491,25.939088906586722,3.2993333765979314,73.28233622506092,0.5545603749390863,0.5961361622706822,673306507422.7307
"Café, vert",2016,401.5100676430637,26.70955329901572,4.117907863864984,76.12135407552242,0.5996182131429877,0.6184037447115478,741354768927.9938
Autres fruits n.a.c.,2021,5915.275783243583,25.625987305697365,3.9984084924419614,77.35531529220954,0.6702855004664001,0.6763328244560822,885078423702.284
Riz,2019,1616.0915117871905,25.352838081355937,4.874169944162006,79.82267210080127,0.6984969099543676,0.7293496923014438,859410547648.2825
Arachides non décortiquées,2017,716.2921374966833,26.274850599943314,4.041920909518598,77.52929936344617,0.6599594858996655,0.6603224067550202,783253050436.6144
Noix de karite,2021,4118.193469250085,25.58963180395593,3.8977192608530915,80.26199050433661,0.6668984004238383,0.6698519222429308,874894558390.2565
"Pois chiches, secs",2021,762.8,25.92775342465753,3.9432328767123286,79.31665753424657,0.6736164383561644,0.6907397260273973,892399651748.501
Sorgho,2017,878.102784483216,26.603086522937375,4.067320311974568,75.41382505193616,0.648012332846851,0.6619594422962232,784984712433.0552
Arachides non décortiquées,2022,771.0284253003397,25.410365917134715,5.024905992697356,75.30778571037837,0.6637539096070336,0.6520825861435018,938330933321.3058
Noix de coco,2017,3718.402309169403,26.593426413953754,4.081356134513541,74.696067167652,0.6471872380083216,0.6314645552124563,782889136965.456
"Racines et tubercules similaires à haute teneur en fécule ou en inuline, n.c.a., fraîches",2020,5306.420667222999,24.82492244627876,4.956492383058161,80.29690205763886,0.7318852908487629,0.734615537527838,857014184096.4828
Ignames,2017,8983.705281246504,26.40245195680643,4.137781590632578,76.86374336920699,0.6284862240359391,0.6695886521215766,792214774436.6499
"Pois bambara, secs",2016,750.0,26.5448087431694,4.076065573770491,73.88571038251365,0.6231967213114754,0.6228142076502732,733416000000.0
Ananas,2021,7950.823080552771,25.909953146861792,3.8744213270482013,80.12681495849735,0.6672405256084731,0.6965739572259917,904135682938.0995
Haricots secs,2020,538.1920534749803,26.5675230176346,5.169478931588452,80.82385267907365,0.7306546208275608,0.7496235423705772,854566913851.9291
Arachides non décortiquées,2019,746.8604545588645,25.36299230744205,5.063941174892258,79.66359903942411,0.7103065424992371,0.7206374696743245,871893884087.3824
Noix de karite,2016,3796.063934129247,26.771872964350916,4.036841830635456,73.16783891781117,0.6248694132117547,0.6213519306252183,736906834512.0498
Autres légumes frais n.a.c.,2018,5176.993728621559,25.544761847555325,4.41448561978885,77.06810319166365,0.6724427403951795,0.6737024171214387,827863143335.2968
"Huile, noix de palme",2023,8242.1,26.15476712328767,4.51827397260274,78.15893150684931,0.6806301369863014,0.694904109589041,998973479941.652
Patates douces,2020,3680.6784382626793,25.448889038430263,5.176117597420426,76.02768517207494,0.725665951235134,0.7216781710116899,863041158249.5361
"Manioc, frais",2015,4129.109691954211,26.14496169506985,3.1380410896980715,73.80635500624406,0.5667022888145841,0.594554237892559,678125528587.9008
Bananes,2019,13495.787879072566,26.60411142045889,5.126268694145047,81.20547117746484,0.7142520676008913,0.7293365824148528,869163550019.6577
Taro,2023,3126.3721847625416,26.805221702707478,4.5511980856627865,81.33200600169404,0.6581314130126678,0.6920044929853038,1007917731257.3776
Autres fruits n.a.c.,2016,6101.925653473224,25.92390549016463,4.0163251508706175,72.5540611060011,0.6132922277600522,0.6034119620626587,730489306396.7703
Sésame,2022,348.0249131261926,26.006217185109474,5.095643425957243,77.71197094268035,0.6919115833413823,0.6857401304554871,952958231783.82
Autres fruits n.a.c.,2022,5570.677922990935,25.34006974935178,4.88988625998128,74.68683344644066,0.6893195040626168,0.6859212952512802,931520434205.8121
Ceréales n.a.c.,2016,824.9244639869574,27.640256438837934,3.9948027286427967,77.31639841793229,0.6245558400118006,0.6179795895802221,732253223590.505
Choux,2015,10316.036457685075,25.788310647725396,3.2020777896934853,75.28467456737526,0.5791309678974488,0.6106590131264366,677427229960.8306
Arachides non décortiquées,2018,768.3241453144793,26.267389399107408,4.390529200649555,79.36966814471154,0.6710612331726655,0.7198580388595881,823043660374.725
"Piments forts et piments, secs (Capsicum spp., Pimenta spp.), crus",2023,429.37828760255496,26.03019838790952,4.595453831599067,78.59829918570581,0.6655932930204534,0.6635619224266213,998911208864.4178
Fonio,2023,886.6323775941811,25.36603528401099,4.443569537120867,77.9920339566,0.6594308826942066,0.7017634511451688,1003374205154.8451
"Autres espèces cultivées stimulantes, à épices et aromatiques, n.c.a.",2022,1062.8628825118442,26.80189385626649,5.026753285121661,77.77337734199372,0.6641635487888758,0.6638116030928238,925355897122.0177
Noix de karite,2020,3897.6621041726585,25.77427904156887,5.088392442618666,81.35848369801211,0.7331464321338986,0.7525075367937508,845665778044.4254
Ignames,2015,9042.711424840249,25.897960272930163,3.2388258041720883,74.19737629183433,0.5973079573241838,0.5856113033759394,673310240237.6901
Taro,2018,3031.6966592412596,26.294066905957912,4.411935692580814,80.21519446794889,0.6700305154816762,0.6824093421325986,820654165849.2476
Ignames,2021,8758.971897690337,26.497290570195517,3.9730422976281616,82.18379226779791,0.6617867897324307,0.7145782632501059,894935439371.4954
Riz,2022,1678.2795267989952,25.486872509161945,5.004355412686643,76.63458520627134,0.6795911984366659,0.6663213026564601,923833590047.3795
Sorgho,2017,869.7607936962567,26.404657135869986,3.9835742091396384,75.15439642698402,0.6438405162917217,0.6688542755631142,804102020005.5538
Autres légumes frais n.a.c.,2019,5028.828595483396,25.95323971698887,5.070516096858899,82.1163908426809,0.6965003572566509,0.7296082025979738,852961458978.646
Autres légumes frais n.a.c.,2023,5045.996245077869,26.68885702746659,4.413471034691241,79.73452274839329,0.7005171246389372,0.6874688937687967,1005527126914.419
Taro,2017,3145.0326822581287,26.600017454683936,3.9883358309066073,75.76857441815336,0.6426372423201091,0.6560582973077028,777525601911.892
Sésame,2023,330.1,26.15476712328767,4.51827397260274,78.15893150684931,0.6806301369863014,0.694904109589041,998973479941.652
Fèves de soja,2015,599.977975703584,26.652626952498455,3.1555422016726977,74.37850492102379,0.5847008730611817,0.5832170707125441,676544353112.4421
Haricots secs,2016,458.82699093515356,26.418005890903338,4.137069566654414,75.60396515317971,0.6128338313591016,0.6150887555590424,735581832828.7218
Sésame,2020,324.83053678494736,25.36584708141401,4.856469589143034,78.69356209021804,0.7268391871802405,0.7552781993392916,861751998163.059
"Autres espèces cultivées stimulantes, à épices et aromatiques, n.c.a.",2016,1053.089485690155,26.993781838922086,4.0743428691416534,73.08340202590124,0.6294365207353964,0.6391491020036348,736627579927.7067
"Tomates, fraiches",2023,4408.828345271301,26.286969181263174,4.544789960376185,78.08067376474102,0.6904667036845887,0.6938560013981746,1007997943066.8093
Sorgho,2017,871.4571648340761,25.58871947089309,4.078787667667067,76.14183217534604,0.6543514018749473,0.6537587401656225,777080772424.1365
Ananas,2022,7651.655997970309,25.760234341506724,5.115343089493662,81.17556506700811,0.6615188823291372,0.6544132216609791,946210392501.4305
"Cacao, fèves",2021,1117.4,25.92775342465753,3.9432328767123286,79.31665753424657,0.6736164383561644,0.6907397260273973,892399651748.501
Noix de coco,2020,3804.5855239314637,25.750491386660766,5.155611605305573,80.33479006914398,0.7245575643144724,0.7446042444767155,854020801987.0831
Sésame,2017,329.6425442014956,26.319389713617237,4.168840315246159,75.28084795038788,0.6751192046572579,0.6579182091661224,783636313983.4878
Tabacs bruts ou non fabriqués,2021,479.8314467346381,26.3440104916095,4.023651072185226,80.18798527376362,0.6606262787173715,0.6894271825863099,900541644468.0266
Oranges,2019,4848.306228365066,25.43064296204584,5.044726684190368,79.1715179116887,0.707729570326236,0.7199910732366259,856100486741.8351
"Tomates, fraiches",2023,4405.8628844184705,26.001650821027447,4.471691331845903,75.83705019487087,0.6894515588819857,0.7157837074263632,994303265121.0665
Haricots secs,2015,490.7,26.17372602739726,3.183424657534246,73.75301369863013,0.5778356164383561,0.5891506849315068,676983748351.848
Tabacs bruts ou non fabriqués,2017,438.6568897606541,26.516212198489804,4.035331082004968,73.99193659057744,0.6643688617432933,0.6668159215200677,769462264429.8756
Choux,2018,11142.849385424432,26.239913129698436,4.632305300203415,79.1840034196844,0.6676248435855889,0.6958453446781452,821105306666.3024
Taro,2022,2962.2313793205035,26.34546762475747,4.860867997891966,78.89937563170979,0.662257358294656,0.663378913339841,940570880909.5527
Sorgho,2021,912.3109347170782,25.631821470775176,4.0117043528738385,76.26582885080762,0.6620075169185294,0.6827989046540954,883560692211.6816
Haricots secs,2015,520.0891060332729,25.595167764725147,3.1192359478055476,72.67468401335368,0.5685659985861571,0.5834850682483175,681407317932.0175
Sorgho,2018,859.2222060612721,26.18410071925946,4.644453095532801,77.56169085581094,0.6643273256084478,0.6985546293357584,806423787997.382
"Manioc, frais",2020,3891.5218969547223,25.42595518868733,4.9522247244024085,78.03346717656787,0.763372950819672,0.7430181842669079,851982623433.5869
"Autres espèces cultivées stimulantes, à épices et aromatiques, n.c.a.",2017,1048.4694514865773,25.91694829485051,4.07986667984726,76.69069738835823,0.6554483819525477,0.6647961102662021,778141675520.2234
Autres légumes frais n.a.c.,2016,5359.646652351099,26.271818151502963,4.0189833146303275,74.14209865183834,0.6100532025371401,0.5981683248679267,720844454135.3031
Riz,2018,1676.0,25.62013698630137,4.461972602739726,78.10038356164384,0.6793150684931507,0.6943835616438356,819305083628.113
"Pois chiches, secs",2021,774.274085752438,25.969383391518164,3.870872336985163,81.04820176696342,0.6749174059361734,0.719111408634726,892462758881.3179
Riz,2017,1701.348444992893,25.485153544344374,4.0775188558850735,75.03543768811498,0.6448780197632165,0.6487075020036381,781388447145.363
Sorgho,2018,869.5,25.62013698630137,4.461972602739726,78.10038356164384,0.6793150684931507,0.6943835616438356,819305083628.113
Fèves de soja,2018,743.5700461376433,25.75628715846909,4.499789902599861,75.80145049306566,0.6689846513848945,0.6958116926509227,827875678022.4027
"Noix de muscade, fleur de muscade, cardamomes, crues",2017,1049.3539622850808,25.40858063598617,4.118266939191657,76.29925180510756,0.6554030531966945,0.65623867678366,777865015045.775
"Coton en graine, non égrené",2019,650.6256428915182,25.326223396222698,4.961480485993131,79.87610052266272,0.717142318683447,0.7369168072013441,854546671371.128
Oranges,2019,4437.970746251306,26.54331440923989,5.167116185855392,78.54472549223863,0.7354598786738293,0.7408654581476589,863984317130.7255
"Coton en graine, non égrené",2023,664.2277454532972,25.66140945654193,4.564322077171649,80.66829940173018,0.6682770128374814,0.688174343558675,977960989105.43
Riz,2018,1725.7696166726878,25.232377324622554,4.490071361559724,76.87176257429653,0.6504660519281962,0.7021026590401408,802149799307.8445
Taro,2020,3214.3531170077413,25.095673951248934,5.089172252991774,78.7455730528408,0.7007276987820952,0.7308465377347981,853218408387.2733
Bananes,2019,13008.951975445554,25.774651528300286,5.067173664633189,76.60212724829925,0.7352297742369219,0.7467595272311743,864459238705.002
Maïs,2015,1389.5,26.17372602739726,3.183424657534246,73.75301369863013,0.5778356164383561,0.5891506849315068,676983748351.848
"Piments forts et piments, secs (Capsicum spp., Pimenta spp.), crus",2022,435.8831338215689,25.959155223556365,4.906832145491094,77.90008893037775,0.6631665235491325,0.6836899271072073,937050913863.3536
Sorgho,2019,882.4671068374377,25.927714797537313,4.990749240145307,81.3761937525746,0.7346499275736974,0.7434629293835976,850924368648.2919
"Cacao, fèves",2015,926.804982913733,26.173127937505704,3.101798162658257,75.84307694236429,0.5908197507604697,0.5808628872059284,671314440561.2184
Ignames,2023,9347.34810655718,25.863888596059713,4.53742016665339,76.60705105969335,0.6767017568117617,0.6985369840609312,994437568758.5361
"Manioc, frais",2018,4060.001479566278,25.088790048159197,4.45836920911503,78.53329617134442,0.6844158511828883,0.6596643835616438,829332755196.299
"Coton en graine, non égrené",2017,746.0165705824814,27.470387671232874,4.053449368552102,75.44900932564119,0.6244627899528334,0.6526078621796397,784203809732.3815
Ananas,2019,8231.414893828513,25.352866137981565,4.968600917874223,77.98035658329287,0.7358423541821657,0.7329108431659355,861854793122.8805
Taro,2015,2613.655196603825,27.114821900658804,3.1782798052389,71.77823561479792,0.5794622473223541,0.6011264797552989,683600192720.9332
"Pois bambara, secs",2022,768.7038347545464,26.16156257535932,4.9639201046847985,75.35387241299557,0.6445768446392894,0.6732594358279272,946289602241.3596
"Coton en graine, non égrené",2018,798.0698128423514,25.68277226022179,4.579873600453228,77.42039690973121,0.6916457984625808,0.6741697938032525,828608616732.7264
Noix de karite,2017,4074.000861678146,26.20073948935604,3.969530146912621,74.9682839251179,0.6518488189861092,0.6539044717515514,781750187381.6033
Taro,2015,2518.0024009493645,25.926515312826687,3.1545594756049677,73.76918230456195,0.5775739820865212,0.57866036127732,686615472446.4498
Tabacs bruts ou non fabriqués,2015,456.18676287028165,25.05567057722296,3.113883422149506,73.37188726429699,0.5725796448168889,0.5900423325195673,677930586666.6324
"Pois chiches, secs",2023,798.1325785301354,25.397785051315317,4.621814809824088,76.07498246493978,0.6695896554952295,0.6946177621294187,984901493950.0098
Noix d'acajou non décortiquées,2023,1478.252074414421,26.705696121007545,4.508741186804616,78.66799373088539,0.7112898444239494,0.6955783560435411,994045856346.0302
Oranges,2016,4634.538857220972,26.291576257375866,4.074650349547825,74.4937140128996,0.6207355751078638,0.6096439449573213,730172783172.5625
Graines de ricin,2018,78.3368337802772,26.565811153631294,4.456359430852329,78.22915668088582,0.6693744834668526,0.7035017730961711,826490171153.3556
Autres fruits n.a.c.,2018,5452.6309824982445,25.898284997480104,4.449609384024732,78.42956933961126,0.7132808219178083,0.688351893705387,808296571054.2336
"Pois chiches, secs",2019,744.4981186624021,26.846732475297514,5.06401866810668,80.58492062404176,0.7467343281932988,0.7320166020009612,856077218274.6333
Ignames,2019,9201.798576233768,26.830285956261463,5.174014096141254,82.00235960415156,0.7222666832021182,0.726214802372767,843969070870.777
"Manioc, frais",2015,3858.591787386899,25.27941513449632,3.198121175801137,73.54727831713487,0.5813465586397373,0.5656233900646046,671770911199.3439
Ceréales n.a.c.,2015,942.0942415550974,24.865039726027398,3.104910767991456,72.49768676946132,0.5669602017479363,0.6014855320758633,680770348811.5044
"Racines et tubercules similaires à haute teneur en fécule ou en inuline, n.c.a., fraîches",2019,5072.317855812409,25.574994354551002,5.003036863701973,79.67106659861354,0.7253578553353331,0.7467948201015977,862038739796.5621
Graines de ricin,2018,81.91972068467439,25.74712488519494,4.430041602852878,76.37612168233784,0.6741873368146478,0.7080970369856185,811806684169.4579
Fèves de soja,2019,807.6155160779803,25.242137006993907,5.001502946511203,75.6205205479452,0.7549068493150686,0.7554346192682454,863375635514.6102
Ignames,2018,9004.364775992159,25.90108795976784,4.4512310227755885,79.02278977375455,0.669997383366169,0.7006736002066292,817882458480.5405
"Manioc, frais",2018,3874.426399758586,25.613390225961346,4.4003009272299485,80.96782099828641,0.6918166271654406,0.6952996810844663,819561418731.0916
Autres légumes frais n.a.c.,2017,5126.546614611233,26.267584564876866,4.085665149275581,78.56125166336402,0.6282200769655961,0.6833740277131466,770131349466.5742
Graines de ricin,2016,79.20326110420837,27.09430851017791,3.98697199019934,75.05245695204063,0.6141432543737201,0.6463563258729839,730355490247.6483
Graines de ricin,2016,77.8,26.5448087431694,4.076065573770491,73.88571038251365,0.6231967213114754,0.6228142076502732,733416000000.0
Fonio,2022,883.4402019559369,24.698683419185564,4.810682432184289,76.24542911949439,0.6437030324633104,0.6502079407793167,937433102859.3529
Maïs,2015,1425.3331776956838,26.476899672686947,3.1133635569561773,74.54242872732927,0.5748669039699431,0.6122562512935787,678310129400.6736
"Huile, noix de palme",2020,8595.131779072202,25.174552630217637,5.049478469118393,79.50753638555726,0.6906707650273223,0.7732761990595353,845826429735.4169
Patates douces,2015,3638.4612873323968,26.654359749965444,3.2049856644101977,74.80683925672129,0.5573701883409107,0.5788158240523535,677784003270.288
"Cacao, fèves",2015,940.3195279219055,25.173943526926337,3.1789466781436113,74.01904042967027,0.5690961800927377,0.5853435584983423,678911302527.6648
Noix d'acajou non décortiquées,2016,1592.7063596213366,25.59565144439853,4.182268011407187,73.69275902691832,0.6409106727322329,0.6288911015564974,736740193202.7175
"Café, vert",2017,431.51693216359695,25.087788072080844,4.087434194668889,74.56409809565189,0.6425621679237564,0.6621632802615302,780886467560.4745
"Racines et tubercules similaires à haute teneur en fécule ou en inuline, n.c.a., fraîches",2023,5321.070168184123,26.097730086178846,4.452193906191605,79.7756242399954,0.6910261148380805,0.7139981913026069,1007354692710.6874
"Autres espèces cultivées stimulantes, à épices et aromatiques, n.c.a.",2019,1041.155880276108,26.618922499323162,5.014020203316505,83.38145126503633,0.7207136908791071,0.7181913739613107,862400283221.9396
Ceréales n.a.c.,2015,946.7996987463565,25.36906517049343,3.2152108042335534,73.45030646556171,0.5865264745963247,0.5800185589640229,670803516502.2815
Sésame,2020,325.99613576029003,26.169578811514466,4.857590628501269,81.10602193532782,0.7202700899231921,0.7473178076588595,856663680102.2424
Choux,2020,11417.178103106979,26.042769721553768,5.058462570921748,78.4599892527202,0.699277215138157,0.754316014091524,857717050007.3894
Choux,2022,10464.173212455076,26.088841209456756,4.893452539738272,78.07185342843029,0.6800881933611984,0.675209386816032,940566203024.3119
"Pois chiches, secs",2015,746.6467655659354,27.091164902631053,3.2005489532836298,71.31382773270634,0.5713192822831538,0.5817294155790279,672875879699.2102
Graines de ricin,2020,80.76123714444289,25.119806504255457,4.965344098140309,77.54133717513564,0.7427783543462496,0.7138326068308214,849697409342.1173
"Pois chiches, secs",2017,744.4958328089643,26.352302064055955,4.069752644752815,74.67855310109732,0.6455173119305911,0.6591019327528536,779305384441.13
"Piments forts et piments, secs (Capsicum spp., Pimenta spp.), crus",2021,426.1588657681631,25.845494523346233,3.903156683978396,77.57746412693177,0.6790118716825977,0.6854385654201116,888545311595.7373
Oranges,2020,4914.15760773902,25.830893227649234,4.903947879579049,79.73221506358429,0.7517851516545165,0.7334137854649783,851759604329.8676
Noix de coco,2016,3712.772581709274,26.63617058309308,4.014554040784865,74.23656253661746,0.6390957255577989,0.6182060982280366,738318419778.7356
"Autres espèces cultivées stimulantes, à épices et aromatiques, n.c.a.",2017,1055.4671885238097,26.60815652879378,4.035712697823111,76.42936318397626,0.6521210916416329,0.6889861056137802,782351913101.939
Maïs,2020,1239.1538416919743,25.19948925958613,4.959163680317595,80.63259535092376,0.7389330913602234,0.7382947353006846,843060657768.0197
"Pois bambara, secs",2015,821.0258909334343,26.092256926377498,3.267423558312184,72.86111177552048,0.5741446554533313,0.5676168731320862,673414294100.3237
Oranges,2016,4707.956337186814,26.01556782886413,4.116415190573483,74.79020158201482,0.6306691649884012,0.6089706997509473,735107029956.6329
Choux,2019,11040.34275332699,25.80646907048928,5.201915628392283,82.52174935280097,0.6848545923961403,0.7117647467539633,880693128218.3184
"Piments forts et piments, secs (Capsicum spp., Pimenta spp.), crus",2023,419.6448863810274,25.355112704223348,4.440445737592779,79.43183495689648,0.6581604698395567,0.6830812486499923,1001543636275.7362
"Tomates, fraiches",2023,4163.198206850071,26.649189094573405,4.552395599036492,77.66585158670293,0.6722653160195964,0.7098193100863974,992184112584.3218
"Café, vert",2021,510.4845041835991,25.401719915727462,3.8848200661173764,81.02074091533966,0.6623212164239611,0.6915484666171302,893188024089.97
Taro,2017,2881.999484321461,26.64268518726256,4.235444458471817,75.54147723248657,0.6402872012830854,0.6478592707911948,777380509980.5728
"Piments forts et piments, secs (Capsicum spp., Pimenta spp.), crus",2016,418.1,26.5448087431694,4.076065573770491,73.88571038251365,0.6231967213114754,0.6228142076502732,733416000000.0
Noix d'acajou non décortiquées,2019,1470.401364077314,25.88062591046167,5.0619776546192865,79.7533162598277,0.7012105046717684,0.725487951050151,861285481113.8756
Noix de karite,2020,4254.360552417469,25.735887750584943,4.950137673903356,76.93687785960975,0.7310577970951095,0.7487595333043849,858394884812.7247
Oranges,2015,4528.49369071991,26.10766774435735,3.3161949956756205,72.16721968733744,0.5704777159329975,0.615689452119792,680931597768.1727
Sorgho,2020,854.7851996179171,25.577026517013202,4.982984834171346,79.77371823085525,0.7040146810280665,0.7452652616956905,853093164056.1395
Autres fruits n.a.c.,2015,5887.125710253996,25.362001910777263,3.1890364606435124,72.60740007158473,0.5651570617783741,0.5887974555125602,672755030337.7134
Ignames,2022,8904.84896289349,25.678995221116107,5.039312654686591,73.50883972602739,0.6560859070125302,0.6539303519639272,940370446391.9187
Autres fruits n.a.c.,2016,5973.875757882803,26.67345097294679,4.01136106470156,76.03136725608081,0.6433655246327334,0.6283474691655535,725800704957.1671
Sésame,2023,327.33724031317126,26.81888307156058,4.434801820951673,77.75939072273425,0.7119159902023301,0.7151845140637041,1011000254753.5566
Sorgho,2015,941.8843723373653,25.72490976205781,3.166717218183592,75.2455070752241,0.5736617215758572,0.5817888904489513,677524614657.0702
Noix de coco,2022,3713.265909851873,26.55557799143319,4.826111592987135,78.14937822163087,0.6617018499836116,0.6848589323055136,951166822021.546
Ananas,2015,8333.286127390975,26.157754397990054,3.13298715865174,71.97194050227981,0.5734057153093579,0.5863548191197857,668538808570.1771
Mils,2020,600.1,25.55327868852459,5.009398907103825,78.95647540983606,0.7270218579234972,0.7411475409836066,856967581267.048
"Cacao, fèves",2020,1098.9451185962766,24.6634373779405,4.991119168369258,82.20759777227437,0.7265652890368515,0.7057526320031265,844871427173.9431
Arachides non décortiquées,2021,768.139416385051,25.9805234487937,3.9506738425270247,77.25838914670302,0.6747664466683745,0.6786099940942087,888273519575.6561
"Noix de muscade, fleur de muscade, cardamomes, crues",2021,1010.5743496676636,26.347229552115564,3.8199592877162227,78.74355435945196,0.664376489236043,0.6924016804992799,885220618252.2821
"Autres espèces cultivées stimulantes, à épices et aromatiques, n.c.a.",2019,1033.7683167221144,25.427504137543647,5.058258802739319,76.28590909205771,0.713419118983652,0.7193262285935175,858733135483.176
Tabacs bruts ou non fabriqués,2020,419.638560847908,25.657127000995324,5.1340660589004985,80.56645807660286,0.7229331169110975,0.7593923735116375,850887550881.8258
"Piments forts et piments, secs (Capsicum spp., Pimenta spp.), crus",2018,420.9521874779809,25.45429919485192,4.483351263448473,77.61056901347858,0.679979485238405,0.6909120034795937,827947454420.1926
Patates douces,2016,3518.9164890521733,27.021700554900185,4.103852094010745,72.2130095080914,0.633594834872763,0.6071831590773241,740304154773.7966
"Pois bambara, secs",2021,820.0663639410075,25.63330391389974,4.0015258924835555,79.17535818192505,0.6852923740550568,0.6909248342606743,884942303600.6464
"Coton en graine, non égrené",2021,734.5,25.92775342465753,3.9432328767123286,79.31665753424657,0.6736164383561644,0.6907397260273973,892399651748.501
"Noix de muscade, fleur de muscade, cardamomes, crues",2018,1091.4010093470752,26.240251386293092,4.494151338511998,77.57005516317325,0.6628422298217425,0.6822254324791877,821283906741.074
Noix de coco,2022,3685.1312530277387,25.624727975019063,4.980419477948479,74.27915106282298,0.6683839425154607,0.677784471944003,941753363988.7289
Patates douces,2021,3636.2,25.92775342465753,3.9432328767123286,79.31665753424657,0.6736164383561644,0.6907397260273973,892399651748.501
"Racines et tubercules similaires à haute teneur en fécule ou en inuline, n.c.a., fraîches",2015,5556.506722772982,26.757433911838426,3.2323232606999497,77.44066438356164,0.583044969578851,0.5841030949867076,685570569102.857
"Tomates, fraiches",2016,4320.143387082677,26.289030917196147,4.102432831617571,72.84411240616097,0.6155331974002621,0.6166038021820063,733084081232.7908
"Tomates, fraiches",2022,4202.29051284591,26.08543640115889,4.868143621432516,79.35585529076373,0.670428024882647,0.7072016783193084,929154787524.5875
Autres fruits n.a.c.,2018,5726.513941563695,25.26774537175718,4.524291308023849,77.13118748733896,0.6957650931420511,0.7112720802780064,821851245395.2274
Bananes,2023,13641.265109256912,26.539215130618423,4.418907148912876,75.77922493447988,0.6922481188994382,0.6917828591692751,1006066234422.5153
Noix de coco,2017,3816.866101874518,25.92135439919218,4.269415068493151,77.66013657500655,0.6365583833544303,0.670878798306544,775998648126.7997
Ignames,2020,9151.74799669923,24.835772215937403,5.053877791473575,78.53701628250352,0.7563912899571966,0.7345106923788791,857145560790.95
Mils,2017,602.3819075471404,26.491214646770285,4.094955934984384,78.3292119157545,0.6416891797891313,0.6699625544400573,789628469862.6987
Sorgho,2021,873.3525047716689,26.188073305042955,3.8180199451326944,75.92810459147607,0.6814067358881472,0.6881242065172363,883286171394.5851
Sésame,2021,332.3627272699111,26.09504752297943,3.979747552952313,78.08623490575786,0.6598599413151554,0.6928482344033682,890712286421.7534
Autres fruits n.a.c.,2019,5723.829570037463,25.493440655791876,5.178768283722335,79.21235658235413,0.6972274460105174,0.7503176581737644,869002025476.4698
Noix d'acajou non décortiquées,2016,1423.6818634611056,26.72024947578143,3.95346736826604,73.12549621534626,0.6311733498820136,0.6234784140944643,738932916766.9055
Ananas,2016,8383.053903959952,27.651398595589093,4.151884469688488,75.40325965902912,0.6186084086843849,0.5916734972677595,729824115986.4681
Mils,2018,576.1430527309278,24.610529757869877,4.438580411393199,80.73232541877839,0.6735004709629874,0.6996118747653695,839270400132.871
Choux,2017,10604.322880154288,25.921106287213668,3.9404779015783555,77.60868335950055,0.6642863550767532,0.6629374890331389,777587811568.5156
"Café, vert",2021,510.8140819704512,25.64370364570259,3.8900636982010632,80.04701868436653,0.6751495372261265,0.7127054137005067,882444771144.6255
Haricots secs,2021,553.5186436754017,26.437216893380988,3.8893926002909587,81.36605597667129,0.6467420089574157,0.6884797773593896,906615631272.1151
Patates douces,2016,3424.1986317761884,26.584890032969493,4.024121627673177,73.22774610482,0.6113477358263097,0.6145118467949855,728925277561.2642
Sorgho,2016,860.0,26.5448087431694,4.076065573770491,73.88571038251365,0.6231967213114754,0.6228142076502732,733416000000.0
Tabacs bruts ou non fabriqués,2021,445.89378754419863,25.971679335432764,3.8011163456403314,80.91674127096081,0.6780254741461433,0.6642375621187998,891004039398.0383
Autres fruits n.a.c.,2015,5700.0161661271095,26.59568800606311,3.1966214281763348,75.32448333432255,0.5873775564856395,0.5932052536248515,669422500952.4304
"Huile, noix de palme",2020,8274.083920263616,25.24240271495205,4.914317963055754,77.32450662644568,0.7239986152316473,0.7448871908229163,863507413951.6368
"Piments forts et piments, secs (Capsicum spp., Pimenta spp.), crus",2019,422.62338115051926,26.124561777140507,4.93765437415681,77.79706242106546,0.7475198604373771,0.724180639447731,877255871351.1497
Noix de coco,2015,3195.1874086662547,25.799274069548847,3.143360616950822,75.74686568652645,0.5693991795416006,0.5678243130154723,684239545667.259
Patates douces,2019,3651.4,25.842027397260274,5.005041095890411,79.60054794520548,0.7189589041095891,0.731013698630137,864816063151.685
"Manioc, frais",2019,3944.0241863570036,26.054029143868412,5.074815290559876,76.82744599163024,0.710841678787029,0.7182437496496391,884408175543.1112
"Pois bambara, secs",2022,772.6285262246449,26.460617762463535,4.8956305178706305,78.04554422406312,0.6687809141464512,0.6911717516147443,942906761972.7648
"Manioc, frais",2019,4021.697232796345,25.17974317336938,4.905276335988045,78.45460269770153,0.7210267551280056,0.7520939291254577,870022209536.0211
Tabacs bruts ou non fabriqués,2015,446.23545574074546,26.181535598423558,3.1558884804366603,73.38304689929546,0.5783824669375118,0.5831867587759395,681278259399.5708
Noix de coco,2020,3729.611420556831,25.053734917779376,4.856000557439616,77.07533451817011,0.7168742204836503,0.7428960743460926,861286963422.1508
"Café, vert",2020,515.6926972728121,24.931313248786626,4.912238880556113,78.20644313589125,0.7333371014788773,0.7361420683445987,857434032011.2938
Taro,2016,2501.48925053359,25.617596222022115,4.163595283209256,75.44829654031481,0.6014420902265677,0.6309234145774772,738891970370.2671
Fèves de soja,2016,582.587285122877,27.162083992299053,3.981943939915234,75.30126000200053,0.6462473860423823,0.6227686727818644,722182395226.7065
"Manioc, frais",2016,4028.364172989767,27.03758292912422,4.1315790464689455,75.03945810394501,0.6336560865649061,0.6338280877098438,749541699901.2987
"Pois chiches, secs",2016,756.2676173168916,27.461169198707694,4.123079548072779,74.57323909130486,0.6445395843649533,0.6383385293196637,730594672058.9398
Arachides non décortiquées,2015,655.750912264724,26.82469943653908,3.1675101992232277,75.3198017675957,0.5738670010317628,0.5882047213006603,670585857565.3906
Noix de karite,2015,3780.8049810794364,26.380544672193675,3.1656711333078698,76.30711501886857,0.6042288393860495,0.5874733897943278,665378133087.1309
Graines de ricin,2021,78.04458911377235,25.526020680569818,3.858456846194059,81.01276595165113,0.6814677238388936,0.6945474428317306,889048360341.949
Autres légumes frais n.a.c.,2017,5145.662808631169,26.02664466700139,4.08840732424924,77.11142775660703,0.6455068886391311,0.6889051647148077,789294906184.3652
Autres légumes frais n.a.c.,2019,5276.014846245422,25.498564982998378,4.75478904109589,79.89784836058918,0.7328424992858881,0.7323627093662923,851765549331.132
Fèves de soja,2016,638.5112285323745,27.26990066789145,4.227750156530318,77.31209021835954,0.5950146068838618,0.6323288964021632,732824771906.6519
Ignames,2019,9101.651040130788,25.66655750405537,5.030610371368624,78.51788616785825,0.7146329491404634,0.7500683459419262,864561243344.5282
"Café, vert",2018,472.2423573569113,24.775287413764065,4.685071232876712,76.19140248618517,0.6495946530487655,0.6818445571488178,812754256995.1812
Oranges,2022,4411.880644066068,25.331424443950247,4.8504665802334905,76.81979772578212,0.6456331751662194,0.6827745980312651,937025986806.6863
"Tomates, fraiches",2015,4220.385087231219,26.403078005374745,3.2053733718932604,75.96689793255075,0.5693941252407584,0.5922187664540894,689223190978.3671
Riz,2021,1707.2626286811842,26.35577162051593,3.94847618754291,80.996102719867,0.6970173256400338,0.6732819653722635,887574728482.067
Maïs,2023,1277.4624897857539,26.585239848811668,4.574842167201337,78.01578764265655,0.6769426627873287,0.6868113053381271,996614079401.9008
"Autres espèces cultivées stimulantes, à épices et aromatiques, n.c.a.",2017,985.2577817992867,26.238513582524384,4.269415068493151,78.26434442181883,0.6612151359962488,0.674213781228469,780110876216.2584
Fèves de soja,2017,694.3,26.162273972602737,4.066109589041096,76.52139726027397,0.6475342465753424,0.6606301369863014,783338000000.0
Mils,2021,596.2928195044825,26.084482322631974,3.992120090471159,81.36901026071696,0.6403416777259758,0.67787679608997,886950206156.0795
"Racines et tubercules similaires à haute teneur en fécule ou en inuline, n.c.a., fraîches",2022,5130.848858253274,25.730891957960292,4.925065055508807,78.29139245810968,0.6556783037075126,0.7029107917976765,945647426694.7023
Autres légumes frais n.a.c.,2017,4822.734304867945,26.0620517484751,4.035502286848159,78.4573336236925,0.6531649749606406,0.664597565423761,779516212504.247
Fonio,2019,904.0279337058507,26.182513741517127,4.978727105405794,80.9951887593249,0.7317492107813843,0.7216501962261858,861291126841.9215
Tabacs bruts ou non fabriqués,2022,442.5672061048474,25.728824304214122,4.7873206829602,78.46690174761694,0.6445310350955513,0.664817010960477,917735207366.9944
Patates douces,2016,3161.631670485739,26.795377843529884,4.194752649313545,74.22956435604294,0.6073114291951011,0.6251526825251829,736846280867.4283
"Pois chiches, secs",2015,746.7029408527673,26.04677681987621,3.041326415094054,73.99885152985881,0.5841181777800091,0.5907486758150963,679216415533.5955
"Racines et tubercules similaires à haute teneur en fécule ou en inuline, n.c.a., fraîches",2018,5054.287343620028,24.930182154922335,4.507883394841017,78.67065526425075,0.6794561093593402,0.6639158978186027,818314053788.3541
"Manioc, frais",2021,4289.734508733382,26.72428319347774,3.959642374283674,78.20909813071749,0.6579027203899002,0.6887009966702367,899327400382.9893
Noix d'acajou non décortiquées,2016,1404.1602726547071,25.826902234906118,4.079306722035422,72.94382256715659,0.5922603245461879,0.624520504982679,723817580539.9382
Bananes,2017,12685.056602567129,26.4841020694658,4.065134451318141,74.76250853305545,0.6348570862383263,0.6483047753981548,790087017844.9025
Autres fruits n.a.c.,2020,5661.570915449542,25.952751971899772,5.025744858924989,82.29896155378009,0.737422856193886,0.7528991828591082,865290554005.3925
"Pois bambara, secs",2022,795.9729660886386,25.433033744173347,4.860454559954529,75.87714197000517,0.6566149453477333,0.6624130138158513,946180046717.3964
Ananas,2017,8009.0,26.162273972602737,4.066109589041096,76.52139726027397,0.6475342465753424,0.6606301369863014,783338000000.0
Taro,2022,3035.230598685154,26.14205371764407,5.155100720074589,77.39987272362114,0.6586919391108522,0.6701899310624033,947212715877.0262
Ceréales n.a.c.,2015,957.6279258091879,26.665331912368085,3.214652352355214,74.32514272380824,0.5821562644998148,0.6186082191780822,683237753239.299
Bananes,2016,11969.163119406694,26.0645336574328,4.1349700896525565,74.25611036477407,0.6543565573770492,0.6312145940515248,737630821197.2654
Graines de ricin,2022,79.0,25.620328767123286,4.94627397260274,77.37772602739726,0.6615068493150684,0.6768493150684932,940020690899.395
"Racines et tubercules similaires à haute teneur en fécule ou en inuline, n.c.a., fraîches",2023,5341.352593467861,26.872731750188294,4.484529743726397,76.8790048111376,0.6832889908269316,0.6891026549846045,1003839588147.6656
Noix d'acajou non décortiquées,2021,1590.0773936771607,26.040833077958997,3.792987007785155,81.27531874429773,0.666789032963168,0.6855973591041932,900879503150.5306
Mils,2017,569.4232023230501,25.96557031994361,3.961276492459751,75.31736289160966,0.6435368132125013,0.6609899256818379,788698416699.8163
Bananes,2018,12756.297449821388,25.257389446915962,4.39529243042636,79.27758028221064,0.6749137358224452,0.6947040593525186,823529910137.5144
"Piments forts et piments, secs (Capsicum spp., Pimenta spp.), crus",2020,418.03749627229257,24.96516014687405,4.893390343318546,80.48253356328526,0.708998757509744,0.7065807578110407,849705795519.6235
"Manioc, frais",2021,3839.4357368712335,25.630243959984693,3.830705742797482,78.24112731336874,0.6672963755883982,0.6737606496247607,893088647412.8784
Arachides non décortiquées,2020,739.3559475345452,25.569512739528495,4.939764218231422,78.30448976179805,0.7317655995134984,0.7474906654322054,847880777204.8448
Bananes,2023,14013.629345946496,26.154274586770953,4.525413709395849,81.57013072978343,0.654989956090507,0.712934395157266,1009898314042.5062
Fèves de soja,2019,803.6215180312408,25.71766671828463,5.07564809051084,81.309018669938,0.69561734604911,0.7493102399678645,857912743234.7556
Maïs,2021,1228.3756498471432,26.526701304396834,3.971313846975614,79.9443939064061,0.6786065733762744,0.7053159733935984,882446073778.7931
"Autres espèces cultivées stimulantes, à épices et aromatiques, n.c.a.",2022,982.0862693055394,25.698317136299366,4.853164481688035,78.79762239036117,0.6725957552145564,0.7106917808219179,928774675681.7816
Arachides non décortiquées,2016,720.3954014094089,26.94026654448406,3.997201611727751,73.42074726181103,0.6253047340082108,0.6266652866336415,743074825890.3724
Autres fruits n.a.c.,2021,5768.591527489056,25.213434495201305,3.84150222890109,78.37194694429134,0.6852150064223104,0.6658991008023707,889509830055.2611
"Noix de muscade, fleur de muscade, cardamomes, crues",2021,998.4615513779427,26.154216437780114,3.9896553905652703,78.73412632048122,0.6653142068292554,0.6562027397260274,881182325329.0396
Maïs,2017,1229.5074537720811,27.283729998782647,4.127557290984041,75.19959637003174,0.6482085845913452,0.6610308714899764,784070119091.9935
"Tomates, fraiches",2021,4498.299816644721,25.233515462474045,4.049641894535007,80.32353589427302,0.6656317866928617,0.6998056125070209,898453290466.3033
Autres légumes frais n.a.c.,2017,5108.845004656644,26.71676831410633,4.079448917828151,79.91263204489519,0.6369509830600675,0.6836467117983095,785199660352.7128
Haricots secs,2015,488.3877010927203,26.39903718559943,3.2544925320001736,74.97399245409709,0.5815114443029711,0.5913426648956631,687980875133.0284
Graines de ricin,2023,75.15183426798374,25.76808237228441,4.478355221925531,77.72746025143059,0.6920549617304542,0.710914701866897,989590638497.3209
Tabacs bruts ou non fabriqués,2015,441.310617658076,26.341856644013735,3.1144933441178515,73.03078566449199,0.57161467572435,0.6133531126029557,672662885674.3738
Ceréales n.a.c.,2015,956.518307906198,25.977886707614108,3.224252568034914,71.91000929520531,0.5903654326710724,0.5855585294921392,678369141817.8031
Maïs,2018,1240.556906532071,26.278563794308585,4.539005545058403,79.64419321605047,0.6840747658403638,0.7058873208313771,804743695694.7805
Maïs,2021,1195.8534422872021,25.584043837094974,3.9705994443006696,78.39386653402481,0.6660427592843607,0.6691824496881579,888653853199.5553
Sorgho,2018,906.6156549561161,25.703954954317375,4.453040312456955,78.85145379408044,0.6604658310285619,0.6862382142628886,823872290146.1625
Fonio,2020,878.3678484713516,25.345132173426368,5.126194079735954,76.77090197419096,0.7097407841726023,0.7556183414865103,848332244650.992
Fèves de soja,2016,593.2019992455556,26.577420297504315,3.997353788048451,73.8401217081531,0.6291890149612582,0.5992007102197915,739334837415.1117
"Tomates, fraiches",2015,4141.407512206391,26.3643010711151,3.024253424657534,73.7221802120191,0.5949338071509047,0.6171060894941545,673111072896.8127
Autres fruits n.a.c.,2023,5643.256574014142,25.193978930030372,4.57120243691634,75.94582763538783,0.7082229453879105,0.6852143806380279,1006322239531.8268
"Piments forts et piments, secs (Capsicum spp., Pimenta spp.), crus",2017,417.19943883543425,25.23265273049703,4.11455374205209,73.19630362166238,0.6439357384631904,0.6357946947077384,784437341769.4393
Riz,2021,1709.612962932384,26.175736964047996,3.7767847310889877,80.02858749318204,0.6566938856825787,0.688559886962223,894555667540.625
"Manioc, frais",2015,3755.459767418826,26.033688904574127,3.1532043830611958,73.11550855623332,0.5777334374539639,0.5876775263320763,672338708362.9794
Noix de karite,2017,3944.506821625724,26.972944353462204,4.172254811245888,76.48295489697647,0.6368861513297613,0.6497267050329028,777434923387.272
Noix d'acajou non décortiquées,2019,1493.1996344115491,25.201010472747594,4.8908145419768605,79.59869155464007,0.7123570841570828,0.7272446607604678,867751270317.623
Riz,2016,1691.8150816145983,25.926361727629757,4.043111597886135,73.42066840636863,0.6147922137118683,0.6215628414048888,724449728142.2687
"Tomates, fraiches",2019,4208.114220867314,26.870013886119377,5.129193174123908,78.33591806796163,0.7058147772234183,0.7113249988590556,866697560502.9642
Patates douces,2020,3712.324477326508,26.006393431925364,4.773129282046527,77.56397668527215,0.7206104208493569,0.7484486667323351,852838286930.1315
Noix de karite,2022,4452.107213747347,26.90134520547945,4.908017849738611,75.7084171972227,0.6284315068493149,0.6740955522734798,946250043768.5408
"Pois bambara, secs",2017,795.0917931683468,25.958025973130276,4.139723070356057,76.53376770612509,0.6151575342465753,0.6590530238497655,783050841800.1698
"Manioc, frais",2019,3770.1394732707427,26.23705791528518,4.909483570566165,79.02367433510946,0.7181457101204345,0.715637323022848,861878841293.7699
"Coton en graine, non égrené",2021,728.7214169517232,26.638645103858412,3.9398511578738984,80.58020699530327,0.6777298710658708,0.6943249744732312,899707160317.782
Ceréales n.a.c.,2016,859.0290827979392,26.270866248925856,4.014571137965573,72.87259683756083,0.610831823218978,0.6484010436029995,746697154496.4214
Patates douces,2018,3594.8668599243774,25.329377580705767,4.331992563343883,78.55028588241346,0.6916879375647579,0.690831378777628,824635584418.2748
"Autres espèces cultivées stimulantes, à épices et aromatiques, n.c.a.",2017,1030.2661573134517,26.003177454880962,4.07579313431885,72.69532739726027,0.6427663451903297,0.6675045328032814,783386797162.1337
"Café, vert",2017,447.68534590476423,26.15662817416872,4.038479071736128,75.25289739228457,0.6335497716596088,0.6586972350773515,785468750819.6572
Noix de coco,2022,3535.151146850849,25.316811307000577,5.107720225604605,75.1421441756669,0.669388195525166,0.6710398596965876,944569549348.6829
Oranges,2017,4636.082161558297,26.04921031497462,4.072983822060571,75.00981032414074,0.6596018941390608,0.6543416810691077,791014093914.0466
Noix de coco,2018,3789.6955661020106,24.798716293460913,4.447952786189824,78.0172621413876,0.6610502500592155,0.7048041540583225,817306788684.9924
Haricots secs,2023,571.1897180346023,26.049964530465328,4.306228560735135,79.747355571997,0.6696963829271219,0.718775627611294,990973558980.9818
Noix de coco,2015,3420.7153835085905,25.701705581288934,3.2096668192216193,73.11955276611103,0.5783315221106908,0.5813629872077669,688522415941.3655
Choux,2015,10887.106196467985,26.055490073704007,3.2170422978221733,74.34622991332301,0.5790357692769659,0.5866043110470344,679058385917.2745
Autres légumes frais n.a.c.,2017,5047.869966203718,26.09181909533078,4.143851894359125,79.15641202246991,0.656884410897755,0.6854171618448972,787837655491.7977
Graines de ricin,2018,80.07909212831204,25.771531054184642,4.562576335989598,79.3379451553149,0.6933620102407132,0.6980247621002407,825645224789.7953
Taro,2022,3005.109696043998,25.93921756563925,4.972016781949851,77.07947048992939,0.6478158868531708,0.6869837627083974,938996839103.0178
Choux,2015,10609.629822149443,25.939740614872786,3.242374961861911,74.44076554820079,0.5613826763464365,0.5860038935557241,672593804833.5018
"Autres espèces cultivées stimulantes, à épices et aromatiques, n.c.a.",2017,1018.0526026162694,25.68626763280404,4.063036317214869,76.2038279971745,0.6749758055210302,0.6801463952540587,788811733370.7064
Autres légumes frais n.a.c.,2019,5060.650953061671,26.48569370377048,5.116780272886573,80.61288478821065,0.7284529887694599,0.7402931443781506,857453018485.0767
"Cacao, fèves",2017,990.88467786742,26.04895218154679,4.147683294416309,77.35808297498376,0.6395539400615288,0.6625104783684354,787898242879.0209
Noix de karite,2020,4147.758087061634,25.7604830632922,5.175609785823962,80.27809638106005,0.7329189627628275,0.7484686944411714,861503647963.3303
"Café, vert",2022,543.7451566886682,25.740359415874913,4.900550822002509,76.60972828636383,0.6764682156454402,0.6662574405382212,929478008181.1805
Maïs,2018,1153.1718317574546,25.825904282821,4.424921378046889,78.70669142782425,0.6711333877261755,0.6900940383378259,815811114249.7543
Tabacs bruts ou non fabriqués,2019,454.03527414026826,26.112706243078716,5.012637746064707,77.88254295485557,0.7128874496602058,0.7457911756004136,863878595501.3818
"Tomates, fraiches",2021,4469.033906823546,26.011946082098746,4.059140087288644,80.76331092548489,0.6738080960393403,0.6963931531098787,891241939585.1035
"Noix de muscade, fleur de muscade, cardamomes, crues",2017,980.9029028246053,26.77446349343856,4.118531193099066,77.19843424768092,0.6416675583260134,0.6642032655996634,779575390180.4685
Sésame,2020,318.11246705690695,25.378786085911525,5.001679161764537,79.56071220466455,0.7191846038964336,0.7308309984582367,846699509268.7544
Fèves de soja,2015,626.0209462548127,26.662066556550233,3.203989329494522,74.71919813613697,0.57621915112572,0.58002672693974,674729185777.3711
Oranges,2018,4743.012041893736,25.031365757358323,4.418592666650221,79.82074396961103,0.68393169064464,0.6933135533945342,811946319867.3417
"Racines et tubercules similaires à haute teneur en fécule ou en inuline, n.c.a., fraîches",2017,5284.97352061821,26.028219803301855,4.037372052224219,77.83696504691991,0.6675376473701675,0.6655138287658144,788644964021.7484
Maïs,2019,1227.9513464399236,25.587811675765746,5.095608085389884,79.65197039510466,0.7003647314092434,0.7384092019490588,853225807130.9901
Fèves de soja,2020,846.2548049727574,24.666845216562265,5.0135820652736545,79.71021607242291,0.7414591798080973,0.775945719556045,850846111938.6605
"Café, vert",2015,380.1459632258492,26.663446432741456,3.100801288114828,72.24678114133906,0.5870678233119069,0.6061993793135941,679103926856.2046
Noix de karite,2023,4168.563580363014,25.70604986207291,4.517480596381056,77.23477211212784,0.6898782041714193,0.6921643506245692,998978682239.3811
Noix de karite,2018,4204.09451833887,25.226163488744117,4.5721829126782865,77.02396061889233,0.6626569482109085,0.7110793393430459,800836374015.4412
Graines de ricin,2021,82.82156412517153,26.576994918833364,3.9840273117905727,81.20818124106042,0.6600941366733775,0.6889749033145768,880160496480.2935
Fonio,2018,849.3175681281665,26.35460149096872,4.452856640146124,78.58741576924399,0.7050955839687771,0.6916057180098545,827194393294.7837
"Pois bambara, secs",2021,776.3755638378256,25.845738977596312,3.800275102929451,82.05160031318786,0.6567844945317187,0.6916243445197221,889956638915.0361
Bananes,2020,12411.528303431238,25.082512256618024,4.858820902703768,81.17641278835335,0.7263750950929005,0.7596792636415225,838911912840.9943
Noix de coco,2016,3650.283226108435,26.250318025698608,4.096650264836649,72.4958346081502,0.6313763564011775,0.6302178258459954,739029114823.2952
"Cacao, fèves",2022,1102.2726286953828,25.08172971222466,4.984086803382221,78.2470060064876,0.6630841256127371,0.6521627068299584,936823209614.8984
"Huile, noix de palme",2022,8309.31846751557,25.433642804540963,4.752982726267112,76.5475982925972,0.6297185207119447,0.6754818699694108,951941445208.6401
Noix de karite,2019,4012.5419893733783,25.96747238515526,5.073788448958191,79.66208123929025,0.7124075272800642,0.7263260954571179,877825245360.359
Graines de ricin,2015,84.61357892799515,25.732432483633,3.2109226093549066,73.01574018184746,0.5833404542157594,0.5995014418769382,680438960902.3002
"Manioc, frais",2020,4012.4317116684556,24.994599857208993,4.887557802587192,77.66039801527201,0.7165780763023318,0.7320275943159795,856233050487.8538
"Coton en graine, non égrené",2022,668.8861867620653,24.908693920016265,5.043549208381373,75.51167217139022,0.669711587497613,0.6994522538977134,951274925486.2334
Mils,2016,603.768572055439,25.558514361705075,4.028200765766073,73.84884131648981,0.6105236469373893,0.6240079703339625,737832435873.3502
Fèves de soja,2019,766.5654844246873,26.47633576275629,4.982804884846424,80.38420350962393,0.7196374525751476,0.7363008704676449,867954003365.9858
"Racines et tubercules similaires à haute teneur en fécule ou en inuline, n.c.a., fraîches",2022,5309.384874026121,24.70077284213002,5.054826996136021,75.92062946564485,0.6710984108351066,0.6961683870125482,928577757780.4357
Noix de coco,2019,3694.886477127773,25.764616965951895,4.915985708843223,79.00127338145919,0.7202708638023763,0.7361249742613911,864498511489.7242
Arachides non décortiquées,2016,721.255912387076,27.269529936069368,4.224689053588375,73.93566141901765,0.6176794583148136,0.620088762458541,729635485973.3806
Fèves de soja,2023,995.0373211494397,25.20025135357651,4.4890398026646965,78.32004218272876,0.6713906606238721,0.6899475526352026,990260596050.2971
Maïs,2018,1281.1273167276743,26.31182784117523,4.319220827924059,78.85262445867413,0.6790757829643933,0.7141347318172012,823086492662.4174
Sésame,2022,333.50626151163107,25.403686170395055,4.9182177075057165,76.25338907523017,0.6690076387160345,0.6970865557033981,946389912268.156
Taro,2017,2995.9515986061297,25.49617882964641,4.030135223391733,76.89639054166736,0.6413414431089269,0.6375471672408882,778029050443.4702
Arachides non décortiquées,2019,726.3116288088843,26.263456302908295,5.049816960586488,77.07591684945395,0.7338693876795667,0.727721600617522,878659163104.208
Riz,2016,1703.669682556452,26.908642170346916,4.042456484924204,73.01411034376065,0.6204065122617691,0.6228159386023441,723656599251.3944
"Pois bambara, secs",2017,739.0934114769383,26.07928603337731,4.029386827397293,76.41250206320863,0.6518142394638643,0.6632191078492918,775944844507.0322
"Coton en graine, non égrené",2022,644.0800053620859,26.125028979756067,4.958228935455737,77.3872007480543,0.6730026681905581,0.6697132612700906,944140861948.1188
Autres légumes frais n.a.c.,2022,5043.009562976583,25.861861254245202,5.036680105031595,76.02774515592168,0.6719318844220605,0.680492937391703,932270993579.2346
"Piments forts et piments, secs (Capsicum spp., Pimenta spp.), crus",2020,425.0680720159319,25.846313342027408,5.0312954342764264,79.12319280071775,0.71173225809909,0.7616869309533181,860315006516.6858
Oranges,2015,4677.545707492008,26.048442267167346,3.137146060833178,73.10724093542937,0.5835376198946217,0.5937747881267258,678063752385.9502
Ignames,2022,9047.101765339137,26.595363922771345,4.975437000094976,79.04280989720107,0.6502467822834426,0.6711702515912694,939805463961.1351
"Café, vert",2021,571.0622798920492,26.238124410349545,3.901826755281886,78.48192495731638,0.6846400210021667,0.687467947215558,893899554006.9286
Fonio,2023,889.7131162923938,26.289137141338404,4.651822443660933,79.07281285766906,0.6724134514797192,0.7157202302045163,990510271123.6776
Haricots secs,2020,508.4429213094448,25.92866077057535,5.067770318438819,80.35924861835784,0.728093323464659,0.7512299905171415,868250758698.1335
Maïs,2016,1195.9782755379647,26.595649626446914,4.268083046792732,74.34225761111932,0.6153213941609413,0.6316206442742451,725458257785.58
Autres légumes frais n.a.c.,2017,4762.470998502735,26.254863981107025,4.132587971857574,77.76103782982004,0.643156923210171,0.6577641119756612,779158149633.2104
"Noix de muscade, fleur de muscade, cardamomes, crues",2023,1057.9642548928075,26.28774166451254,4.553597557502083,78.78936407271732,0.6848551204763005,0.716479576801824,1002064046136.7673
"Pois chiches, secs",2015,748.0,26.17372602739726,3.183424657534246,73.75301369863013,0.5778356164383561,0.5891506849315068,676983748351.848
Autres légumes frais n.a.c.,2015,5073.9,26.17372602739726,3.183424657534246,73.75301369863013,0.5778356164383561,0.5891506849315068,676983748351.848
"Huile, noix de palme",2020,9211.168335385088,25.831295471539995,5.163474494619023,79.8270909456427,0.7442397611012559,0.7400887960391739,856787120625.2341
Sorgho,2015,892.8166249729994,26.652846787353745,3.175806913665188,75.77292134316858,0.6021342341364939,0.5740489298607285,675730643706.5853
Ceréales n.a.c.,2016,818.568762621483,26.04909584941653,4.068852607176323,73.47457852880355,0.6280074723443957,0.6114534480564424,733895111764.1841
"Cacao, fèves",2016,934.026658159008,26.50915487322629,4.144786793889881,71.78734692783578,0.6470064071957145,0.6433911235360483,738969955311.9092
"Noix de muscade, fleur de muscade, cardamomes, crues",2016,983.2,26.5448087431694,4.076065573770491,73.88571038251365,0.6231967213114754,0.6228142076502732,733416000000.0
Tabacs bruts ou non fabriqués,2017,441.72105852959817,25.70167202924204,4.067333210654022,76.04930215374553,0.6601755671360905,0.6391676882016788,777054022472.2888
Noix de coco,2016,3588.489397253846,26.857230705996162,4.020998890051163,72.35001207222967,0.6252865205349527,0.6241089529997454,738419615830.826
Bananes,2021,13291.111349610066,25.519873959354488,3.980637098071462,80.37782859562454,0.6607237712382961,0.6909711290849201,893903816238.1226
"Racines et tubercules similaires à haute teneur en fécule ou en inuline, n.c.a., fraîches",2017,5379.007277225456,25.906678100697878,4.109367214959701,75.97028844421203,0.6693397429577918,0.6705908560802372,785855859788.2031
Haricots secs,2018,559.7015070455165,24.921272856381236,4.477259588592567,82.00540273972604,0.6925555836603877,0.7068275243852644,815409941113.5674
Arachides non décortiquées,2019,743.7,25.842027397260274,5.005041095890411,79.60054794520548,0.7189589041095891,0.731013698630137,864816063151.685
"Autres espèces cultivées stimulantes, à épices et aromatiques, n.c.a.",2015,1063.0919440113385,25.071008626166083,3.1695166385072806,75.93149842897738,0.5840331153749686,0.5836093811795742,680586017911.0022
"Café, vert",2021,531.1037257133908,25.65518158622852,3.875466531745659,79.43271684668701,0.6713877156554608,0.6641899948782412,889278630027.8889
Ignames,2020,9552.18283054273,25.757562713228193,5.084049173169016,80.09198936634535,0.7057825040160562,0.7572842126306468,858301992538.8531
"Pois bambara, secs",2020,798.5727094420728,25.676693383326246,5.0859256494905996,77.05900664332903,0.7333335353371314,0.7391241382855108,868509646434.5201
Choux,2020,11190.6,25.55327868852459,5.009398907103825,78.95647540983606,0.7270218579234972,0.7411475409836066,856967581267.048
"Cacao, fèves",2022,1119.137234579759,25.352587910762374,4.870473621744502,77.86280002881367,0.656755471552882,0.6547060731194323,940934597136.17
Maïs,2015,1368.8063135787581,26.085060625883333,3.0923095798417153,74.35539382292718,0.564572797042637,0.5774603849898958,674387346055.2701
Riz,2018,1644.7419911247148,25.534219848995875,4.457216196008485,77.47464231412312,0.6883978802972207,0.698856995269913,817588107252.9011
Fèves de soja,2020,850.1473644935951,25.18046774003312,5.0535426928952445,79.56703560275044,0.7201164776763331,0.7054050920775363,848464194920.9695
"Autres espèces cultivées stimulantes, à épices et aromatiques, n.c.a.",2019,1032.169389416175,25.223550177349413,5.054032518288229,80.40897962687025,0.7119892036407077,0.7623974216957583,878376087555.2361
Noix de coco,2019,3670.5104883009617,26.06149426266089,5.091359977757077,82.80433264852077,0.7272370168819702,0.7268174184052043,868801969780.1217
"Noix de muscade, fleur de muscade, cardamomes, crues",2017,1008.6497676467102,25.922406900986445,4.0591001567460845,78.43062185616547,0.661728721492048,0.6716046921118801,780504260984.6417
Noix de karite,2019,4346.140751005225,26.25813715254493,5.197626642006179,79.06284242430382,0.7167650597336933,0.7261775722717623,855166805952.1141
Fèves de soja,2016,610.2795845477369,25.726651447991166,4.031198728187161,74.38376491634017,0.6416775915211621,0.6047701681465529,744323322412.1013
Mils,2015,814.3467487445563,26.58413088836786,3.234631991910971,73.60564178263792,0.5858575382494007,0.5759606499283991,682155089993.6182
Noix de karite,2019,4401.968514329214,26.02524496697446,4.965418964596769,81.04155705178347,0.7312636497636783,0.7440343958953667,859543241240.192
Choux,2017,10878.672804789043,25.643397270264064,4.14340770385877,78.06133266080718,0.6546644937768348,0.6545285768408627,784903137849.5951
Arachides non décortiquées,2022,740.0592355542927,26.053826355066324,4.981909815352272,77.15058318654043,0.6488798835902851,0.6612109541589101,941286404240.0552
Tabacs bruts ou non fabriqués,2015,462.00258578724805,26.260402473360138,3.1522963036303113,75.42052961728785,0.559542556288608,0.5980674235528464,684468893152.5681
Graines de ricin,2023,79.7684351478232,26.355495872227035,4.684179495405134,79.58167047312615,0.7058741514536236,0.7050991814382078,996108760859.2955
Taro,2016,2654.794108943705,25.993769344186646,4.05876838608436,74.05182565145799,0.6348308316226902,0.6280305193445238,742362078409.8917
"Tomates, fraiches",2021,4588.238727496751,26.260926325520096,3.768544950384308,78.73177527087937,0.6832227088611724,0.6849272002354884,896376987364.5448
"Manioc, frais",2023,3918.5703978747756,25.867381395928746,4.593040874628879,76.44440215064597,0.6761376929780658,0.6907967001167179,998397869132.554
Ananas,2018,8299.474365805965,25.055350907296177,4.316324927826105,80.59439980555088,0.6538597936825779,0.6930721657639715,829529420402.208
"Pois bambara, secs",2015,830.6550249424478,26.496573850078363,3.2251136564700045,72.7085785311821,0.5822913269855506,0.6021964542462452,668605625898.8962
Haricots secs,2017,541.6789444519511,27.470387671232874,4.269415068493151,75.55238084386441,0.6556586137835401,0.6441923667374629,769809480913.6168
Ignames,2019,9093.528452199416,25.959058856279704,5.002889140534815,77.63098049603433,0.7100258351932701,0.7400449299918043,868848211693.9153
Riz,2017,1666.4809695977697,26.451685272526035,4.022478387809639,76.26769560284924,0.6395164313188333,0.6502004792357347,781808344390.4286
Tabacs bruts ou non fabriqués,2019,448.21012492884984,26.0026324248959,5.028880564602561,77.01919709065409,0.7137389223244358,0.7327541077324476,856239291436.806
Maïs,2020,1226.0,25.55327868852459,5.009398907103825,78.95647540983606,0.7270218579234972,0.7411475409836066,856967581267.048
Fèves de soja,2015,626.1679056181829,26.095196944388103,3.207458650945569,73.700274429238,0.5729386954004593,0.5807681420807937,689956180194.4854
Fèves de soja,2017,692.5332399345551,26.378109694848504,4.046258678490047,77.33918805478933,0.6368015575338718,0.6698711475277788,790937407850.3959
"Café, vert",2016,392.8309483528121,26.64381816351691,4.159885848332576,71.8464358100302,0.6301862024325952,0.6128282353336204,734598071255.0482
"Café, vert",2020,523.6952028215202,25.697765183252866,5.0249030840839914,80.53896455031473,0.73411531697694,0.7538488883172092,855146689218.8287
"Coton en graine, non égrené",2023,662.7743160251829,25.46029985954251,4.469324178489196,77.90103450755147,0.6872321256880091,0.6823971633695786,997636834101.692
Autres fruits n.a.c.,2021,5692.915850150312,25.81094558332656,4.054658903702321,79.68134682803137,0.6670317533314583,0.6793661951804285,879461955784.8507
"Café, vert",2017,403.2,25.99759625563812,4.0862980135314295,73.78577986740447,0.6607594486388318,0.6573049186317768,779775537794.8551
Taro,2020,3181.4354084021975,25.21856697059415,4.881019347297867,80.0029687277751,0.7317694841242536,0.7422546199774882,884370925239.7098
Fonio,2017,619.6015952310643,25.877948753995547,4.120180653895419,74.77092472174398,0.6531138942109824,0.6739265486776304,783892503932.8307
Ananas,2016,8030.286217333989,26.63527181094138,4.15700777095078,75.04660442956016,0.6065165662851322,0.6056980076673484,730206645001.3857
Bananes,2015,12481.0699747291,26.40133121377679,3.1781726553852487,70.36472495948165,0.5781017017748248,0.5987063726128853,690158935433.1143
Tabacs bruts ou non fabriqués,2016,451.89517652204955,26.731536527295855,4.191935764701891,71.96606385519716,0.6195123404942574,0.63104389333513,728526428339.1329
Sésame,2017,328.73837802007637,26.119157612330067,4.2493945306155405,79.98177846037483,0.6461982856606472,0.6701834676352277,791746907190.5934
"Pois chiches, secs",2020,756.7359870634315,25.788164687994048,5.074325270169691,78.01427959605728,0.7507650379005754,0.7491691316593125,862618411599.4164
"Coton en graine, non égrené",2021,717.8849746430735,24.82308783115185,3.9333499471518456,81.16665606751573,0.6746507339409016,0.7094968581687973,894738707390.8839
Mils,2018,588.948986314194,25.705438957075906,4.464222010853813,80.0414855245564,0.6485945592789071,0.682932104693126,825269569802.2836
Autres fruits n.a.c.,2015,6028.945229133121,25.898183681064882,3.108569509137258,74.89765527676109,0.5656853376686429,0.5800126600689904,676752463302.094
"Racines et tubercules similaires à haute teneur en fécule ou en inuline, n.c.a., fraîches",2021,5096.944407482391,26.500900909638005,3.8392098922269406,76.45339784656531,0.7014569417536854,0.6931545587618156,886954280781.4175
"Cacao, fèves",2018,1019.6,25.62013698630137,4.461972602739726,78.10038356164384,0.6793150684931507,0.6943835616438356,819305083628.113
Riz,2019,1650.2357812701532,25.44331184878851,4.947077598532469,79.8949400331721,0.7283306432234731,0.7501686632490093,861695988034.3044
Riz,2016,1626.6043539289356,26.08784919088089,3.899862382651161,70.69544335147444,0.6221114206349919,0.6279703080127376,736601753900.7411
Sorgho,2020,889.8142798231767,24.584461688824184,4.975193260477569,79.831869661478,0.7444327518706253,0.7533659261428186,854447057068.8256
"Racines et tubercules similaires à haute teneur en fécule ou en inuline, n.c.a., fraîches",2018,5066.194628803031,26.088976079428203,4.494781844689618,76.0860306284395,0.6862316630963889,0.6867484630984312,818307993918.0992
Taro,2015,2568.078533865642,25.269745152697304,3.1371490870328334,74.52437228658584,0.5869685049041751,0.5929071967501903,673752472648.176
"Pois chiches, secs",2015,798.2610246237069,26.47137320079677,3.159262707175444,74.71342231180778,0.5753473108637812,0.59377153259821,666803606803.4393
Choux,2018,11214.422403831803,26.059595395225138,4.577340288877942,78.14579162711162,0.680721757941264,0.7008337254262644,823414526337.4287
"Cacao, fèves",2017,972.4321309221457,26.265596664387754,4.030588202784528,77.20487925847357,0.6291065157573238,0.6378846538767702,789708851512.9253
Graines de ricin,2021,81.54606898085339,25.41583921243432,3.918489366149959,81.38490297836715,0.6785135548857705,0.6975841760449544,890709256568.0127
"Noix de muscade, fleur de muscade, cardamomes, crues",2017,1004.1,26.162273972602737,4.066109589041096,76.52139726027397,0.6475342465753424,0.6606301369863014,783338000000.0
Fèves de soja,2020,861.1334321753704,24.94787321427725,4.899251359769652,79.02937351997274,0.7077683595691836,0.7445463032297359,861708432565.3068
Autres fruits n.a.c.,2019,5863.823900096121,26.44368413312326,4.75478904109589,79.24627884369227,0.7158480460621334,0.7209289512946329,865585432355.0507
"Noix de muscade, fleur de muscade, cardamomes, crues",2021,1072.2532218351864,25.52033034216721,3.9616614162076362,78.8109576777431,0.6461294471816444,0.6869594820405126,901455089961.2429
Arachides non décortiquées,2017,738.078744610872,26.158417289479072,4.064679158544859,76.21571152419425,0.6605151172635254,0.6699583052838828,790792267599.363
Fonio,2017,623.2633422916515,25.98391214672951,3.956801505308323,76.79002377978189,0.6489758196692037,0.6387424626645342,778909656399.834
Fèves de soja,2016,604.6584106079565,26.02298338094317,4.1018636336069365,74.45069604517975,0.6218806861343745,0.6104718554630048,736687844150.9619
"Pois chiches, secs",2020,743.3690314295836,25.92616440614997,4.980093471756419,80.3399788788298,0.7253734896084332,0.7521970987006079,843490296191.565
"Autres espèces cultivées stimulantes, à épices et aromatiques, n.c.a.",2017,1036.9618956698569,25.116868627889318,3.9606491176507097,76.42001869287871,0.6287735817070734,0.6655874043732753,787641097840.8785
Graines de ricin,2021,80.26281164247942,26.08780588853442,3.944444593393171,80.57368680182947,0.664926376922326,0.6758803354972599,890565235149.2064
Oranges,2020,4626.2,25.55327868852459,5.009398907103825,78.95647540983606,0.7270218579234972,0.7411475409836066,856967581267.048
Graines de ricin,2020,78.21036087488756,26.00298926093525,5.089597966790209,80.13899286162574,0.7205038597897161,0.7580694197128415,864610281421.4982
Maïs,2022,1236.7365211305394,24.575472995948427,5.05983306304907,77.2563895996542,0.6432018696575882,0.688923702206604,924605337116.8318
Graines de ricin,2021,78.88745401764966,26.853618863463865,3.8642185743202613,79.35814041564137,0.6586431708832274,0.7132049381694668,905108738165.0167
"Huile, noix de palme",2021,9004.674005150655,25.42523453254966,3.9810541032578874,79.43333860748828,0.6634937635753965,0.7034550905316459,901548284632.7812
Sésame,2022,340.45433455807375,25.80186898389129,4.759908861151244,76.364512250197,0.6557509899127205,0.6715811927075964,938928415888.8469
Sorgho,2015,876.395188383655,25.88871146197811,3.240454145032178,75.54814447335177,0.5779601070253484,0.5865554634503702,675156621947.4686
"Café, vert",2023,540.3463278239152,26.025881909986666,4.612257777612564,78.4087027262899,0.6595416220530245,0.6910655877903572,1000727615572.5997
"Pois chiches, secs",2019,782.6667417636957,26.325896324377403,4.856802644465122,78.95163735877188,0.736156238329792,0.7493927345423986,858276184334.3955
Ananas,2017,8119.745308181107,26.35837671809443,4.133490185721334,75.7854364024573,0.6341412532604129,0.6819828902330395,794712621264.0386
Tabacs bruts ou non fabriqués,2023,430.9866894457103,26.333822559974163,4.611110022553689,76.35228668599332,0.6751480107116055,0.7011756031386286,999096834751.356
Mils,2020,579.7193817735537,25.22941143996477,4.8717118613029795,79.90627306613169,0.7317512535303499,0.7487658603454466,855621102726.9122
Haricots secs,2015,490.0964906838798,25.377362202515677,3.224303744282102,73.53341146598342,0.571480628268271,0.6030463878693886,694897772480.3292
"Coton en graine, non égrené",2018,770.3136376514723,26.025780667437136,4.592781267192213,80.43940803970766,0.6499580665841572,0.6793821465639226,804900973935.5481
Graines de ricin,2021,75.53903814051371,26.35398155327671,3.963045064666951,78.37531619097759,0.6646043622870416,0.7068652922032388,878861421591.2653
Noix de karite,2017,3930.6811909569005,26.466720131042717,4.10234973275341,78.43532570192725,0.6260344694929684,0.654879595968235,777500034196.6733
"Autres espèces cultivées stimulantes, à épices et aromatiques, n.c.a.",2022,1028.9776255866232,26.695247102911967,4.994739006594381,76.50575745840379,0.675717234938822,0.6745223843701371,942073308370.4838
"Manioc, frais",2019,3949.8,25.842027397260274,5.005041095890411,79.60054794520548,0.7189589041095891,0.731013698630137,864816063151.685
"Coton en graine, non égrené",2019,653.4640809269147,25.979168157032987,5.083583113603229,81.20219956132998,0.719849441635667,0.7191298436457346,868773329965.1909
Ignames,2015,9534.841959827427,26.95972812787346,3.1012802709344305,74.64487872660246,0.562701226411591,0.6002028063746837,689862131884.8564
Bananes,2020,13152.891793509789,25.912915258532788,4.98289613269121,79.07602876599742,0.7430810007061155,0.7185911226773127,864258560919.6548
Choux,2021,11462.109121827812,25.689178649962365,3.8923749607606566,79.47463983031935,0.663677599028019,0.683341652294986,893692606543.1139
Fèves de soja,2020,874.703942588114,25.952229042534118,4.983506858894307,80.3719390301451,0.7466572669404489,0.7328312398739435,864645805899.3962
Ignames,2018,9435.47026914223,26.18476903441904,4.452991796242019,81.22023800349348,0.6701038676650383,0.6900027417224831,806474368682.4324
"Manioc, frais",2017,3825.379684225079,26.507573712506403,4.009246484060205,77.19055137756106,0.6459556456826887,0.6450946568903637,780498016876.6255
Taro,2022,3290.3871932451066,25.310349270138108,5.095044373562789,75.46969758839172,0.6482185289093356,0.6812222961347494,932344221783.547
Tabacs bruts ou non fabriqués,2020,457.27325817822333,25.63001824120512,4.962344865729104,82.17550322550495,0.7413685953749418,0.7411801233923507,860883361857.1223
Arachides non décortiquées,2022,757.4,25.620328767123286,4.94627397260274,77.37772602739726,0.6615068493150684,0.6768493150684932,940020690899.395
"Manioc, frais",2015,3956.366057841153,25.56744709025749,3.1220631639482757,75.69183296826537,0.5872928971053989,0.6177864205180003,679517711564.4939
Graines de ricin,2016,77.2462189071824,26.913148492981296,4.048075678549487,71.44163841855352,0.6255770954724065,0.6230829698532403,735414949171.2482
"Café, vert",2023,539.9324148875701,25.982712983532757,4.637694857247935,79.28453503431287,0.6813419814691775,0.698755610142238,994565283345.9557
Maïs,2017,1156.381082447044,26.4166441115123,4.033955230446488,75.98186196304724,0.654427379948136,0.6553023429608689,786069408524.025
Autres légumes frais n.a.c.,2019,5080.138116185133,26.49606157760493,5.090819745217426,78.83386125409089,0.7177985916438814,0.707009417523571,860790359048.961
Noix de coco,2020,3799.7,25.55327868852459,5.009398907103825,78.95647540983606,0.7270218579234972,0.7411475409836066,856967581267.048
Mils,2016,678.1758912504679,26.05724406788078,4.083727545160124,75.04698356081819,0.6388705533899642,0.635183553061278,734562012158.5132
Sorgho,2022,872.285930963812,26.166319531577912,4.901956370304437,75.49482056778663,0.68396638760723,0.6547162267162316,936401763621.6874
Haricots secs,2019,532.9707796016816,24.731791800441435,4.938223236114855,79.08700831091343,0.7319880799680126,0.7328552986312186,868501090593.7876
"Manioc, frais",2015,3801.173548088951,26.032845134928714,3.0750528345210175,73.26129804643149,0.5887744835074522,0.5774071307398945,673772941831.4359
"Pois bambara, secs",2020,732.2714336442816,25.79038521727994,5.0238202627238255,78.53649383308445,0.7279644961170195,0.7381372109781565,854514355278.7273
Choux,2023,11398.28408217314,25.569587787447354,4.521792675010037,79.75014635749524,0.697325484043006,0.6923350482984819,1001121519063.5653
"Café, vert",2020,515.5,25.55327868852459,5.009398907103825,78.95647540983606,0.7270218579234972,0.7411475409836066,856967581267.048
Patates douces,2022,3841.8132795420906,25.352841333503232,4.979781363295981,77.8647984010832,0.6358206041875488,0.6806066672702904,948770996058.7665
Sésame,2023,333.90012701670554,26.353237202131453,4.504411686645137,79.45002961278318,0.6858724421469179,0.7215285883430499,1007474919310.6158
Riz,2017,1638.586304463808,26.9097254677847,3.9620663989736093,73.8682996505299,0.6393592912255944,0.677612208978048,777820830161.8824
"Coton en graine, non égrené",2016,852.7331197074931,27.872049180327874,4.011246981046561,75.23286599723477,0.6214020980140035,0.6517822331441753,729400662126.544
"Manioc, frais",2020,3911.912858637226,25.181210563639706,4.9603553640756735,77.79270321657148,0.734527696581434,0.751683872047196,855356970191.1478
Ananas,2022,8014.9,25.620328767123286,4.94627397260274,77.37772602739726,0.6615068493150684,0.6768493150684932,940020690899.395
"Noix de muscade, fleur de muscade, cardamomes, crues",2016,969.2579574264369,25.928126691074176,4.148424521349527,76.20261148080658,0.6183506554594974,0.6485762297818837,738500297754.3105
Arachides non décortiquées,2022,763.097168030829,25.724410990575695,4.716155208539109,79.90362563200608,0.6582688793499795,0.6596769179776963,959703530508.0211
"Coton en graine, non égrené",2019,631.9519374993954,26.37721705192249,5.148972093994873,79.88013334668626,0.7239591116565577,0.7370699706360881,874103110438.1995
Haricots secs,2019,516.7430376534215,25.544141487333135,5.077197807485518,76.18265944872329,0.7489711300080855,0.7355036931740814,863751677547.2615
Choux,2015,10540.390333988531,26.41625406702829,3.125236213701428,72.72128104179289,0.5881810599530685,0.608380564463273,671940192884.8522
Mils,2021,587.6107615818897,27.088538562297476,3.9924172671908664,80.23366310326914,0.6823702008427142,0.6903115248081372,899160165988.2057
Ananas,2018,7895.806808548335,25.14275956383017,4.345850963205181,77.58810416579121,0.68641404430365,0.6937989212955102,820681252725.9147
Choux,2022,11219.757026175146,25.76697115919409,5.0044522061357855,76.0860493150149,0.669150572636518,0.6710771117715769,938406118177.8827
Autres légumes frais n.a.c.,2022,4798.804810097239,25.395109516787706,5.077294811795188,76.33466222332179,0.6797868601745827,0.6782958136134641,938602895427.4323
Riz,2018,1762.5105694634688,24.393557175062114,4.633642752144046,79.19645856261658,0.6592308940809999,0.7102585142345272,804520814759.1694
"Piments forts et piments, secs (Capsicum spp., Pimenta spp.), crus",2021,419.6206957189552,25.66127407172544,3.8956656709219097,77.01891087899709,0.6764698114715207,0.673598714316433,905581628121.6198
Graines de ricin,2018,79.21807756795992,26.149179191102625,4.46600331515529,79.28717596806418,0.6599870540214329,0.6797623181513912,812495087998.647
Oranges,2015,4514.638253767649,25.620311939272455,3.298838798200519,72.8797993075052,0.5799420330952405,0.6071916451240247,679612237955.131
Mils,2023,749.3693827926307,25.993971341793614,4.507490878969303,79.09824728928515,0.6883144192943306,0.6865093833831217,1008899612545.3124
"Autres espèces cultivées stimulantes, à épices et aromatiques, n.c.a.",2016,1013.6798572100134,25.869067071432113,4.158693007512495,73.33445523879892,0.6328248211660688,0.6337106766031828,723170946868.9834
Sorgho,2022,884.2,25.620328767123286,4.94627397260274,77.37772602739726,0.6615068493150684,0.6768493150684932,940020690899.395
Fèves de soja,2022,1041.9753871615883,26.121561120014054,4.882449830250506,77.41312509668121,0.6655127460397899,0.6827212493052264,952638986995.8547
Autres légumes frais n.a.c.,2021,4987.099190131778,25.697064390115088,3.900077068046432,76.77876892389844,0.6535333686594561,0.7077278832673425,890159731903.6425
Noix de karite,2015,3983.44282032956,26.116985233315955,3.2934318651937136,73.71791558107566,0.5785157985828271,0.5754672039256709,687255982255.1891
"Noix de muscade, fleur de muscade, cardamomes, crues",2021,1072.6563137183232,26.257240734537373,3.9196337629480347,79.852014911738,0.6525146469920202,0.6795237036849712,899401296251.7448
Autres fruits n.a.c.,2017,6167.428426684628,27.152644776536828,4.091676174933923,75.90864761916659,0.633449256142069,0.6275986301369862,781932195179.2421
"Pois bambara, secs",2020,743.3644041834092,26.409793723995193,4.87606747375289,78.53978424815018,0.7482653125360224,0.7518662012496329,850929019585.0446
Noix de coco,2016,3599.0062526183074,27.578108666572806,3.9885634230762554,72.9131114668412,0.6193084490252826,0.6103902146434984,732853302046.2301
Arachides non décortiquées,2023,760.5170732578246,26.257305642167335,4.576866563927472,75.56837035136205,0.6630760226734638,0.6741743189424053,989002175692.7695
"Huile, noix de palme",2023,8077.1516270357215,26.682909943971463,4.578656949433992,76.96912119702051,0.6740479318466991,0.7121602007299861,999702095046.5375
Patates douces,2021,3655.666568629944,26.051053099470145,3.9078721047811213,81.57874250659756,0.6777861451604111,0.6923028067589628,899638218516.4418
Tabacs bruts ou non fabriqués,2021,441.43454421172396,26.952472851891205,3.9399106642898474,77.5188590931447,0.6635531215033454,0.7178652994264476,899718493462.9524
Graines de ricin,2018,80.10282027812706,25.984680214890975,4.394148679844782,79.17119173129085,0.6828653898927973,0.672426360782869,829257236412.7603
Graines de ricin,2017,80.50463844724625,25.694152464894913,4.236154033825933,75.70151251513992,0.65230469817658,0.6651873687525318,777061382174.619
"Piments forts et piments, secs (Capsicum spp., Pimenta spp.), crus",2016,414.0379686226903,27.2980708742191,3.8774013308447928,75.25634862411768,0.6479477496184488,0.6394095461700432,718234412202.887
Fèves de soja,2022,1013.4963635206681,26.90134520547945,4.885048738571416,78.47422070583809,0.6669402253849182,0.6811993912593467,938907692807.4739
Noix d'acajou non décortiquées,2019,1453.58080800299,25.763377610326803,5.049881928664562,80.83272833616334,0.7166674376547255,0.7188339667242539,856465284685.5562
"Tomates, fraiches",2020,4269.835075474077,25.495191823049833,5.015824972985761,76.9870847825191,0.7453393220930548,0.7477022388792693,866063904746.1664
Bananes,2016,12605.7,26.5448087431694,4.076065573770491,73.88571038251365,0.6231967213114754,0.6228142076502732,733416000000.0
"Pois bambara, secs",2021,742.6939668065995,26.113115415487993,3.9740430244321523,82.48008194299646,0.6819188942053139,0.6817743901441677,882344706667.7412
"Autres espèces cultivées stimulantes, à épices et aromatiques, n.c.a.",2018,1025.8,25.62013698630137,4.461972602739726,78.10038356164384,0.6793150684931507,0.6943835616438356,819305083628.113
Taro,2020,3223.9219400241445,25.92657513668961,5.00429194479936,78.91781482104639,0.7227803818409475,0.7173051982036899,867376625504.5754
Noix d'acajou non décortiquées,2020,1514.1162818550104,25.03969638214244,4.825241645403784,81.72737097164648,0.7396638391075497,0.7332004934840614,862904809178.5076
Mils,2021,606.2748815707124,25.806327697732026,3.935065972546042,81.25009082618904,0.683637003454701,0.688324461511504,896656758664.0562
Sésame,2022,341.7855304937259,26.19934558192954,4.975778220043031,78.2763626527332,0.6669016074149985,0.6822086508468937,940587477633.4403
"Café, vert",2018,436.55023405939494,25.08380269305896,4.436192501856156,77.26493424521112,0.6857563825482804,0.70601196451935,834826023970.1239
Maïs,2016,1207.5742366578972,26.659408432257834,4.131846681613305,74.73082641527323,0.6149746189307309,0.6211356154630936,724207093131.8562
Graines de ricin,2015,80.67532274830346,26.69756627718495,3.2116165387740705,73.16860316100347,0.5757490499849192,0.5915610905273717,673108832462.6843
Maïs,2016,1214.8258148962964,27.12280585012329,4.193570352071692,73.60474985776655,0.6275504932508381,0.6228162208572207,743867248903.3608
Riz,2020,1665.0430426247417,26.032698390805088,4.9426403871555955,82.23137270009805,0.7252545122608666,0.7383025817957889,868275322904.631
Sésame,2021,321.39516694750415,26.144081846697503,3.948651647206048,81.40473199423229,0.6727185932449554,0.6969797970611781,892819326158.6442
"Pois chiches, secs",2021,764.8085992648402,25.79462866287546,3.9889122816799447,78.4113491105859,0.7016096749672677,0.6802040372069019,896554581464.958
Oranges,2022,4640.393824912632,25.80176223917285,4.8818016664624855,79.80538749591952,0.6611169585405995,0.6625672359699312,938902521021.289
Fèves de soja,2016,603.1,26.5448087431694,4.076065573770491,73.88571038251365,0.6231967213114754,0.6228142076502732,733416000000.0
Autres fruits n.a.c.,2019,5875.3058583761685,26.385791036766523,5.025002411894793,77.72839311655103,0.7018705029785101,0.7225045192408404,879464066041.2959
Sésame,2018,337.29092211327,25.365988750465352,4.45652889376794,76.83683498704987,0.6945968229634102,0.6973549621282509,811399723196.0796
Oranges,2018,4584.78222648967,25.71391963871122,4.3790357307034595,78.44181598449273,0.6765335873361314,0.6949421050580716,825118532099.7946
Mils,2015,813.639781601234,26.48241712335954,3.1764047412011105,71.91211314417232,0.5753361653693276,0.5928986433830763,681816326895.0868
Maïs,2019,1166.7198156466832,26.195663859890562,5.07755420136377,76.73541947033814,0.7297291086485499,0.7622851966550573,861772714366.6744
"Piments forts et piments, secs (Capsicum spp., Pimenta spp.), crus",2021,400.69277643103106,25.951392208950406,3.888925295447139,79.70569134644843,0.6869836114327336,0.6970588733657275,882999894848.9628
Noix de karite,2019,4174.15495823796,26.32428892539656,5.136823368330888,80.66985069713513,0.707267409675259,0.7345321498020049,846952536458.7384
Ignames,2015,8923.961018977116,25.67963712955818,3.306444013784258,72.54445998995268,0.5907259114655947,0.6097488733477783,669223196840.0576
Fèves de soja,2023,953.2647722011048,25.93671465838294,4.637860790641495,75.54727394180215,0.6938356983595168,0.6956603084335564,979143130748.1705
Ignames,2017,8798.510383376919,25.972768735179617,4.144423830674164,78.57736512289577,0.6664269098373705,0.6554303521920407,785435095277.3663
Maïs,2015,1307.7389393349292,25.353999388564446,3.0780652559576085,73.28616303662334,0.5891734817383703,0.6101022134318584,678394526287.6836
"Huile, noix de palme",2018,8549.403436886629,25.755853156932417,4.338160725477056,76.65152391120243,0.6678966821391835,0.6859564202156883,830250804627.2129
"Café, vert",2015,372.4654957081458,25.72937684276775,3.1765188587485067,72.41570792196863,0.556433361008612,0.5828252538487408,677494073335.6143
"Pois bambara, secs",2019,752.3629756650976,25.338134721735674,4.945929530130358,80.11407556302652,0.7106675859054292,0.7332799134222522,857662706517.1415
"Tomates, fraiches",2016,4354.36857323925,25.43111285854523,4.039838366441916,73.34538754748654,0.6173720189707314,0.6352198729544979,729026021345.4388
"Pois chiches, secs",2018,750.1758072793144,25.063791504288858,4.35402267115474,77.47181430199925,0.6658578192157919,0.6814653038815197,817738124335.5477
"Piments forts et piments, secs (Capsicum spp., Pimenta spp.), crus",2017,440.88005374536056,25.507100098127246,4.051577367738965,76.2413391575525,0.6504119789970173,0.6785381822920937,769880597418.1506
"Huile, noix de palme",2018,8807.469368640546,25.338428978647304,4.455834194515011,76.87958247600356,0.6892393502437566,0.68859277542998,799675093287.8296
Autres légumes frais n.a.c.,2020,5198.35306100269,25.91517529043027,5.204027554206946,79.00826843887766,0.7578329279230684,0.7660429746094348,863728646598.1661
"Pois chiches, secs",2022,773.9043007065859,24.617381173907454,4.894136628671944,74.88045294358656,0.661135535529079,0.67944364599568,926760559990.6704
Mils,2020,601.1075953995496,26.596023049772295,5.007990072644244,78.62547239876181,0.7213649585310529,0.7414829811089745,852478131955.258
Haricots secs,2020,528.4587696634417,25.895459184270493,5.022588924234906,78.54958856371411,0.713240751685301,0.7190885585835831,862764339394.3496
Riz,2022,1663.331183591686,26.143385152820517,4.802292093794537,76.304103497634,0.6609952705104812,0.6676447154637117,930212718449.9519
Tabacs bruts ou non fabriqués,2015,435.77697013221245,25.940587711848593,3.18666700808518,73.41083291802153,0.5860400885189532,0.5781793245913476,683092410132.1877
"Café, vert",2015,376.09374306053274,25.67168096789509,3.074368445247097,71.24951955159548,0.5830292809821953,0.5994040042214411,668193040933.4866
Autres fruits n.a.c.,2022,5862.682402577677,25.137780978014053,4.947779335587117,75.88861290780738,0.6604650632778791,0.6885827038632842,922198795546.3973
Maïs,2023,1258.2083222054466,25.564137731437224,4.625108885202363,80.25567057515046,0.6806733753048579,0.7097976911958064,1002706128185.967
Choux,2016,11252.791223405127,25.82497895035294,4.046061873584382,75.17293115753527,0.6381939493173625,0.6157515017725179,738734387311.5015
Riz,2020,1682.7694741431399,25.29759523883808,4.897294716605562,78.52283266079984,0.7459533985510594,0.7705162195255011,857903174543.7238
Mils,2022,594.7,25.620328767123286,4.94627397260274,77.37772602739726,0.6615068493150684,0.6768493150684932,940020690899.395
Ignames,2015,9199.07572347229,26.454601404406176,3.185366524310807,73.84049918946896,0.5796393616702477,0.5879357822770442,676538769066.4712
Fèves de soja,2017,689.162575156045,26.265592582885997,4.08946355282772,75.95540992507753,0.6393752539305595,0.6374751464779558,775876601654.7516
Maïs,2018,1233.6138255839826,26.173174692268233,4.374472940003819,76.13593596010928,0.6479336079618759,0.7137603427966062,822320516148.5078
Arachides non décortiquées,2021,747.2429213168018,26.689263133864042,4.1221312047706045,78.80770048184198,0.6689561129047582,0.6708499938911371,899286858858.5607
Ceréales n.a.c.,2015,948.2295183721291,26.998111391378593,3.1119385728655993,75.67331347187064,0.5937100369486291,0.6024088767518734,687558785952.9236
Maïs,2019,1212.2818177346917,25.783235942041046,5.0163227867891855,79.41933095080987,0.7171119385338897,0.7367963784136445,869502567586.6095
Arachides non décortiquées,2022,722.6926460435903,25.83614450814583,4.930372416233615,75.48568354067835,0.6674750825460489,0.6787043997317046,954134576576.6719
Maïs,2021,1186.726153321943,26.20012517632763,3.9115086121532583,82.36793132661063,0.6787992783943858,0.6917426373970417,890923228778.8986
"Café, vert",2021,535.2765365820621,27.22414109589041,3.9509556504346985,80.52103179431506,0.6685318792401925,0.7008499521066183,892768953877.3156
Ananas,2018,8365.041739226242,25.681928931343563,4.3543572807141135,76.03134745038933,0.6929276844398461,0.6948417084246041,815363646411.1222
Tabacs bruts ou non fabriqués,2018,439.82617677762363,25.76470832049469,4.419140824650031,78.96683415506197,0.6959048064575095,0.6928275300162391,819799382410.358
"Pois chiches, secs",2023,774.9135682300418,25.447379170686492,4.421384896719014,75.83084444315868,0.68671409694381,0.7074406998210607,1007209657437.4729
"Racines et tubercules similaires à haute teneur en fécule ou en inuline, n.c.a., fraîches",2015,5094.783192194328,25.1591027693565,3.2786054729955,72.9775808023752,0.5660360600431008,0.6157302654789726,667747887736.2705
Noix de karite,2017,4147.849959586982,26.16740442189193,3.986848827431738,76.8261543474188,0.6521900721431276,0.6584709258756979,771492605214.4447
Noix de karite,2021,4221.91037670722,24.701426901153837,4.0542177919770594,81.28327335384732,0.6730744837950908,0.6840962930450303,896772820575.4342
"Huile, noix de palme",2017,8249.279813420986,26.146353136814618,4.027803843283452,77.13103827800381,0.6420299590500939,0.661067723510819,797030876637.7273
"Pois bambara, secs",2023,782.5647469695202,26.50326897176792,4.607438950366635,74.81134741032353,0.6818371178880861,0.7000235660097501,1017226753808.4867
Ignames,2023,9142.912018390458,26.182561384673797,4.51976668809038,79.83615546671584,0.7070001344919439,0.6980357129548582,981928647610.4117
"Huile, noix de palme",2020,8433.134758750073,25.85733251495559,5.096492770463988,80.68865596993663,0.7326406397001958,0.7133470829964914,858150458572.7642
Fonio,2023,846.0116465573103,26.245524217549075,4.376389716397815,77.88431113367102,0.679628686041046,0.6672553421625327,994718071452.2399
Ignames,2022,9373.381436362031,25.54317106065821,4.901668862663745,76.5708647907135,0.6484089292381606,0.6923725847908666,930913679940.2981
Choux,2018,10536.537086139575,26.520011337339167,4.424788759616374,75.72892356806392,0.6837785548225248,0.7128037982245184,820453619945.5099
Ananas,2021,8343.443781589685,25.60182559730605,4.074952076465059,77.36865382940982,0.6747898108733185,0.6758530118760948,900645994404.429
Noix de coco,2018,3894.6203983914984,26.096535338339073,4.379866354224263,78.36210756876912,0.6665461110756695,0.6921570222453217,814898194865.0883
Arachides non décortiquées,2023,750.0,26.15476712328767,4.51827397260274,78.15893150684931,0.6806301369863014,0.694904109589041,998973479941.652
Autres fruits n.a.c.,2019,5816.348994640697,26.900741500180743,5.128569758907613,77.1459003887663,0.6943554399656019,0.7317019926082786,865058578971.0739
"Pois bambara, secs",2018,719.7632869203941,24.949927297870722,4.561180366040826,76.31491531879131,0.6792651652214973,0.6990237390001186,815226461658.1721
"Tomates, fraiches",2019,4311.596020402613,25.114953379883232,4.943654696749399,79.52765009498981,0.7051871886870879,0.7326564454689017,852934430012.0358
Haricots secs,2017,554.0268094831256,25.542379833854675,4.024743918202618,74.17331156741051,0.6512982653838705,0.6558738819321475,786734360392.8655
"Cacao, fèves",2015,951.4467093843192,26.86262270423314,3.1996277864563787,76.19765118815305,0.5820724689608917,0.5791898424139327,685528927498.5369
Taro,2020,3119.4009482520855,24.789138029355453,5.029314019813797,77.7248450132058,0.7365281899830379,0.7213218090294533,850518448492.6478
"Cacao, fèves",2017,973.0696783112805,25.321530729696114,3.9628890706680404,76.26449343131254,0.6390149211886598,0.6333999926784515,787269680830.6458
Riz,2023,1793.608545896599,26.261944807473043,4.462591820206736,76.39989857384202,0.6950806860501207,0.713497681364321,996188510663.7645
"Noix de muscade, fleur de muscade, cardamomes, crues",2018,1056.4899318873402,25.346358741585654,4.5868237581454485,77.22124802614827,0.6665074739638593,0.7120859620898267,820452424987.0247
"Pois chiches, secs",2019,746.1491996073257,26.34811029890801,5.024772481167456,82.22026986499137,0.7250194809625646,0.7369930960384946,851015809731.7637
Fonio,2017,621.0397872570034,25.753080306432487,3.9552429608968063,75.56584635246368,0.6315744137493866,0.6674507190465044,767286071082.9318
Noix de coco,2017,4070.041195369365,26.968429127895185,3.9920396273205427,74.63250352557334,0.6443421740356873,0.6692054798885615,795224865867.8218
Fèves de soja,2018,721.698792769961,24.71878405478587,4.451045913770665,78.5688288382894,0.689673968612054,0.7043108838197221,831900114722.9366
Bananes,2022,13289.62859284399,25.498362725527763,4.8445017631690614,78.52647701029066,0.6553237421420254,0.6766805303149144,937337041539.5011
"Autres espèces cultivées stimulantes, à épices et aromatiques, n.c.a.",2019,1046.3197924406993,25.8668348757533,4.935684945616062,78.14191096335934,0.7133306801283408,0.7485028292075805,853744662453.054
Ananas,2023,7834.31315469726,25.08516694992151,4.672152633883176,80.00068321670506,0.6840512575451352,0.7118871375523559,986913413615.9038
"Autres espèces cultivées stimulantes, à épices et aromatiques, n.c.a.",2015,987.9072549706776,25.75932499792762,3.1785414015656337,72.88447759502614,0.5988713870534776,0.5951113530445442,674593739583.5923
Fèves de soja,2020,854.9065506640976,26.01234266175586,5.0491323626537055,80.26883267469499,0.7191953895735098,0.76318888623442,855489680384.0391
"Cacao, fèves",2023,982.5363956987688,26.670530590576877,4.407101035493228,79.32727584507467,0.6687490710122309,0.7060215152610982,1003796888627.7189
"Autres espèces cultivées stimulantes, à épices et aromatiques, n.c.a.",2020,1041.8199419183593,25.890286119506502,4.941334258309513,78.30489303952807,0.6974940255207736,0.7256928149739609,857559165634.1877
"Cacao, fèves",2019,1042.3605019880445,26.48038001468967,5.082357185750583,79.03784575454021,0.6949562710290985,0.7071972291468218,856678452209.9613
Oranges,2020,4475.767443429913,26.58651160451886,5.126336907348249,80.11106861991105,0.7279233394061391,0.7490825772665504,858415386781.1178
"Pois bambara, secs",2019,753.251125725382,25.89648040085877,4.869904059586241,79.86692059860272,0.7140035747774491,0.7054602617901495,870606457112.5724
Bananes,2017,12914.062813853927,26.668841958424274,4.122678049393495,78.14438479113569,0.6442944576014036,0.640321576942938,782353569924.2084
Noix de coco,2021,3826.109660649305,26.990234989959102,3.996284123466656,78.54062867697957,0.6829540739995559,0.6746372242233822,886414808534.305
Tabacs bruts ou non fabriqués,2018,454.43330008776763,24.95009358650663,4.241822840784555,80.48206653789269,0.6803475428942174,0.7201707255994869,827337393559.9745
Riz,2022,1696.8,25.620328767123286,4.94627397260274,77.37772602739726,0.6615068493150684,0.6768493150684932,940020690899.395
"Huile, noix de palme",2021,8815.60813740685,26.435404413467726,3.9616033812120546,78.89696465140862,0.6535418653509146,0.6904150137021285,896476502782.5406
Ignames,2019,8514.201672793137,25.5349352807695,5.212811816564533,80.3312497373252,0.6976480737450824,0.7674126805719146,854228388640.6902
"Cacao, fèves",2017,986.0403385544174,26.75524481967967,4.025948260269997,77.52214292234841,0.6404019743522426,0.6644889389409679,771600367998.1736
Tabacs bruts ou non fabriqués,2018,450.36657715847485,25.487608625965297,4.469749011676714,79.47563552830302,0.662156510892366,0.706300183224778,819787092756.4962
"Noix de muscade, fleur de muscade, cardamomes, crues",2022,1073.5287948139278,24.747808539015733,4.698960273972603,77.33264117053383,0.6509015062338772,0.6679543484396202,932390203896.2184
"Coton en graine, non égrené",2019,603.9602039643885,25.651723397502447,4.97808544893847,79.31108750144728,0.7128178777691602,0.7423573412571263,872159958131.1022
"Huile, noix de palme",2019,8609.275407896355,25.52025587221803,4.988524256331059,78.87379617676213,0.7217375852532695,0.7257175180409378,863872610924.7341
"Pois bambara, secs",2023,792.1016477494928,25.785447872399104,4.674661909203942,74.25098493150685,0.7128801534497856,0.6827149074431971,1002728476091.2185
Sésame,2021,325.6294687315833,25.967977112105597,3.9529101479860813,75.6507689815523,0.6755826436114416,0.6724227485755739,882494825190.5254
Noix de coco,2023,3674.1,26.15476712328767,4.51827397260274,78.15893150684931,0.6806301369863014,0.694904109589041,998973479941.652
Fèves de soja,2017,705.0032796590403,27.02273892649231,3.9962215863793302,76.49324524180206,0.6476121781650765,0.665330330591053,768432043431.8698
Choux,2015,10666.685529136279,26.071206514413365,3.1778269097212926,71.49351390088057,0.602396450001553,0.6055227711341359,679492326828.1072
Noix de karite,2016,4260.604382857974,26.408317273826434,4.001159173004374,75.58364533282712,0.6033948060389651,0.6262465155905361,731211930155.038
Patates douces,2016,3500.442484857297,26.143698329251034,3.9514654198230947,74.79158707020262,0.6022930839285722,0.6058317345742111,735897275742.3378
"Pois chiches, secs",2018,755.5762814391672,25.692029978500035,4.485124810293583,79.30304966477483,0.6658139330540479,0.7088839178767271,822049940579.291
Patates douces,2017,3565.7985658339703,26.93856511515448,4.134310334448899,78.31257059557974,0.654012577885797,0.6438291824887493,778858176526.5531
Ananas,2021,8175.801747986371,25.969755992579792,3.941807442902916,78.94856502103754,0.6751869802503835,0.6755239808893169,901301534786.3301
"Pois chiches, secs",2022,778.1060838045063,25.500163822036484,4.85739825080333,76.70169208398252,0.6510812330313219,0.6712783212901507,949679919817.4877
Maïs,2017,1235.8067801518507,26.057735862183975,4.035550011936371,77.80469287590972,0.6359697688684659,0.6715656011341045,777255856414.3727
Haricots secs,2018,547.8717195271706,25.22635726491704,4.41994515930112,77.20568844999259,0.6697020183627345,0.6821466349712946,817808327051.704
Ananas,2018,8038.3695191372,25.054365633595364,4.594987736600365,77.46418416647646,0.6774559508076582,0.7045049727892326,816539102990.2794
Ananas,2019,7829.363652726404,25.774595301505958,5.0108618375088625,79.24890358540708,0.7172000175891666,0.7290072737255346,860242647173.9595
Bananes,2019,12523.311968554372,26.51555226151643,5.126688155276977,83.2727830851085,0.7261647576364619,0.756012743964319,861405899843.0723
"Autres espèces cultivées stimulantes, à épices et aromatiques, n.c.a.",2020,1026.6,25.55327868852459,5.009398907103825,78.95647540983606,0.7270218579234972,0.7411475409836066,856967581267.048
"Tomates, fraiches",2018,3958.936837408851,26.098101532089814,4.381757585182856,78.09633739989613,0.6857258719235073,0.712736364486911,822202474399.7706
Bananes,2019,12330.880626057156,25.350865218641523,5.032568995757735,77.66800346928156,0.7123498486713872,0.714795586418905,855895988428.089
Mils,2021,570.8770881223522,26.061637574157423,3.9745114978406715,81.05378705253085,0.6588177437424246,0.6813097530330229,896936040206.1761
Maïs,2019,1189.1573022848495,25.22434298865946,5.0966883937694805,81.04879946945202,0.7230558177660446,0.7525298453850129,856434775822.457
"Huile, noix de palme",2015,8471.939714856204,26.203755001250663,3.1905963411673235,74.36376145579368,0.5862426159130291,0.5900805373682675,683329395795.4642
"Tomates, fraiches",2021,4235.427010093253,26.02798468163582,4.020296296567686,77.96226011098689,0.6578186226373557,0.675209467820703,892096605410.0669
"Huile, noix de palme",2023,8279.262669639782,26.824219905143377,4.634263038639892,78.61242116114947,0.6760840549733654,0.6820248515705165,995377858127.2874
Patates douces,2023,3588.432948519261,26.00333878256914,4.5789433104867,76.65297093777875,0.6567765172840695,0.6824946952236915,996495245616.3553
Haricots secs,2021,529.5160330650317,26.232002434681057,3.960626210221369,79.94869213598928,0.6552945367636261,0.7109924359720874,894003165996.9158
Riz,2023,1703.9807857151104,25.056211162103832,4.667856206983845,78.79730956401018,0.6950041694778879,0.7041515395962545,982771491650.0062
Ananas,2022,8481.249499110036,25.770038406860742,4.998230943294492,75.54763941631825,0.6583580771117268,0.6721518958911658,945270051351.3783
Riz,2019,1639.8,25.842027397260274,5.005041095890411,79.60054794520548,0.7189589041095891,0.731013698630137,864816063151.685
Maïs,2021,1209.016552923216,26.22022144732845,3.9590450512941042,78.99514501767611,0.7016047387829873,0.709206605661267,876539974266.5321
"Piments forts et piments, secs (Capsicum spp., Pimenta spp.), crus",2021,416.60309028553536,26.460492546952313,3.921164668022964,81.13964140589262,0.6838634296956786,0.67383535168803,886180429760.5483
"Cacao, fèves",2017,1029.2556885737165,26.640867141503982,4.147933133781579,74.0712360290411,0.650787730681523,0.6546861964852043,785689048436.0465
Ananas,2022,7793.413209247678,25.73449401229084,4.900364279995951,78.15437125971157,0.6476463433300359,0.6615339677043394,943049259883.3346
Haricots secs,2023,545.4695876684957,25.93105291798942,4.534179775274214,78.31412490702802,0.6685428778326996,0.6901118816134528,988762083424.6078
Fèves de soja,2022,996.2276158335038,25.84227235014854,4.943380689996657,76.65110575192953,0.685340443100047,0.6719785577440891,939541671325.594
Choux,2019,10808.810324094502,25.919548866398745,5.035021271407725,80.89923454565094,0.7122945323712776,0.7441449489030331,881522845291.083
Patates douces,2017,3293.84113758115,25.759197897695085,4.0709433844661715,78.29217157616036,0.667576507560238,0.6643953661115619,785825249869.1337
Patates douces,2020,3489.286705747345,26.450813779817363,5.093263513543184,79.24147357817561,0.7300790781795865,0.7467124270717471,867462048821.2692
Oranges,2023,4361.897872233911,26.944946424031134,4.562895196334574,77.87894645993514,0.7079192557892875,0.6749397917358388,1015130926869.817
Ceréales n.a.c.,2016,848.6481809980703,26.482014452811537,4.066723150353638,70.62186509985293,0.6382896967513759,0.6118206920691287,744514517047.6652
Taro,2016,2560.7593628380578,26.438286188046963,3.958469690161265,74.28185254186535,0.6207990439255546,0.6351333027481952,745122887701.666
"Racines et tubercules similaires à haute teneur en fécule ou en inuline, n.c.a., fraîches",2022,5307.637253185288,25.556571914866257,4.951547682483908,76.04202424638946,0.6373686172764604,0.6589413899090047,947565708166.1207
"Piments forts et piments, secs (Capsicum spp., Pimenta spp.), crus",2020,405.03107961365043,24.419641701345732,4.979384614794809,79.8195742865226,0.7468729456804567,0.7355944529313374,840795669829.3243
Oranges,2021,4632.3,25.92775342465753,3.9432328767123286,79.31665753424657,0.6736164383561644,0.6907397260273973,892399651748.501
Autres fruits n.a.c.,2015,5925.947178377043,25.91869595142492,3.2837118505710707,73.69311041630654,0.5781781765346428,0.5918534751762821,673703240477.3357
Noix de karite,2018,4346.3477506388535,24.565027948165337,4.411640856129337,79.36428959431396,0.6932876906829402,0.6729385021710045,819696780506.5469
Sorgho,2018,814.7355580967854,25.786839341255664,4.468520733848414,76.19200407087622,0.6615149865285653,0.7041848554136311,815527612510.3505
"Cacao, fèves",2018,1059.088046998426,25.640001054734743,4.350008869945803,76.17221776132038,0.663204932502901,0.6968814853167318,810609595350.46
Maïs,2019,1243.9538349290706,25.59236960315734,4.924701036397868,79.72463447670467,0.7304196670495412,0.7441951595638435,865551135961.2518
Ignames,2016,8878.55507603612,26.11570074578161,4.026505129585906,74.56322300312017,0.6175406546156286,0.6312743893963626,738102059177.4836
Taro,2018,3089.0469648626727,26.423319359092638,4.361396263315033,75.9147338750494,0.6606604656480606,0.6879436848982767,820832580057.3092
"Coton en graine, non égrené",2020,678.0145529424836,26.237872991128715,5.056069280161921,79.6578286097661,0.7292699453188809,0.7484038213581389,840910248689.2024
Patates douces,2019,3627.1416475709007,26.25401850730961,5.056671576461561,81.84094488624449,0.6919869520615041,0.7434826983324542,845746657196.6338
Graines de ricin,2020,79.0,25.55327868852459,5.009398907103825,78.95647540983606,0.7270218579234972,0.7411475409836066,856967581267.048
Fèves de soja,2017,670.8675994193325,26.42637629437542,4.1100742544967686,78.28689182943849,0.6429588996327036,0.6505920727254108,794884910969.9746
Choux,2017,10948.209427089078,26.400925041039063,4.128456418873941,77.45277426288744,0.6393077514333471,0.672242866240334,790698507698.4435
"Piments forts et piments, secs (Capsicum spp., Pimenta spp.), crus",2019,415.97306987274555,26.039891233269746,5.006613032459311,80.01883277403344,0.7306466743786808,0.7132342052041845,868446171098.3596
Maïs,2020,1245.3152167702451,25.847498894612805,4.957953047664817,80.16200000492297,0.7328470933261545,0.7614442624435112,842924405763.8822
Patates douces,2022,3716.9015022873145,26.90134520547945,4.902855617846902,77.81188030143932,0.6284315068493149,0.6811626578912073,931056394419.6431
Ignames,2016,8933.008457940952,26.89247248066462,4.0608901152978385,73.11182574688864,0.6233624405675761,0.6248557993841705,737239649076.3649
Oranges,2016,4416.915625304053,26.381757465738183,4.107997132056655,72.89016688320186,0.6441223914531815,0.6099838081096037,724615433480.7966
"Autres espèces cultivées stimulantes, à épices et aromatiques, n.c.a.",2017,1024.1099161536529,26.48371667269105,4.038929511049782,75.92395966235269,0.6436837371184783,0.6553114418274268,794609753923.5112
Noix de karite,2021,4326.057747055542,25.572078834665575,3.8996083236897823,79.22486825596057,0.6558644266040751,0.6638496310786829,893861894769.7004
"Noix de muscade, fleur de muscade, cardamomes, crues",2019,1018.0499215834509,25.54037395849723,5.11747247855019,79.11074780953061,0.7296024125491387,0.7214322449763034,869161109433.271
"Huile, noix de palme",2020,8866.136177176202,24.84006556774476,4.968941675514666,81.36646053586655,0.696934471408186,0.7530295491135385,848944131019.2625
Oranges,2023,4528.081725669424,25.077595985141425,4.37866482093327,78.94275570118043,0.6948546984397428,0.6992697980484746,981990604485.9025
Noix de karite,2019,3995.906891669817,26.51757629723835,5.023629039127374,81.94302807953163,0.7492576610185725,0.731648176386388,863667740006.3644
Fèves de soja,2016,563.5519252289497,26.13598318109666,4.034613928146138,73.65381813444522,0.627973068798476,0.6270641149316143,745955730539.6224
Fèves de soja,2016,613.7162828778978,26.52677685232857,4.0635272691109865,74.22844754035302,0.6335452598413921,0.6196915528613925,736121741092.9396
"Cacao, fèves",2023,965.028117252662,25.82507040482319,4.496150258386072,76.3361107694425,0.6819622490463262,0.7046991669180426,972232578858.7119
Ignames,2019,8946.890411245846,24.90537815697985,4.969162438197817,77.95369846536447,0.7236867954268721,0.7409031357266123,867808282555.057
Noix d'acajou non décortiquées,2016,1536.1101006621361,27.012547641511574,4.107169509821598,76.02914828680542,0.6404971370119523,0.6106630543567367,737640178984.2426
Sorgho,2022,858.2116204690159,25.39931625799671,5.043575790457988,76.81490104412093,0.674628602996449,0.6977595241390021,959775627654.6984
"Coton en graine, non égrené",2023,668.6682443713249,26.113269315024546,4.687522106394072,77.71635180053852,0.6683259078554904,0.6701517138077085,1000985779103.9817
Choux,2017,10788.202317915671,26.49995403403834,4.113659098138519,75.04805495929457,0.6519510028949753,0.674315615113688,791441906639.9255
"Huile, noix de palme",2021,8677.368281401616,26.36034225289623,3.930155245408453,77.18898829947884,0.6572248023279312,0.698089574957166,900589010451.3859
"Piments forts et piments, secs (Capsicum spp., Pimenta spp.), crus",2017,413.3368490490494,25.91125315203122,4.140631626480574,78.079443809459,0.6415431636819359,0.6708954467602297,775488822142.6116
Ignames,2018,8995.573442140769,25.459787916262467,4.482518794746728,76.50679466523202,0.6797651892099958,0.6901130576679245,821072812779.4553
Choux,2017,10962.4,26.162273972602737,4.066109589041096,76.52139726027397,0.6475342465753424,0.6606301369863014,783338000000.0
"Racines et tubercules similaires à haute teneur en fécule ou en inuline, n.c.a., fraîches",2015,5093.538721018036,26.279587213575667,3.165078219021021,72.99864266040355,0.566014519749131,0.5951824234144316,674967081660.1433
Patates douces,2021,3576.655045839721,25.276665604006478,3.843050255923653,78.39404089592145,0.681846503716819,0.6933289969190853,881931563747.7405
"Autres espèces cultivées stimulantes, à épices et aromatiques, n.c.a.",2023,1076.0231448303525,26.373035835102353,4.40066400836662,77.32499191561278,0.6822742882597971,0.6982407135951711,999374866807.972
Patates douces,2016,3426.7534285939682,27.209348560454224,4.138737116745874,71.4852245729112,0.6280881028753238,0.6116373518726106,733641387336.685
Ananas,2015,8180.502689325219,26.067441584997106,3.2069281650239696,72.83490530050196,0.5713354430125719,0.5938180212869258,667991889869.503
"Cacao, fèves",2019,1048.668177718955,25.200604008119527,4.939859414295507,81.03394799103499,0.7231103760443767,0.7161817611750316,872364014179.5828
Fonio,2021,894.5103685243336,25.58857371751801,3.9733614608742553,78.0792144140375,0.6659480159683723,0.6844146668990343,895727518398.5647
Autres fruits n.a.c.,2015,5917.879700668484,26.332902224273703,3.1306349316544018,73.67119863544127,0.5747877018916353,0.5895137363130486,678418443035.0745
Choux,2023,11737.567395445794,25.962934632573294,4.542189588721069,80.65437360249662,0.6569580046861904,0.7169899900609825,1005776527066.7606
Autres légumes frais n.a.c.,2021,5015.487956838737,26.069255057002998,3.9575052360524645,80.62592377156834,0.6674349121491331,0.6978419602953859,895473711817.3818
Mils,2020,607.6802569124627,25.42904753913837,5.00546503165462,78.84010710700146,0.7387651003080075,0.7412708848651011,847154490504.0062
Tabacs bruts ou non fabriqués,2017,426.282614123546,26.68845206924166,4.0111919229332536,77.32809162415944,0.6448314748400358,0.6580731637716675,769414977829.9854
"Noix de muscade, fleur de muscade, cardamomes, crues",2022,1087.3615776032987,26.373983496688133,4.877322018011299,79.22040464995514,0.6640278334322928,0.6813078694127593,957581584818.3026
Maïs,2015,1306.5136015348405,25.96739553036097,3.215755857900195,72.31982253701747,0.5784064969809048,0.571072470410841,680507021542.5121
Tabacs bruts ou non fabriqués,2018,422.1436756740267,25.07838142867312,4.23887397260274,78.42378885504151,0.6966678511486971,0.6888658727146327,817468912700.3303
"Manioc, frais",2015,3790.8971943091024,26.96190522226849,3.1177081472540404,73.17170529572815,0.5549761403631904,0.5717099737528039,667441853531.3239
"Manioc, frais",2022,4135.173998495671,25.44261261419074,5.047014063464128,76.45978359147978,0.6356689032490896,0.6898755501223877,929920276532.9475
"Manioc, frais",2017,3901.1,26.162273972602737,4.066109589041096,76.52139726027397,0.6475342465753424,0.6606301369863014,783338000000.0
"Café, vert",2019,513.3240462650032,24.88279275342229,5.056348464605042,78.18245667344128,0.7516249926916744,0.7410030787952769,861647764664.2977
Mils,2023,748.6041206263902,26.658320388467235,4.5819218090629485,75.94130727250494,0.6782257249580126,0.6865511922835275,987568466166.8203
Riz,2021,1665.1663326546695,26.32785325319785,4.071911880860025,80.84929541270519,0.6688686519102096,0.6894718904916595,891486361662.7311
Noix d'acajou non décortiquées,2020,1465.167300960619,25.40539141313684,4.995783234538875,79.29863841780923,0.7043687127721588,0.7562539357245672,862031223760.2478
Mils,2021,593.1,25.92775342465753,3.9432328767123286,79.31665753424657,0.6736164383561644,0.6907397260273973,892399651748.501
Arachides non décortiquées,2018,730.8566400522454,25.448449699913294,4.384054115981557,77.82912485237999,0.670119644247046,0.7019313199239647,818012754101.2217
Fèves de soja,2015,630.8826919344885,26.038863128477697,3.227243269102722,72.55958261039441,0.5768266543671318,0.5765795831597768,667875437550.5736
Oranges,2022,4747.2329384390805,26.193694524649132,4.841046996870086,76.71611311638573,0.6819375324254604,0.6605642490733129,941009939761.3793
"Racines et tubercules similaires à haute teneur en fécule ou en inuline, n.c.a., fraîches",2023,5083.85113133318,27.232591078595146,4.619560718272017,77.18706860328776,0.6706856589398957,0.6767411026222839,1006610188547.7081
Choux,2016,11070.202391295685,26.735394616639482,4.114890482052029,71.62807872603865,0.5928449110670021,0.64050750325476,745098601931.0203
"Manioc, frais",2016,3803.445579163658,26.627290990098043,4.0952753008503375,73.54578527187188,0.6360199578950899,0.6092508636548827,740996976521.8243
Fonio,2019,844.5447040625506,26.40612629472696,4.8319551093685185,78.0608753495532,0.7049414332905943,0.7218764314894315,872692214731.9996
Noix d'acajou non décortiquées,2015,1477.8801128055134,25.4848678882153,3.0716711561995256,72.92543493783513,0.5703451470269577,0.6186082191780822,694971679942.245
"Tomates, fraiches",2020,4426.9779558892715,25.771598894142958,5.141028524165512,78.60552484821125,0.7608602622390107,0.732337758903403,862536803616.4144
Noix d'acajou non décortiquées,2016,1420.0335538117115,26.384656015658823,4.18279605799713,73.19073037055928,0.6381536890925538,0.620587312650173,743786662683.5858
Maïs,2021,1241.3320626080692,26.713289124368753,3.8840675505544633,80.21577529440823,0.6584214030656451,0.6950920688674869,881143814427.9303
Taro,2018,3036.1610850703187,25.758562636849852,4.44836035306221,78.43250378687097,0.6883401149830677,0.7188379531875053,805978378101.4635
"Racines et tubercules similaires à haute teneur en fécule ou en inuline, n.c.a., fraîches",2016,5462.389550726543,27.246872586228807,4.062726149634113,76.33349291306222,0.6394757680207317,0.6220702410784519,731428244234.737
"Café, vert",2022,540.7600709692261,25.997564521583264,4.9599477163297765,78.06006732435586,0.6632885134541958,0.6926439590623634,931647250775.7975
"Coton en graine, non égrené",2023,650.4239821505145,26.348337871401323,4.4556155209419135,77.73105017109441,0.701160690281645,0.7071108090697183,1005006649276.6161
Arachides non décortiquées,2023,762.2459505032302,25.769664577269957,4.41157106952398,78.62434183016835,0.6961371352686115,0.7122940708436574,991355290003.8939
Sorgho,2021,841.2713395059202,26.1450198824324,3.8997270895742933,79.35141494314264,0.690312282643926,0.7078752168944936,914661657729.9277
Sésame,2017,325.8059023295305,25.7180847239804,4.032407131241492,80.30119097840941,0.6473745854431542,0.6501907470386458,784927817504.195
Riz,2016,1581.1679424574181,26.532016316061203,4.023370957329375,75.29615132023258,0.61874842092133,0.6384288272209826,728296960053.127
Riz,2015,1704.8617167814195,25.880918505201755,3.287412278751982,73.91192855042098,0.5650884006534584,0.5947410371930363,672105757726.1582
Choux,2022,11966.214620648601,25.131292795242047,4.86965217828333,75.69162258390611,0.6540514058977017,0.6518564907784025,935629502778.3553
Sésame,2022,327.838374606368,25.745838750265627,5.01040722048982,73.50883972602739,0.6673196930110435,0.6569718804120545,943159207858.4474
Arachides non décortiquées,2019,775.0686578331176,25.925901290542086,4.890105758601267,81.73763242341259,0.7251742353212397,0.7508375395471135,862428457581.0541
Tabacs bruts ou non fabriqués,2019,450.6920202141715,25.82618884556816,5.006081134129257,80.80400229128607,0.7452891294981093,0.7050810065639862,875019867892.2784
Ignames,2019,9551.888056822569,24.907556409539637,4.975180534871883,77.62271096107764,0.7215724811832137,0.7164408890231787,872758037978.7234
Autres fruits n.a.c.,2023,5871.477315074498,25.72826470627435,4.561757474776284,80.77143582111637,0.6723258402116766,0.6723254013801118,986329272694.239
Choux,2018,11516.829611579637,25.9594021190752,4.465831744769555,77.5450982714936,0.680724984829437,0.6956083169504164,826705326640.7802
"Piments forts et piments, secs (Capsicum spp., Pimenta spp.), crus",2015,412.9319406510193,26.357498506375148,3.1506422981289233,73.4241401235568,0.5591252096868924,0.5896647279015164,687049049718.737
Ignames,2015,9025.60421780573,25.924655964454583,3.17829761965177,70.28202045232226,0.5887536234755777,0.5613033546283063,668948241766.5446
Maïs,2015,1433.771102833074,26.197770080650006,3.249568249777756,75.79938980813688,0.5795229071157401,0.6186082191780822,689334000944.8549
"Coton en graine, non égrené",2015,740.8171504098891,25.743266514072538,3.2044960293532507,70.06536301369862,0.5665910814908849,0.5858182025960053,685004664702.044
Sorgho,2019,885.9894259897259,26.732668662768962,5.054111926657964,78.53217837686208,0.7076488267988715,0.7470773629588394,859360225259.2091
Noix d'acajou non décortiquées,2020,1436.0971973886533,26.28891464405568,4.988896119313645,78.83579465713171,0.739415833107363,0.7655513685381525,857254984860.666
"Autres espèces cultivées stimulantes, à épices et aromatiques, n.c.a.",2023,1057.851580151885,25.98276528058509,4.507575401620682,80.44163840131459,0.6870177941228165,0.7036230315953166,1003284220996.3397
Arachides non décortiquées,2022,743.0259669030783,25.842603457119854,4.8886970664041955,76.94007863143615,0.6703240117546362,0.6730122677545277,960468846534.8868
"Café, vert",2021,529.0,25.92775342465753,3.9432328767123286,79.31665753424657,0.6736164383561644,0.6907397260273973,892399651748.501
Arachides non décortiquées,2022,766.730577138083,25.165663791941476,5.010569533844992,80.52813950369354,0.6455456757429133,0.6712069935197157,933425299840.7184
"Autres espèces cultivées stimulantes, à épices et aromatiques, n.c.a.",2015,1003.7986100443943,26.26444202410202,3.107614773605945,71.15851305374848,0.5755252126739361,0.5790904368510829,678064136057.487
Noix d'acajou non décortiquées,2021,1567.9418532123848,26.338575851660806,3.94316520912908,78.19274684188753,0.6782862579282765,0.7101793496570509,885739240787.5897
"Autres espèces cultivées stimulantes, à épices et aromatiques, n.c.a.",2021,1019.2140602250794,24.83595578564796,4.082675872424309,80.41875870433032,0.6904979687502021,0.7117350918385958,895707248806.9677
Oranges,2018,4675.920968011155,25.827917906193825,4.681213091884673,78.90057443512747,0.6808454465225521,0.7069348126164349,825752285867.7153
Noix de karite,2022,4172.940183185188,25.588940002772272,5.113567877962324,77.80966925542525,0.6871812386877623,0.6904851706583427,943776569617.1433
"Noix de muscade, fleur de muscade, cardamomes, crues",2022,1043.1742392251058,25.72717699188006,4.9443220008498,74.88480010645152,0.6684409874515347,0.6752014097304139,950121662768.0833
Sésame,2017,317.446153265284,26.287735202706806,4.0425459040117016,77.13899053922168,0.6665207198743734,0.6760576893977472,780060246499.8345
Sésame,2018,333.26721629439334,26.09367659235447,4.461237006877379,75.2575299470665,0.6752416194463606,0.6921940708675289,808559528508.8159
"Pois chiches, secs",2020,758.9,25.55327868852459,5.009398907103825,78.95647540983606,0.7270218579234972,0.7411475409836066,856967581267.048
Ignames,2021,8655.535713310215,26.327541958526908,3.9160085311872033,79.15139554689807,0.663778492564029,0.6810759327870228,900754006336.963
Sésame,2021,327.3877109837891,25.46311030484267,3.811386453345955,82.34225848745362,0.6836913072789568,0.6927356623892019,890775381036.1099
Fèves de soja,2020,878.5682890206241,25.134136557384576,5.014944293551591,81.13880486772311,0.7427797485820471,0.715702530281156,848585074955.6906
Maïs,2023,1253.7,26.15476712328767,4.51827397260274,78.15893150684931,0.6806301369863014,0.694904109589041,998973479941.652
"Coton en graine, non égrené",2019,628.361330225803,25.727748325715083,5.105475081087053,79.7907747038412,0.7296084882853471,0.7500926978651045,857408239086.683
Autres légumes frais n.a.c.,2023,5300.073240901584,25.785968598228106,4.492397130651777,77.95720663664389,0.6793019044783245,0.700895431001717,996756791492.5913
Maïs,2020,1205.0978225189676,25.457605673643997,4.989717090895993,77.57589970418047,0.7303476971100734,0.7344970941177114,865465436552.0265
"Manioc, frais",2022,4176.583824902013,25.680514972238097,4.978539001755891,77.80048922761688,0.6389466359563429,0.6795096769077227,928879967058.0935
Arachides non décortiquées,2019,721.4358461476046,26.377747180121535,4.997500980446796,76.38760016703516,0.7237967104814523,0.7326014115384099,856712930763.97
"Pois chiches, secs",2022,797.1797954432269,25.702245180696004,4.818227999560039,78.42807879540376,0.6576615001246131,0.6697453770985119,945936653008.0984
Choux,2021,10429.492955365724,26.777738660969863,3.8608080527644058,81.5168963337713,0.6646124362090887,0.6879572852626324,887365546263.0195
Noix de coco,2023,3640.7154686450826,26.293571368797487,4.546456012478097,79.15751170581875,0.6695405162779906,0.7200151446926323,997108466596.4265
Graines de ricin,2022,78.94621783523785,25.514727380239023,4.94231921167171,76.3448726376222,0.6798356634130779,0.6928310826505157,942165012380.7174
Autres fruits n.a.c.,2016,5910.629859621998,26.938421986988217,3.903247421461896,76.24239093150737,0.6103364621995776,0.6173153808417396,738410331650.4506
"Racines et tubercules similaires à haute teneur en fécule ou en inuline, n.c.a., fraîches",2020,5439.527735888894,25.72101337125808,5.184345892608365,78.29816568885627,0.714116185632659,0.7782049180327869,874913781729.8834
Mils,2016,680.3878606320958,27.58410430286158,4.097308027419056,76.74887602768966,0.6333388028558629,0.6210184222418619,728209597270.0151
Graines de ricin,2020,75.86148841849878,25.075209611276996,5.000926835629856,80.1406508793221,0.7305189171460182,0.7508972610588487,853837678607.7592
"Cacao, fèves",2020,1154.5201482549642,25.285502580760927,4.925899502119627,78.90442494545437,0.7503225811700353,0.7483938602831395,856884327578.5577
Graines de ricin,2019,79.72616066805053,25.424071696548552,4.8837906122594426,77.9170473077467,0.7139887954622742,0.7510964691444065,870171357878.2783
"Huile, noix de palme",2019,8583.184805340414,25.39159619186576,4.935042013853825,79.98788623985023,0.7380521744537788,0.7155468947796528,861762020058.1042
Autres légumes frais n.a.c.,2019,4978.708525112231,25.281800701332976,4.951024278546169,78.01231989092801,0.7199462080171609,0.7265086100262044,837646178478.7728
Maïs,2023,1343.6904367883108,25.93166566820683,4.610829229845204,76.6759623751687,0.6775490666168222,0.7229867388298621,1022092062854.8127
"Pois chiches, secs",2016,760.9426473230386,27.12889863759915,4.0504662981861905,75.95079957279312,0.6143830677322611,0.5968724617335072,730118705206.3071
"Autres espèces cultivées stimulantes, à épices et aromatiques, n.c.a.",2017,990.6631359134323,27.012292890022113,4.051726759545641,76.09783305423221,0.6450378030196928,0.6489299338670205,795378483780.379
Graines de ricin,2017,79.0,26.162273972602737,4.066109589041096,76.52139726027397,0.6475342465753424,0.6606301369863014,783338000000.0
Maïs,2020,1194.8260719697091,25.947911064072827,4.840539107697277,77.52177452297191,0.7420692843948721,0.7455853734942849,849277863018.9331
"Tomates, fraiches",2016,4248.0050123026995,26.314550412531613,4.226500120328123,71.30634984198845,0.5920368852459016,0.6199025495693513,732904367837.0101
Sésame,2020,315.1739578997118,25.931111564951514,5.078422815641809,77.61171958840632,0.7408695600833878,0.7266274391905339,850048838771.4656
"Autres espèces cultivées stimulantes, à épices et aromatiques, n.c.a.",2022,1029.1987235032818,24.69527382515484,4.853018509305109,78.28942056131777,0.6569890750630785,0.691194248542353,934852786416.2883
Graines de ricin,2017,84.37509632191207,26.422812228188533,4.080771788332748,77.3546404949289,0.6528509593430505,0.6569137262033387,785850011455.9867
Haricots secs,2020,527.2,25.55327868852459,5.009398907103825,78.95647540983606,0.7270218579234972,0.7411475409836066,856967581267.048
Ignames,2019,8949.0,25.842027397260274,5.005041095890411,79.60054794520548,0.7189589041095891,0.731013698630137,864816063151.685
Sorgho,2022,876.5445897110826,25.216598734988214,4.911519809981092,77.91642209472785,0.6791243127526181,0.6839706320170116,937859665037.6993
"Noix de muscade, fleur de muscade, cardamomes, crues",2016,958.1789119689034,26.759854704363672,4.165270099928877,74.8133681995073,0.6127542113012363,0.6089824544958502,735329695206.22
Sésame,2016,320.7069077531679,26.776641262282563,4.177906741868654,73.25718624733956,0.6463772033381643,0.627479523680208,734302906038.5138
Taro,2018,3129.3592742458613,25.134115475836055,4.446348974417364,77.03100053075136,0.6563349152862207,0.6992012448573879,813991632678.1338
"Pois bambara, secs",2016,726.9989301146459,26.527373588096435,4.015214307213159,71.24896307317961,0.6362904465728191,0.5916734972677595,724591873765.6345
"Tomates, fraiches",2018,4472.537465204582,25.71002849781357,4.632241380910137,77.4745887322095,0.6782197235286161,0.707277777393609,822725128708.1721
Mils,2022,586.2170335743409,25.763139095576623,4.943074940549005,77.4050905350672,0.6660719164290652,0.6851860332011142,934645914321.7123
"Piments forts et piments, secs (Capsicum spp., Pimenta spp.), crus",2016,408.21276776293223,26.49672526981411,4.098431531364932,76.53831338863014,0.6207700720654625,0.6126253436412694,743718501512.3652
"Manioc, frais",2015,3844.8057124057887,25.938467638618427,3.2039550599849864,76.6728611658137,0.5709078631195201,0.5809996795937991,680474282851.883
Oranges,2022,4613.171282361258,25.868620478256407,4.908467583831627,79.36131388223338,0.6507340586854353,0.6978345854076244,952188650304.7968
Haricots secs,2022,555.3822438051137,25.600841697588763,4.90037948644252,78.08089768990384,0.6652704112933036,0.6738646601401332,949981915199.9257
"Piments forts et piments, secs (Capsicum spp., Pimenta spp.), crus",2017,420.0,26.162273972602737,4.066109589041096,76.52139726027397,0.6475342465753424,0.6606301369863014,783338000000.0
"Autres espèces cultivées stimulantes, à épices et aromatiques, n.c.a.",2023,1011.1674777017765,26.658792099126856,4.445877976085277,75.79115551065182,0.6741519306719532,0.6825848582819724,1006595150847.4185
Tabacs bruts ou non fabriqués,2023,428.3542957287056,26.651394698020187,4.42844493420395,80.63879773089467,0.6819272050803549,0.7017494797153874,1011633220271.4176
Mils,2015,817.246293697718,26.454132423681244,3.120381862630291,71.03204067329129,0.5496646121834763,0.5994535549137991,677907576019.3768
"Coton en graine, non égrené",2017,695.9442714569415,25.237456773858185,4.114623115549346,77.68049349965712,0.659436392844342,0.6604213841531,789698315020.3326
Arachides non décortiquées,2016,682.8596480045128,25.897347662643664,4.054828931878115,74.44719720682238,0.6341545012966865,0.6179168410215105,729466885297.5664
"Piments forts et piments, secs (Capsicum spp., Pimenta spp.), crus",2020,413.078207416892,25.393985806169518,5.011527636219832,78.42332411437793,0.7447930085154901,0.7525251631007485,836767711470.2289
Ceréales n.a.c.,2016,850.5742272673131,25.81293674498862,4.0569783215402735,73.98217671768462,0.623017187988942,0.6507885618569382,735859184168.319
Riz,2020,1704.387757461989,24.993289000199585,4.920730679215189,80.59566791449646,0.742046597099421,0.727726534822739,851354872905.1483
Fèves de soja,2015,640.0255052608062,25.842596674926366,3.217873289151721,73.00549090966973,0.586522819113108,0.6006276459934753,657728165178.7753
"Noix de muscade, fleur de muscade, cardamomes, crues",2017,995.7647056344097,26.311693404089336,4.104814706832365,78.9671554391587,0.6467834706711111,0.6796890922864836,776352376900.1641
"Huile, noix de palme",2019,8246.26757666706,26.374377746065147,4.9848319514946295,79.53767252134705,0.7246700660351779,0.7437254686822472,858768719780.9642
Ananas,2021,7901.277363444916,25.466315309116748,4.140394520547945,79.73982846242149,0.6849244369412965,0.6681073643808705,894043503708.3176
"Piments forts et piments, secs (Capsicum spp., Pimenta spp.), crus",2023,412.8443786519843,25.957209506009544,4.546202470635377,77.14423272475324,0.6805842075569507,0.7177075458687285,995867314901.6859
"Noix de muscade, fleur de muscade, cardamomes, crues",2020,1065.526869079067,25.659252602048912,4.936868466779455,78.87790458930002,0.7120973016593689,0.7288809814534208,865862175286.392
Choux,2019,11327.361989080226,25.910530789035338,5.174353118147807,81.66241346580021,0.6985785835158965,0.7418915095364772,868735632337.1704
Noix de karite,2021,4298.623365776191,25.47596079699316,4.021000178701018,81.89039149509277,0.6788424809575865,0.711143637414037,886041030869.8173
"Noix de muscade, fleur de muscade, cardamomes, crues",2016,1001.0509472351939,25.40830618206333,4.025614955109036,76.75151110017998,0.6302564425259014,0.5972661048704622,743379838100.305
Noix de coco,2021,3649.759906348643,25.50222001832968,3.933475466294177,80.18961160014231,0.6660799010852781,0.6903300065775858,882995478905.3096
Noix de karite,2020,4116.392875113531,25.12768506141266,5.040498195406905,79.05056457258381,0.7268983323453425,0.7462833098414979,851802296811.1302
Noix d'acajou non décortiquées,2018,1526.4968124296856,26.05385365739289,4.462667394235915,77.9462584036756,0.6626349600217977,0.6960043311672378,818963028421.6652
Oranges,2017,4613.0103247425395,25.919164993235693,4.047278497684084,77.20526147138956,0.6275496788762631,0.6697079770141515,770811131851.9739
Riz,2015,1674.6908950338443,26.14320669670464,3.1610335843642634,71.496166204374,0.5882206683968216,0.5862488174230448,688490310532.0453
Noix de karite,2015,4004.0394773598196,26.01593185081308,3.18075992715801,75.38232731898422,0.549040301183807,0.5596931506849314,675084749629.9727
Fonio,2018,825.3418085080737,25.67951741328828,4.460181064561408,76.72786378634605,0.6918920247094107,0.6854462286997187,816886339135.342
Sorgho,2019,870.4755093623534,25.71041461792571,5.006167910079339,79.46220888461526,0.7315103024514564,0.7114405801766661,873067272147.5242
Ananas,2015,8019.9,26.17372602739726,3.183424657534246,73.75301369863013,0.5778356164383561,0.5891506849315068,676983748351.848
Fèves de soja,2021,978.9927916616016,26.469458720923907,3.9049701560823267,81.20231033773341,0.6853245911177244,0.7070983857280492,895699793448.8353
Sésame,2023,329.1587278954282,26.596300590661034,4.550061789561382,77.48109332326104,0.6931622351068601,0.6878216816751127,1002812077571.6119
"Racines et tubercules similaires à haute teneur en fécule ou en inuline, n.c.a., fraîches",2022,5545.956353970874,26.736439072926203,4.888556283008137,77.89854213255877,0.654663194309707,0.672046217753086,958434084875.347
"Coton en graine, non égrené",2016,832.837916556917,26.93816861759713,4.069899995166618,75.83354939971154,0.6336446371312646,0.6167442315518371,741022755312.7754
"Piments forts et piments, secs (Capsicum spp., Pimenta spp.), crus",2019,416.7202481021317,25.73333935797273,4.975555748655628,80.00785093476496,0.7080902457681273,0.7233663762652238,872514590552.4633
"Huile, noix de palme",2021,9129.688248027227,25.75102108132278,3.87636259829782,79.00090256273616,0.6666190773109454,0.6934320245521303,901210020228.4786
"Piments forts et piments, secs (Capsicum spp., Pimenta spp.), crus",2018,433.09707973755513,25.595020827816146,4.455748530627346,77.9012882718218,0.6840892882161033,0.6921977619812575,829956261792.9656
"Pois chiches, secs",2016,755.2334775513245,26.871763502404736,4.095209014031027,73.24909922725679,0.6395688365170836,0.6228941314841604,730250557728.8854
Patates douces,2019,3713.804734621203,26.11639534098607,4.924140130270371,77.54048508636548,0.7324881617187645,0.712689283004228,862278771813.0427
"Autres espèces cultivées stimulantes, à épices et aromatiques, n.c.a.",2021,1022.5278135881791,25.558863366795556,4.025200231895328,76.80668298712587,0.6622541353057634,0.6979584085853426,884514251773.5791
"Piments forts et piments, secs (Capsicum spp., Pimenta spp.), crus",2023,422.2,26.15476712328767,4.51827397260274,78.15893150684931,0.6806301369863014,0.694904109589041,998973479941.652
"Café, vert",2018,464.4135857287802,24.856740057877616,4.343346004765713,79.34732194219508,0.672563122823355,0.6961007184996911,826640618363.6658
"Pois chiches, secs",2015,779.7058550804284,26.667598082118026,3.114516356205905,73.04606366518787,0.5823743408739228,0.5747500855446152,682079796415.8208
"Noix de muscade, fleur de muscade, cardamomes, crues",2017,1055.3182298879592,26.03797426975391,3.9079714883907157,75.65052062532187,0.6448235517639825,0.6720909025034372,778982339853.937
Ignames,2016,9012.125190615889,26.09676850096878,4.054467857697699,71.97299406163593,0.6174011132750513,0.6020351025464747,741121209801.4982
Bananes,2021,13594.58977184535,26.130847760125587,4.022305090801105,79.81616854319026,0.6685113564727487,0.6849554542971584,890395658519.2229
Graines de ricin,2020,77.67450577637594,25.95768900501465,4.945759357190693,76.57257603068267,0.720836462376052,0.7234030388196784,864975208516.0311
"Racines et tubercules similaires à haute teneur en fécule ou en inuline, n.c.a., fraîches",2023,5170.876073749749,26.13247833492731,4.429846404903018,79.9892038792151,0.6678300528979525,0.6904049979793991,987477736153.4423
Fèves de soja,2020,851.5,25.55327868852459,5.009398907103825,78.95647540983606,0.7270218579234972,0.7411475409836066,856967581267.048
"Noix de muscade, fleur de muscade, cardamomes, crues",2015,963.8935788406011,25.606002935279374,3.259249862792567,73.13254760321166,0.5747309147163875,0.6048736632357548,667983642483.5662
Bananes,2021,13317.2,25.92775342465753,3.9432328767123286,79.31665753424657,0.6736164383561644,0.6907397260273973,892399651748.501
Fèves de soja,2021,1047.1245156956898,26.673428427581616,4.040783682828082,78.90700848307795,0.6723943407001517,0.6845180404592248,907463545213.5887
Patates douces,2022,3414.7789983672483,25.521889796386848,4.994899379188689,75.96399204269501,0.6554384352633991,0.6754165529312331,934661371326.8195
Graines de ricin,2019,77.84227803868703,25.58340362563351,5.047373513846435,80.08244589297766,0.697643008228175,0.729747338822221,866463308232.66
Sésame,2015,321.2386805212428,26.448478447396532,3.172473481128351,72.55039986138452,0.5565027879251414,0.5993322336897747,688277754679.4115
"Autres espèces cultivées stimulantes, à épices et aromatiques, n.c.a.",2020,1045.644510214988,24.81806096320619,5.213018201227281,75.71905653118293,0.7412283130143229,0.7388380256990985,847082138692.7876
"Racines et tubercules similaires à haute teneur en fécule ou en inuline, n.c.a., fraîches",2022,5026.085620788998,26.1336891131795,4.943843589859736,77.03950712172497,0.6698411588573323,0.6757493539965379,931375990278.2058
"Pois chiches, secs",2015,749.1605454648668,25.640003070125406,3.0993628274512126,73.30210370541032,0.5906035634379765,0.5897872759849002,678944313059.4813
Mils,2022,589.2427879945308,25.23378001012005,4.703184211766419,78.4591608185699,0.6945821917808219,0.6938251249833945,950330112269.6321
Patates douces,2021,3640.7870203802836,25.863829173529357,4.006973683365408,78.36117545740296,0.6720759324016985,0.7055231083376281,901228809172.0574
Maïs,2017,1244.9396901006253,25.99234138264573,4.1606308195936705,77.40704312397186,0.6482351022713471,0.6457386534502684,781032502960.271
Sésame,2017,335.65095627169904,26.528630410808255,4.056545115634294,74.53600354794443,0.6637585280871204,0.6528567005738097,778655210613.6552
Graines de ricin,2018,78.71799111692172,24.339130136986302,4.327422336953972,78.76405763881732,0.6970322581598953,0.6874528882141512,823750669495.0929
Noix d'acajou non décortiquées,2017,1437.711734032017,25.873325065898623,4.086184483431971,76.38408675261876,0.643961270601135,0.6685927124596116,781994574116.7803
Patates douces,2016,3343.1348857098756,25.715959868940047,4.126508422215101,72.60993302728782,0.6226282925317959,0.6151240976803025,736742267571.1622
Maïs,2019,1237.609695530318,24.84685075889283,4.900381061198182,78.93683873879046,0.7160057483396117,0.733885239279719,858984348461.7626
"Cacao, fèves",2015,917.9,26.17372602739726,3.183424657534246,73.75301369863013,0.5778356164383561,0.5891506849315068,676983748351.848
Noix de karite,2018,4430.5395737959025,25.960079542498292,4.491125262498449,80.61374068130128,0.6873468531863813,0.7038487876664161,826469082683.6198
"Noix de muscade, fleur de muscade, cardamomes, crues",2018,1063.1379243018332,25.744795805193544,4.5088554349321255,78.38608228837097,0.6942944562749049,0.6805785776472184,812293881540.5225
Autres fruits n.a.c.,2022,5388.119515878825,25.20619958667456,5.008857823923779,77.4623968587761,0.6489701093307427,0.6657036712830505,924717175080.9183
Ceréales n.a.c.,2015,896.4929578936877,25.8106903429082,3.1857174787913034,73.31652073461167,0.5809710552537393,0.5865253251649724,684449395048.4459
Choux,2016,11265.76265380492,25.703803369110805,4.125834266814115,73.37080477650571,0.6316808321493558,0.6539549180327868,725678648450.5637
Maïs,2015,1390.349024091284,25.750302104657326,3.1465791816667332,73.8519703109299,0.5943943586965768,0.5767200008524277,674133516809.4534
"Pois bambara, secs",2019,777.2213313937906,25.7683956451617,5.007834298403208,81.12419638966186,0.7106019850168457,0.7036243539338144,871099824818.366
Ananas,2018,8016.9,25.62013698630137,4.461972602739726,78.10038356164384,0.6793150684931507,0.6943835616438356,819305083628.113
Maïs,2021,1265.1826664309008,25.639058680549137,4.032771041054276,78.99106315554255,0.6910275951697721,0.6790292424966244,885085235422.9865
Autres légumes frais n.a.c.,2022,5262.624481037087,26.87422251537257,5.165194895817836,80.32462264842157,0.6618611661616359,0.667587580080501,940370728404.6602
Autres légumes frais n.a.c.,2019,5311.073523376195,25.386799578247317,5.010711579972724,78.9403733886967,0.7041326897511494,0.7596781447937077,864128759424.4529
"Noix de muscade, fleur de muscade, cardamomes, crues",2017,978.6312936633199,26.08780579095068,4.047974535600249,75.44428435316304,0.6483659235072795,0.6426519010582019,777194808965.0863
Noix de karite,2021,4160.561239686019,26.180474475863193,3.860358334629379,79.4623037021513,0.6724917160268508,0.6821416594180575,909541972774.5771
Taro,2019,3069.7738802209865,25.487120879915505,5.089646995482816,79.47314877019946,0.710019204980295,0.7124176875356709,871414569468.2484
Bananes,2016,12097.885950074005,27.281526225260727,4.13980970423132,72.72234613782504,0.6193498175792514,0.6278720961872587,730612613181.0312
"Coton en graine, non égrené",2022,667.6973919630541,25.471653713854323,4.921681766248228,77.72570773838633,0.6853100488935104,0.6606508025374194,943619474871.0637
Riz,2018,1664.4467418669535,24.900715101123215,4.435443438697022,78.07531549537379,0.6949932171200623,0.6890307596723605,816492612839.3582
"Racines et tubercules similaires à haute teneur en fécule ou en inuline, n.c.a., fraîches",2020,5236.9156319803715,25.095864342574398,4.771200953767711,80.76504317144868,0.693948639490283,0.7568110181301854,859222415053.7867
Sésame,2016,351.4784031431484,25.719268383209847,4.099271491015016,70.19142486338797,0.6297397643686725,0.6417503345797927,727236823690.7472
"Cacao, fèves",2015,959.8301421246061,26.45908295521442,3.2387879642237807,75.1527035209916,0.5839430461538919,0.6076636513661869,675024022022.2196
Bananes,2017,12745.1,26.162273972602737,4.066109589041096,76.52139726027397,0.6475342465753424,0.6606301369863014,783338000000.0
Fonio,2018,908.7339909783078,26.301694419702095,4.436749905081549,79.16813503560441,0.6495300459963465,0.70183573970638,815372862530.7797
Ananas,2020,7847.938616310197,24.694710957942462,4.953617010387977,79.94085291715857,0.7317574502949353,0.7198592692168728,861465568343.7501
Noix de coco,2023,3610.4738096744213,26.725784584962206,4.377738009746703,78.06699328382417,0.6868199080875872,0.6788908889279344,999240884018.1935
"Pois chiches, secs",2022,776.353674766867,25.922201412104158,4.945682913960228,75.48886284787466,0.6709205349258538,0.65055384790217,937984748694.7302
Noix d'acajou non décortiquées,2021,1487.65851232943,25.867529353882613,3.9636463418807377,79.44572208452078,0.6888647545277027,0.7252767123287672,899025957203.3341
Mils,2020,564.9424298417977,24.90951831336285,5.001482119262045,79.65452219551344,0.7214380281560905,0.7305011910948048,865727585622.5814
Fèves de soja,2016,583.2165697628142,25.4929678407963,3.962313017450555,72.80497244850365,0.6229065672545263,0.6115085711689962,737081212023.333
Sésame,2018,330.6550223004295,26.008639430283782,4.399161473128513,79.58142160941327,0.675706615749528,0.6751553658016808,822161354456.2783
Ignames,2018,9340.274921587612,25.646819697275205,4.486478659701244,79.83636174764234,0.6660351251442715,0.6884884978537757,824909510143.2621
Bananes,2015,12052.636046571572,26.728708391500415,3.3173677214191395,73.9782876862154,0.579992958670445,0.5931125638199206,670234128684.4783
Sésame,2016,320.43648535739146,27.068143557212018,4.001631469801327,73.16866011826659,0.616779518677588,0.6356678223681073,738381941820.3364
Mils,2015,805.3707644745954,26.523370410220608,3.1123156537011982,72.96126357500685,0.5706063514359784,0.5898272989250865,680009667795.3049
Noix d'acajou non décortiquées,2018,1497.820270569004,25.553135350507997,4.547332946375207,76.96748457302176,0.694660873569086,0.70977136033477,805963781548.9287
Haricots secs,2019,521.4,25.842027397260274,5.005041095890411,79.60054794520548,0.7189589041095891,0.731013698630137,864816063151.685
Graines de ricin,2016,80.62561965534573,26.713003701657254,4.096760125150378,73.98090647758656,0.6405109598642628,0.619293844602586,725438856386.2733
"Manioc, frais",2020,3938.1,25.55327868852459,5.009398907103825,78.95647540983606,0.7270218579234972,0.7411475409836066,856967581267.048
Oranges,2016,4452.593267439544,26.446825846313995,4.051640059098877,76.5673292607587,0.6345385729918303,0.6116119732695312,735389033006.6488
Patates douces,2021,3633.5573777042027,25.591641118067002,4.007676972363796,77.64813300131291,0.6572415718351153,0.7152722103816469,903612761937.553
Haricots secs,2020,529.771052200095,25.5746471331633,5.039609885440141,82.90429918032787,0.7495587403550987,0.7482682766925514,854594145654.374
"Café, vert",2021,538.616801097635,25.92613717520578,4.138462183544426,79.07911271725484,0.6732038332734582,0.7029577398554866,896624953102.8044
Taro,2021,2994.173743320763,25.107573326086328,3.755134772724804,81.32073419140596,0.6625377473160834,0.6920771044370764,903104374556.9612
"Racines et tubercules similaires à haute teneur en fécule ou en inuline, n.c.a., fraîches",2019,5148.1660818985865,25.338293772082608,4.914039291861863,80.42258612670928,0.7251211045938192,0.6990076908185643,883644561305.4529
Sorgho,2017,874.9013220766338,26.149361418812145,4.063812662483382,75.03948983830827,0.6304636166624931,0.669594058525004,771479569451.3986
Riz,2015,1764.847037613864,26.742387642608772,3.2487137776141957,73.97830303753778,0.5581202582512204,0.6013008116495766,679758541028.2104
"Autres espèces cultivées stimulantes, à épices et aromatiques, n.c.a.",2018,1022.7730193908185,25.10354823298331,4.581682446926312,77.33454760293903,0.6596572708792585,0.69361367482601,817759549597.181
Choux,2015,10493.501573073307,25.529021276743197,3.2549826077451174,75.80231906272455,0.5623890419039363,0.5959255066713035,678662166822.5436
Tabacs bruts ou non fabriqués,2015,416.7231301150935,24.93649257570606,3.2315263889053227,73.3043785003377,0.6059488181598854,0.5933073017634622,673689047088.5178
"Racines et tubercules similaires à haute teneur en fécule ou en inuline, n.c.a., fraîches",2017,5253.273215424704,25.411678275111495,3.958631270452665,76.49503938516085,0.6638227949976822,0.6670560081729986,778284244454.7402
Fèves de soja,2017,725.047884859617,25.572570165103638,4.139421352971219,73.58742504215772,0.6506415371103835,0.6507134527442846,780339141580.9182
Tabacs bruts ou non fabriqués,2021,456.30967640818193,25.38836910571341,3.7948385822996387,78.84204079217257,0.6703548592283962,0.709559808448986,892278385484.665
Autres légumes frais n.a.c.,2015,5043.915149105763,27.147373548662724,3.024253424657534,72.4314088208962,0.583406121891607,0.5849150682359516,678194414614.4319
Haricots secs,2020,520.11227644375,25.586182992186302,4.857003138819208,78.98218584054355,0.7264669307269951,0.7219465260539468,857750240547.4187
Ananas,2019,8000.588456734989,26.178595764452766,5.22709297536727,81.13637513756282,0.7312850411732875,0.7255003785757175,867925036094.38
"Coton en graine, non égrené",2021,733.3221590377392,24.631365753424653,3.9531131682309475,79.33527280397436,0.706951379184707,0.6707072504499136,895663804316.8969
"Piments forts et piments, secs (Capsicum spp., Pimenta spp.), crus",2018,402.1561997123167,26.45332059110131,4.425843301359775,75.75944373652989,0.6789186984790467,0.7007032100760021,817199536580.5916
Sorgho,2015,890.5,26.17372602739726,3.183424657534246,73.75301369863013,0.5778356164383561,0.5891506849315068,676983748351.848
"Pois bambara, secs",2019,773.4093325311646,26.250471376729063,4.994193139095046,76.9554472647646,0.7274206327340463,0.7376684868062803,867693789555.3331
"Tomates, fraiches",2021,4247.5,25.92775342465753,3.9432328767123286,79.31665753424657,0.6736164383561644,0.6907397260273973,892399651748.501
Graines de ricin,2022,76.51280202827465,25.455134747376583,4.867609559831875,77.45855620668407,0.6458179095844598,0.6802654043722057,937845210510.0803
Ananas,2023,8654.83374000505,26.01380943087069,4.419032100102864,78.41999574224508,0.6711250000916987,0.6628454363101818,1010631734798.7244
Arachides non décortiquées,2017,754.3039049450982,26.682849573560983,4.075482425371613,75.88504040264729,0.6324715223103502,0.6584720664521226,779603396447.2148
Noix de coco,2019,3915.8484787470015,25.22207331168242,5.017445357248964,81.61314111575244,0.7298483734500872,0.7455439942543846,864323753940.372
Sorgho,2017,846.7671856852728,25.870445930577734,4.036287158639957,78.16041732253613,0.6640338608069734,0.6566440956120989,784792028196.8973
Noix d'acajou non décortiquées,2015,1510.9328530013772,24.867724224424652,3.2170510198264095,71.5179015876958,0.5645411562614006,0.5977760159051131,673058736134.7324
Taro,2015,2500.5885672940312,27.081473853333726,3.1902231569506188,72.36824440129702,0.5753926261489187,0.5843851467360885,687646378536.5957
Maïs,2021,1272.095541800987,26.13626320448577,3.859600933156254,82.24258609501666,0.6847180925113034,0.6668234531168128,896262229765.6108
"Tomates, fraiches",2015,4217.069897815097,26.59229888370545,3.0845911591455977,73.56936444602668,0.5921268655777674,0.5968395342369182,682695368160.4456
Autres légumes frais n.a.c.,2020,5020.241567983199,25.55012119815656,5.041740602392728,77.77064493229851,0.7406676637927495,0.7608365974557794,850009542813.051
Haricots secs,2016,464.9037288654466,27.534730083003705,4.066816676815709,72.79136976682912,0.6366586071112642,0.6468671000698518,733651451086.1416
Taro,2019,3095.1700619219764,26.14026307438563,4.910272667924455,80.66562432642911,0.7201216409852292,0.7482526738764887,861744105007.3541
Noix de karite,2023,4153.796431497434,26.425072299609802,4.5586844915394,79.94652474606782,0.6847404854327064,0.6881328899019269,991182043618.543
"Autres espèces cultivées stimulantes, à épices et aromatiques, n.c.a.",2018,971.2425865664052,25.404217201768805,4.645608158088387,80.1840786518062,0.6871392206550152,0.6738276625938023,808381229471.4805
"Manioc, frais",2023,3855.3325630451945,25.417013837238407,4.378392854638441,76.3159581461678,0.6708872849814896,0.6979894083571107,994684513329.2476
Bananes,2015,11978.862522905185,26.415226785254532,3.2920899442293674,74.79783298464427,0.5700409428250323,0.579716998535724,677061684512.4808
"Pois bambara, secs",2021,769.6017142151429,26.386139293901493,3.9968758716067874,79.72222242575135,0.6733279273434375,0.6992094156082681,884166818653.1942
"Cacao, fèves",2022,1125.2,25.620328767123286,4.94627397260274,77.37772602739726,0.6615068493150684,0.6768493150684932,940020690899.395
Ignames,2022,9001.755596270179,25.700826555873935,5.01456837096647,75.0339481998837,0.6587448066927017,0.6577201171071158,942985971646.1445
"Pois bambara, secs",2015,804.5722597926301,25.969835987094978,3.208761308503391,71.39791304204692,0.5654194038393825,0.6107485253320887,685598865588.8378
Haricots secs,2018,577.5467461012355,25.489984723470048,4.378869414737166,79.85662504602846,0.6918167295614751,0.6879496810213194,811224021454.1675
Riz,2023,1740.5469166111836,27.01867308405964,4.536160181859015,79.22049342084034,0.6948502779627956,0.7017950511403725,1003417288367.5793
Patates douces,2018,3641.8,25.62013698630137,4.461972602739726,78.10038356164384,0.6793150684931507,0.6943835616438356,819305083628.113
Choux,2022,11416.683574521527,25.893985561473208,5.00996717636203,76.03025179527445,0.6591103306757314,0.6818724598234249,953814795613.1726
Noix de karite,2016,4243.5482194778815,25.983147147970254,4.053932949586791,71.82044242966107,0.6057226563178705,0.6259580195277091,739852190311.0863
Tabacs bruts ou non fabriqués,2016,452.8951555847246,25.296495880899904,4.080005941901171,72.99521917029563,0.6015694338376082,0.6205230043980149,738425017802.6102
Autres légumes frais n.a.c.,2020,5098.2936879311155,24.883101528981957,5.103467153595108,78.73572291954734,0.7579079842692775,0.7437582250157175,857670725088.3445
"Racines et tubercules similaires à haute teneur en fécule ou en inuline, n.c.a., fraîches",2015,5261.480139491185,26.31342863153,3.1403918495765617,77.05190659868303,0.5768458828938349,0.5761892461118883,673365450606.8146
"Tomates, fraiches",2023,4249.6,26.15476712328767,4.51827397260274,78.15893150684931,0.6806301369863014,0.694904109589041,998973479941.652
Noix d'acajou non décortiquées,2021,1540.295004390914,26.3666840111232,3.9153932649251195,79.56047558532983,0.6578146585803774,0.6652180536643251,894885352744.6847
"Piments forts et piments, secs (Capsicum spp., Pimenta spp.), crus",2023,422.5790559878496,26.223316874109013,4.3535126816492316,75.59604996087069,0.6869492437169453,0.6808571948455276,993368397369.0366
Ignames,2019,8857.594848467837,26.300075802791266,5.078802982069358,78.53189326694127,0.7270811105834171,0.7398981312149963,867392264077.0409
Noix de karite,2020,4177.879353140391,24.27561475409836,5.033269303171889,77.60842791832427,0.7057885346511737,0.7680716267523366,862411919494.2307
Noix d'acajou non décortiquées,2015,1525.7821562207005,26.041536798292526,3.305776223136802,71.8046421870373,0.5839733317582938,0.6019521841584938,680219367979.9756
"Piments forts et piments, secs (Capsicum spp., Pimenta spp.), crus",2018,419.07355554079305,26.603633875666574,4.5315550488739,74.72324670947458,0.6785735104497752,0.7048443392166239,834794708532.1293
"Noix de muscade, fleur de muscade, cardamomes, crues",2020,1019.3,25.55327868852459,5.009398907103825,78.95647540983606,0.7270218579234972,0.7411475409836066,856967581267.048
Choux,2020,11956.13125203207,25.64338256982226,5.126370516153715,76.59591853470599,0.7408255652986859,0.728570225848831,847749776399.5
"Racines et tubercules similaires à haute teneur en fécule ou en inuline, n.c.a., fraîches",2015,5014.325009180974,26.16889729735215,3.255189261022515,71.08800029935314,0.5836207192324082,0.5976280818095406,673918672809.1969
Fonio,2017,631.2259695267929,25.159054577399914,4.00963836894146,75.79037743002206,0.6341017262486093,0.675002131221088,776709632892.9994
"Tomates, fraiches",2016,4527.32824353825,25.96142687418625,4.053837979451538,74.01430868691358,0.6099826580630889,0.6090154294954853,739219866107.0815
Noix de coco,2015,3314.4705539407887,26.808839930167597,3.3044741320132496,72.85771585548734,0.5619465578186801,0.6032975476273376,667717217737.082
Ananas,2019,8378.824950661045,24.54992602739726,5.01458784640553,77.09597552917884,0.7143436236686744,0.7368536372783392,862188923233.8838
Mils,2017,586.5994122513108,26.016722861499332,4.168825668189177,78.45231484369135,0.6426902005861472,0.6660270106872912,776998642685.7188
Oranges,2015,4599.6,26.17372602739726,3.183424657534246,73.75301369863013,0.5778356164383561,0.5891506849315068,676983748351.848
"Pois bambara, secs",2021,783.6408527241207,25.419656330087424,3.9854234186519615,82.38094695838767,0.6845102515507107,0.6879632579247538,900829804981.2726
Bananes,2021,13613.518187946682,25.919958173379097,3.8916353633628216,82.42898598867228,0.6619535930858026,0.6664143024225572,897080369864.8728
Choux,2017,10714.086341766708,25.84423519600121,4.072786116656973,76.75085268600044,0.657301282076796,0.6616313342344733,789786783309.659
"Pois chiches, secs",2017,747.2,26.162273972602737,4.066109589041096,76.52139726027397,0.6475342465753424,0.6606301369863014,783338000000.0
Maïs,2019,1255.7736969688933,26.478154205209517,4.768289340175487,80.28266217213482,0.6902064582312666,0.719866302441392,854975537331.7086
Noix d'acajou non décortiquées,2018,1494.8624123999057,26.040117410246467,4.598029481156663,80.25733496567527,0.7132808219178083,0.7047836070625416,818261821185.3668
Sorgho,2021,843.6629869985809,25.836735954771047,3.8366758044249725,78.01878514598707,0.6802379367710537,0.6892035153011253,891189776255.1288
Riz,2022,1659.166131772703,26.23180879488954,4.981931016441145,75.3835279211677,0.6727991083285562,0.6936470991523825,915391098654.7913
Oranges,2021,4580.580546231233,25.964629727365157,4.002745132507625,80.70455473174724,0.6586913121839516,0.698850829499531,901371309753.2944
"Café, vert",2023,546.1505421094237,27.40470230406042,4.507238057914896,78.33763142408081,0.6953254356582154,0.7118468777749122,990763954497.8856
"Autres espèces cultivées stimulantes, à épices et aromatiques, n.c.a.",2021,1018.3968071949231,25.882065565672367,3.898286816969647,80.84431748244812,0.6715228346446512,0.6947609240951866,886939194046.7468
Patates douces,2015,3464.7984302908167,26.87479120134548,3.0908001066526234,74.82411830526067,0.5899532056812822,0.5797559857373628,666028460542.7396
Sésame,2015,322.63308021297485,25.315626228453546,3.1079929850946697,74.07607759644966,0.5933746977488399,0.5976731035267514,684293314859.2559
Patates douces,2019,3694.9579668183615,26.425708096750004,4.8653516664528205,78.7236259323387,0.722470879507138,0.7355707854108687,861369358151.5062
"Coton en graine, non égrené",2019,647.593301653927,27.080634530439344,4.928702898894695,80.20977871542699,0.711552743129279,0.735832325612919,853247310690.8816
Fonio,2019,891.4529569168918,25.707104929845734,5.040238195939824,80.2583112015214,0.7224860338490756,0.735259215174879,863080052746.7019
"Cacao, fèves",2022,1151.113074470592,25.24156802341683,4.926537750718656,77.47685136150332,0.6437296377683408,0.6836857967747823,945848952878.8755
Choux,2022,11120.34252331378,25.770015352133857,4.9390508749629625,78.99052362949547,0.6831787440593081,0.6831197569130307,912661821410.439
Ignames,2023,8490.785560103988,26.743922200476742,4.354356762653961,80.03240342396155,0.6775718174664251,0.7028936124638222,997446245869.7689
Ananas,2020,8095.648636469905,25.459522635419113,4.793097315213461,77.45464090844345,0.7519449893925351,0.7158351339595357,857671567783.0111
Ignames,2018,9457.895195215671,25.147571181663057,4.499460773353717,75.64654435082309,0.646312854511845,0.6714418845335476,827013834717.6315
Sorgho,2019,884.0942716105857,25.249764392409634,4.940695601609999,78.57639193803713,0.7276697442174561,0.744009516601591,863191853650.4186
"Pois bambara, secs",2018,702.5133981038788,25.17600671186601,4.61865929457305,77.33392018167963,0.6910410743633675,0.7082356611753314,812022048855.124
"Pois bambara, secs",2021,778.93236508789,25.805358910604586,3.7830307492198787,78.40031747633113,0.6891355459165922,0.6706908166539819,889815141169.2083
Maïs,2016,1209.54048460938,26.18028902003783,4.038592617813923,77.51762670976967,0.6182279763074979,0.6121741206441422,736008703466.811
"Autres espèces cultivées stimulantes, à épices et aromatiques, n.c.a.",2023,1058.4811701405397,26.09612692942052,4.463478137944414,76.01818238702349,0.6847355324685631,0.6949282020403592,995997056297.4025
Sésame,2018,324.08620737191865,26.102045752801875,4.497827267939715,77.76344797309001,0.6674529161984905,0.7067840881254156,807123045093.5084
Haricots secs,2017,539.4,26.162273972602737,4.066109589041096,76.52139726027397,0.6475342465753424,0.6606301369863014,783338000000.0
Sorgho,2021,888.0556992402571,26.74283123082319,4.014848335345382,77.77821378870196,0.683717784020927,0.6907363959471956,887650175050.7043
Oranges,2021,4491.152756687739,25.395255042102598,4.058583552072636,78.10181149152429,0.6768307837423312,0.6833375393797498,906869323454.9274
"Pois bambara, secs",2017,775.4301343682965,26.70725347762911,4.034377776826829,73.28788979214322,0.653674155219009,0.6546385560790005,779524755773.7574
Fèves de soja,2020,828.6736282198116,24.77051394632206,5.074271399215194,77.30567503362731,0.7506227619186197,0.7413929076424188,855636645263.2745
"Piments forts et piments, secs (Capsicum spp., Pimenta spp.), crus",2018,422.23485911788873,26.29646505648734,4.317636646551693,80.09026488863537,0.6803349623516632,0.6878033202201573,825747458028.9272
Bananes,2022,13522.10445664981,25.97560460749529,4.804610221781888,78.10262148718765,0.660178518934857,0.6708904214042455,946635411956.7319
Autres fruits n.a.c.,2019,5668.277707329191,25.688439380934597,4.896718152371677,81.31035224210063,0.7198087934222132,0.7088001689773488,872645929632.8909
Ananas,2023,7918.9308460269485,26.483121302392874,4.6205727716276686,78.58523480327588,0.698804580583171,0.6951193771863499,985779398009.2755
"Coton en graine, non égrené",2018,762.971733107623,25.244620972072955,4.476474599288618,77.17578223720025,0.6529810776847464,0.6700724775398063,809801581811.8834
Riz,2017,1684.6355614537993,26.496476750181404,4.046193111429942,77.0169513544211,0.6450594814528006,0.669035420421285,792295606538.5731
Ignames,2016,9069.196844036293,26.941677021881446,4.061488000917342,74.79349297363859,0.6092487977894125,0.6309169805174822,732876480153.4003
"Café, vert",2023,511.3066324261445,25.780285427005975,4.63044074263,80.40853408135892,0.6865385249292497,0.7022368797447279,998130767559.6327
Riz,2022,1858.81579603724,25.139010908205538,4.921060808467018,76.1350924301685,0.6471917857070785,0.6666957503181445,941249770761.2372
Graines de ricin,2018,81.35613917302109,25.868357399108998,4.385606270723588,77.0139265928061,0.6916148958515371,0.6992986611504124,809664505601.6594
"Piments forts et piments, secs (Capsicum spp., Pimenta spp.), crus",2018,414.3469609210985,25.840112834192087,4.63915995342151,76.59121657253218,0.6779437767548514,0.7058798914063114,809958127906.5206
Autres fruits n.a.c.,2022,5768.305180348192,26.342860842593332,4.91230401896601,78.25180710046664,0.6373957537028567,0.6808535889032815,947890524943.4059
Noix de karite,2023,4511.436185805395,26.039508840789193,4.49832469909742,78.7313311759241,0.6651533529673106,0.6821869291354535,1001394106852.2001
"Huile, noix de palme",2015,8542.70597374747,25.579274510700028,3.099146511536662,74.19558882736168,0.5706558341413468,0.5929459981081228,675389388438.7645
"Cacao, fèves",2020,1055.1999014251824,25.060645551212748,4.924890031761561,77.62622937734608,0.718777010216677,0.7344964410409677,854191544504.6549
Ignames,2023,8866.089311408314,26.056833149850288,4.496431650601921,79.24655054896056,0.6805492661284862,0.6955575380661354,984150420839.0109
Autres fruits n.a.c.,2021,5972.482986888798,26.44424531625717,3.9613702238093333,79.02180212139939,0.692781971363063,0.7104089743347858,884642895883.7778
Graines de ricin,2021,77.9005998650545,25.614302635821353,4.005927673047593,78.51523599046527,0.6882311870897766,0.6980041782440584,894266298805.677
"Pois chiches, secs",2015,774.397736882203,27.168896926197498,3.162004155580575,72.91390127498427,0.562209344525732,0.5956529092512757,670623462945.1206
Tabacs bruts ou non fabriqués,2017,430.02756483435627,26.375568445634542,4.1098405786877725,74.50500131344307,0.6425422020787384,0.6548968864741871,791707729227.6548
"Pois chiches, secs",2018,772.1200050767794,24.616117511259258,4.507968973374686,79.31866230897623,0.6792100494327183,0.6912664608428414,818778187474.881
Fèves de soja,2023,1021.9050117982241,27.07052422725499,4.459688082359509,79.20288182192009,0.6941161231242905,0.6933907800963233,1002229898850.4027
Autres légumes frais n.a.c.,2018,5279.877740101619,25.50474880522839,4.499930256501507,78.63587316816914,0.675257793011564,0.6895355848461417,829192302864.2035
Taro,2022,3094.532454962978,25.169392922698105,4.991494470302461,77.75182903213603,0.6573891468554068,0.663926879079494,941560823153.5663
"Cacao, fèves",2021,1111.108621590576,26.210870850647527,3.91119478022876,79.64333605036407,0.6698155654293712,0.6899924226397834,879282062011.0834
Riz,2020,1672.4742322391262,26.83094262295082,4.962370768368909,79.23234381669613,0.7157304235190822,0.748887699485727,853111272030.9325
Mils,2020,579.9109289204813,24.376769037877814,5.033645686697285,79.01137452922634,0.7482273102932911,0.7571194155619979,854101183485.3665
Fonio,2021,872.3823436060261,25.054707559193663,4.067174743404684,80.16163794576045,0.6814539019916764,0.6935639620150734,890675235942.5692
Sorgho,2017,928.6525046861963,27.36850503114796,4.065732966747298,78.01804633271009,0.6328069500590653,0.6857242410991374,778164912071.316
"Noix de muscade, fleur de muscade, cardamomes, crues",2017,1072.3935693591943,26.749186591397034,4.059018709829915,76.55109185290627,0.6648736120724442,0.6719182414713939,783863361780.3226
Arachides non décortiquées,2015,639.2728701528916,26.954480464479385,3.2181148375663793,74.9999504192737,0.5840366729296419,0.601901746419491,686284249048.184
"Pois bambara, secs",2015,784.348085365734,25.79522466734483,3.239855073202582,73.34085153351162,0.5566084509170529,0.5856581739389535,666087192180.3169
Noix de coco,2015,3189.4463266022376,25.875933769565282,3.1618699751272277,75.14037783880234,0.5999297550768452,0.5734314197586117,688487419267.0743
"Café, vert",2020,542.7603898967523,25.378899454275352,5.00833354394349,79.60551510634004,0.756586152718808,0.739085474597989,852380428581.1418
Sorgho,2015,914.1414325244128,25.802490961185867,3.1452012316142857,74.01378383848129,0.5803070360177874,0.5752926245782322,669661230545.2365
Riz,2021,1580.2725981153892,25.80846718223396,4.011716904414677,79.19793136113425,0.6909905839122941,0.6768556517647792,882683476399.187
"Autres espèces cultivées stimulantes, à épices et aromatiques, n.c.a.",2015,1025.7,26.17372602739726,3.183424657534246,73.75301369863013,0.5778356164383561,0.5891506849315068,676983748351.848
"Cacao, fèves",2019,1034.4854121335782,25.030488163504298,4.965450585606157,79.35110062644706,0.7344306577133686,0.7254789585281165,853664955954.8253
"Manioc, frais",2023,3847.642837844147,25.51223895822502,4.523473125707471,80.45639652032847,0.6642761375827596,0.6845286775492198,992796301019.3282
Riz,2023,1762.077964992656,26.83721013037032,4.59609384247437,78.13064557003628,0.6710541672092951,0.7061123835331268,1009743655633.9719
Oranges,2022,4615.390675638162,25.28547997710769,5.022714591232124,77.5545528887557,0.6810467927312696,0.6752570347628459,942982192782.0562
Noix d'acajou non décortiquées,2017,1427.6536404668423,26.22813075083642,4.090733081766478,75.70694420886778,0.6380070095290676,0.6813156198445263,779747973450.205
Oranges,2017,4650.149277867003,25.601314350797114,4.101800388209749,74.75586521926004,0.6343061575188108,0.6751027958935001,792989661013.8379
"Cacao, fèves",2019,1032.4567257906865,26.03454798840371,5.021620269702795,77.73205730618805,0.7202955712074144,0.727802612070114,865769151098.3654
"Pois chiches, secs",2017,718.877945738716,25.325256974509795,4.01298619901561,77.02359947060526,0.6648758835078051,0.6721468228540917,787745858649.2175
Tabacs bruts ou non fabriqués,2020,443.01481875851624,25.902249118426646,4.815964781960292,78.56872421922591,0.7307338140500941,0.7504732290589012,853083505442.1311
Fonio,2022,844.7702525514425,25.24966013004092,4.99371266061813,77.32804180070377,0.6658916970852076,0.6716691416388382,945221592886.2393
Tabacs bruts ou non fabriqués,2023,421.8524012824949,25.585069394557745,4.723498799496224,77.25549248143409,0.6912745208450481,0.6994511521741702,1007332943048.0024
Tabacs bruts ou non fabriqués,2022,459.94797022475285,25.506398884678454,4.768573702168697,79.6694699997167,0.664260399854971,0.6649554066808356,949775769393.8308
"Racines et tubercules similaires à haute teneur en fécule ou en inuline, n.c.a., fraîches",2017,4907.691751175203,25.166233988709486,4.0942092687269955,76.67378115923208,0.6626610498317628,0.6589481080616892,791617102793.0332
Taro,2018,3222.102368934228,25.06064830038265,4.321595405579802,77.17765315760984,0.6775647255204998,0.6896112561186855,836461980831.9274
"Cacao, fèves",2022,1171.3496401722932,25.609991377302094,5.044490500559998,77.43457685218065,0.6694889549690958,0.7087311484154193,947489601626.0797
"Noix de muscade, fleur de muscade, cardamomes, crues",2022,1079.7747835133414,26.728138399318645,4.736275319706705,78.64990399319002,0.6521149532280235,0.686719011129669,936218974884.4147
Ignames,2019,9056.295026492284,26.417403812962288,5.155427003022231,78.99334509118248,0.7048003695509434,0.718254677886229,864791260967.6699
"Piments forts et piments, secs (Capsicum spp., Pimenta spp.), crus",2016,426.68392535583865,27.07315227148333,4.158544464067933,74.61941248723848,0.6327544213267852,0.6162682873545116,730761131882.4126
Taro,2019,3117.0,25.842027397260274,5.005041095890411,79.60054794520548,0.7189589041095891,0.731013698630137,864816063151.685
"Cacao, fèves",2022,1154.7173518412249,25.157245218734214,4.831843399659496,74.45788118046293,0.6593435812941719,0.656511810212782,945040953715.4263
"Manioc, frais",2020,3933.093332872402,25.830493738286684,5.1489350801963445,79.69390274092966,0.6943963781741117,0.7434868832036391,860802841617.8358
"Manioc, frais",2016,3782.441485508538,26.69363968765705,4.023044692381746,74.8572026795193,0.6217524192543062,0.6440376520155021,736810707845.3177
"Pois chiches, secs",2017,772.5561292796797,26.530768789075648,4.095338841948667,77.08494078526245,0.6342758894936273,0.6562110980119183,796654723252.986
Riz,2015,1672.904121308404,26.38003777970351,3.234577848074178,74.58841200875543,0.5973039987975863,0.5918147763074497,686993216692.4088
Patates douces,2023,3677.167882216182,25.65344164711032,4.623615243637014,77.2833516104718,0.6996963213216716,0.7064946004021702,988560016717.6831
"Pois chiches, secs",2016,732.9615595346384,26.487321247678235,3.9130233593446047,74.61278918291495,0.6104135846531022,0.605402765709863,724407481103.7405
"Coton en graine, non égrené",2023,625.9774960217567,26.006684945866755,4.507198539574469,78.69506189335864,0.6944277469627632,0.6779526332978167,995056311114.2911
"Coton en graine, non égrené",2019,648.9647856886158,25.876714154883793,5.038855292393767,76.51385801027527,0.7032584937934727,0.7501549075774885,861472020868.3173
Arachides non décortiquées,2022,736.222540485526,25.45778106210132,5.001687288534928,75.59439129780611,0.6570053258688429,0.6993324615452017,952003059681.6396
Maïs,2023,1188.7882538065032,27.462505479452055,4.428305225609408,77.51263697996798,0.6805902773126109,0.72811152127077,994678621492.0513
"Cacao, fèves",2019,988.6964209857887,25.753957236295758,5.0574917464700775,77.52137851129845,0.7267685521182049,0.7329291486358884,865239607350.7812
"Pois bambara, secs",2019,746.7521263033988,26.07638310362144,5.1455415915557845,79.8513849027551,0.7112266437341662,0.7429519320457131,860277569242.9647
Ignames,2016,8665.655945009828,27.102581909571605,3.9373298554291285,73.94030773660543,0.5968510048898326,0.6180428724337449,739303487217.389
Oranges,2022,4632.9,25.620328767123286,4.94627397260274,77.37772602739726,0.6615068493150684,0.6768493150684932,940020690899.395
Arachides non décortiquées,2021,756.6820323519654,25.73698540697508,4.06639836119302,78.45649598914089,0.6869067662792643,0.6797302945375828,887826822097.2739
"Piments forts et piments, secs (Capsicum spp., Pimenta spp.), crus",2018,430.72892748753355,25.869656803281842,4.478033784472169,77.1711467623923,0.6832001988395656,0.7016476983769583,820747418729.9846
Graines de ricin,2016,76.19477900068999,26.672197581589607,3.997677222331766,72.65583176977857,0.6264904531052894,0.6156577516891959,720003217180.8497
"Tomates, fraiches",2015,4133.16708609258,25.493679817176336,3.245461994446525,72.43378768793565,0.5751434227360074,0.5885181932529215,675387145215.7806
"Pois chiches, secs",2023,771.2549751590185,25.521244812418114,4.476687578898403,75.86184352349773,0.6623456557645845,0.685826133982738,999674300277.6611
"Cacao, fèves",2018,1027.3729729437148,25.89014487932764,4.560599380110797,78.32686923467114,0.6806219963075794,0.681692470007981,823017218346.2478
Mils,2018,580.2704401901407,25.55723265237382,4.358596314174721,80.01432123856351,0.6952265001477327,0.6795435972551997,816921249703.8229
Arachides non décortiquées,2022,775.9494771867878,26.104539496072938,5.018154148605382,76.21623224449712,0.6644484062087377,0.6897549240844223,934857434932.2112
Autres légumes frais n.a.c.,2020,5234.070687985964,26.28680619490418,5.003733992071435,78.48042434567647,0.7298813111134332,0.7415233148402587,866094313237.9337
Noix d'acajou non décortiquées,2018,1476.7,25.62013698630137,4.461972602739726,78.10038356164384,0.6793150684931507,0.6943835616438356,819305083628.113
Haricots secs,2017,520.6642532851338,26.674806552902556,3.959069956506126,77.15331129198239,0.6490636982572262,0.6675248431563763,785775482140.0646
Noix de karite,2015,4045.5152548418146,26.38268004825853,3.2062125075833996,72.31777016060327,0.5837388514171906,0.5817792955945655,677405701918.0461
Ceréales n.a.c.,2015,940.0,26.17372602739726,3.183424657534246,73.75301369863013,0.5778356164383561,0.5891506849315068,676983748351.848
Taro,2021,3232.8864938998045,25.958848147494507,3.84818217446969,77.43613842770701,0.6608735594122971,0.6865464722920264,892247498527.4154
Patates douces,2018,3618.9347582675223,25.87796432609263,4.5440692848203135,79.15524818206153,0.662958193399464,0.7048171523073024,814705409368.8263
Riz,2021,1626.4923006650085,26.01459415574648,4.084184887962895,82.68314322285497,0.6870256304847919,0.6954129518984258,880791249020.5936
"Pois chiches, secs",2018,720.3388712518913,25.988749744776726,4.636079586124465,75.86697444389927,0.7082872673037152,0.6955228951895992,834325026507.6879
Ignames,2018,8759.374030948256,26.269715415210566,4.441413851239871,80.70935983501727,0.6981880658540396,0.6859373153997858,808622621360.3529
Noix de karite,2015,4030.644435878438,25.721441048894672,3.0789196345274976,74.82100765015927,0.5970200357739748,0.5952305311685745,686414498889.1294
Haricots secs,2017,549.0459668346438,26.66767448288546,4.149627358785826,75.69089239015162,0.6681466620236214,0.6583988930917484,782016516353.09
Autres légumes frais n.a.c.,2017,5170.43529908109,25.959210014920323,4.134235711069823,78.17805992143802,0.6627022222159995,0.6578046653691795,787063521140.2477
Sorgho,2022,899.430748871477,25.899476608427978,4.893537154691634,79.09034445364061,0.6610306315543191,0.6868948026349951,948426459538.0131
Patates douces,2023,3471.840042224527,25.356738336976306,4.502707894535755,77.41313817694873,0.6812807776340329,0.6948649416393967,1001826787499.8063
Haricots secs,2016,462.0847484407294,26.880304913992134,4.065015119384174,75.93535301661159,0.6011477121168461,0.5989220209411354,738353485757.5608
Fonio,2019,892.4134424898508,25.510373537438998,4.91042717067067,81.52162390123176,0.719040501369428,0.7460740026452813,878497767081.4604
Riz,2017,1596.67997349684,26.04068975226746,4.1430702546185945,79.64299366870917,0.6444044260923791,0.6804263846032457,778844106034.532
Arachides non décortiquées,2022,754.960027509749,25.92694963398916,4.946919742890548,75.46850495222215,0.6492474318767314,0.6708962862437041,947068708567.9677
Bananes,2022,12983.720943082086,26.31795109603648,4.767528405172658,73.84160646023501,0.6719814151662499,0.6919136808989885,922277160004.6885
Sorgho,2017,909.5175761180004,26.608408754843328,4.020705519717242,76.38280297561094,0.6518479545762016,0.6697641533361645,781378886051.1508
Choux,2018,11971.240198604104,26.189011787479114,4.5554932090622335,77.62879677261877,0.6690308920600341,0.7131747711984716,817890682735.8185
"Café, vert",2022,578.4329125240941,25.117563437093867,4.915307953959671,79.60575560387903,0.6552836850111675,0.6811127706997245,934244044833.8671
Haricots secs,2020,553.5041941572275,26.10430552736313,5.144464171853253,78.26954784238187,0.7455487903146547,0.7429605885638274,855232965345.6686
Autres fruits n.a.c.,2022,5588.82352554737,25.653225286558957,4.96853829846902,76.38431505019011,0.682579923668588,0.6881380095162853,933185394004.8933
Sorgho,2023,921.7742397472829,25.981141721109832,4.65308226208986,75.76645706992522,0.6824374865798355,0.6903197928745298,984491761848.6704
Autres fruits n.a.c.,2018,5711.599231776158,25.384069718513786,4.463873779264288,78.55580102650083,0.6921643882014872,0.6944670735497575,829342366884.6471
Ignames,2018,9341.604686253158,25.21540104054939,4.540112288427738,77.46305229101877,0.6887722143306225,0.69453472293662,823535307060.3647
Choux,2023,11473.317257444576,26.568690862156316,4.482717582871356,77.40855640856368,0.7018477449036983,0.6823916024914564,1013933801856.266
Sésame,2017,329.8294788333462,25.879243131740175,4.240746860976726,76.83259330414286,0.6341392150610303,0.6585314911999806,781171923104.6807
Ananas,2015,8049.154259639495,25.610707402481786,3.205482898731856,74.58968884843374,0.58639677726977,0.6046352752232065,677942484764.9957
Oranges,2016,4676.765904974043,26.68695377603385,4.065261337230293,71.33488460565955,0.6098870497664517,0.6019367067728499,728268650157.4264
Sorgho,2022,936.2050110740154,25.508014264513132,4.881757984389712,76.5246030312375,0.6610177108310071,0.6721987216512858,941809549620.1439
"Coton en graine, non égrené",2022,666.4354188931109,25.157833482555947,4.96640518236907,78.98991893601027,0.6754198881691639,0.6844334098489652,927746143587.413
"Racines et tubercules similaires à haute teneur en fécule ou en inuline, n.c.a., fraîches",2016,5204.850214772446,26.62169525517584,4.023335835935976,73.75591937407484,0.6106585027067732,0.6211084623620147,737303069263.0579
Graines de ricin,2020,80.18803345990062,25.02964184238475,4.907455230820336,79.36891202536323,0.7462505506273397,0.7419684321751416,864084962213.4374
Bananes,2018,12675.665533418634,25.76962320074882,4.587899759583429,77.56486210216055,0.6957243268998689,0.7074556897555933,820504058921.0857
"Café, vert",2015,388.61251855181365,26.613632114405053,3.1501104413329384,73.63601373518554,0.578024677073375,0.5867515266675263,680855113689.7318
Taro,2017,3139.6236601286028,25.50810846981634,3.943045899842347,78.32079764121744,0.6524843338285506,0.6681966915853659,788604027020.903
"Racines et tubercules similaires à haute teneur en fécule ou en inuline, n.c.a., fraîches",2015,5552.7256747943475,25.500149503814217,3.173024645315565,72.88299067554189,0.5948162721929621,0.5993254275446119,682970625545.1364
Haricots secs,2022,530.5225097697811,26.419792594800406,4.814569660562179,78.59392092253208,0.6681014823274769,0.6760968758162758,931631005933.3673
Choux,2020,11223.397583908101,25.00305589259725,4.910543754003939,78.86578200759295,0.7059340455120348,0.7382176015958487,837778415393.7648
Graines de ricin,2018,78.35379034262378,26.047186229168986,4.6760178140251725,76.12944937046123,0.677588436820034,0.7141857753299464,814586143258.936
"Piments forts et piments, secs (Capsicum spp., Pimenta spp.), crus",2015,445.5353394216104,25.939562507676797,3.326874379352572,73.6148106671239,0.5522291322798726,0.5919784932453169,687409263940.9745
Autres fruits n.a.c.,2015,5865.874255684442,26.609226098097068,3.0805170235421926,75.03785427952191,0.5736238080262078,0.6016798334853899,676769505276.734
"Cacao, fèves",2016,957.8,26.5448087431694,4.076065573770491,73.88571038251365,0.6231967213114754,0.6228142076502732,733416000000.0
Sorgho,2016,858.607151528114,25.411197550693952,3.9662024291384244,71.89148355218158,0.6283096337116858,0.6007921174960665,733258353907.3351
Bananes,2018,13281.582608339444,24.50543350701268,4.451396930441598,79.24724549862168,0.6796929421339747,0.6938400531613599,827026189706.1973
Graines de ricin,2016,80.72259256482079,27.559210424268134,4.011685851192667,75.03610370754802,0.6066579473937888,0.6227164159976926,733982220098.6794
Riz,2023,1755.2600349314923,25.99623224392993,4.292360273972603,78.76274928018069,0.6846608614920422,0.7270695484863788,1004319447632.1523
"Tomates, fraiches",2016,4235.9255048801,25.957730369196536,4.024639081253215,70.19142486338797,0.6332410874705058,0.6372192900595703,735210618451.9888
"Cacao, fèves",2016,967.9170497522135,27.60799528408349,4.166529794053247,74.19477896744122,0.6419088797696515,0.6222020159038849,731008797391.8813
"Tomates, fraiches",2017,4073.0738156687644,26.08936308178206,4.258033588464035,78.31136762393405,0.6528807661003427,0.6472927024514569,810799255034.9628
"Café, vert",2020,491.4097044784084,25.58660049634482,4.99545281263166,79.5977306337788,0.7305068595236942,0.7398340927799015,854017713827.8275
Noix de coco,2021,3566.0875047435165,25.730398835797544,4.078577661917984,81.47070241996481,0.6857367905057778,0.6910237810951487,901961780823.7982
Autres fruits n.a.c.,2021,5740.516633519522,26.26663293102314,3.9758262938813314,78.2136510996181,0.6510497957610515,0.6857182638759669,878527446488.1667
"Racines et tubercules similaires à haute teneur en fécule ou en inuline, n.c.a., fraîches",2018,5242.826698205426,26.742726308449118,4.499465093566163,80.43482633979436,0.6939334051484756,0.6757126503333948,820630616414.0167
"Pois bambara, secs",2022,779.9309546441511,25.35175811339139,4.917238691368541,75.28425851162302,0.653326933178038,0.6960014636923754,939243961791.8496
Tabacs bruts ou non fabriqués,2021,431.5157349339908,26.117448536326492,3.8921910370571045,80.047465662528,0.6886180594767144,0.7057917132333675,885689008826.5023
Fonio,2023,895.9885389497439,25.641029477622954,4.544228637432638,77.57185903118783,0.6852007528136442,0.7057167689800444,1010343586293.7632
Autres légumes frais n.a.c.,2017,4765.348727202584,25.777737948572053,4.101670521431952,75.90741149031649,0.649710996761973,0.6503392090748311,781270644261.7626
Autres fruits n.a.c.,2023,5380.639812394244,25.88752478466847,4.352225409469225,80.58854587489408,0.6837677691973385,0.6720781206369257,993869828799.4928
Patates douces,2019,3507.536961147644,26.375909876370546,4.9623097757945756,76.60283520873537,0.7149971522975801,0.7042718215530102,850567751362.0671
Noix de karite,2018,4096.042102820616,26.70844383076472,4.415679092643814,74.65651733473199,0.6750390550297408,0.7205796640152313,807326827407.5438
"Autres espèces cultivées stimulantes, à épices et aromatiques, n.c.a.",2018,1018.4922059820542,25.570350849379015,4.472011733489792,78.31137339839536,0.669973596771371,0.6719953695957472,811134218203.7446
"Tomates, fraiches",2015,4220.792214096373,25.483126360241517,3.2467806764584393,72.94757709590125,0.5739392024412088,0.5897398311517057,675610074997.6958
Patates douces,2023,3770.4247872055807,26.407807562799615,4.46395140567005,78.92741576537351,0.6941419427410106,0.7077916226429962,999657098956.1401
Autres fruits n.a.c.,2015,5926.823968925787,26.111107804086853,3.1664633342323842,75.00873907917797,0.5731616556587414,0.5982504666345149,678421945273.0007
Haricots secs,2016,477.66752411591864,26.311278414407973,4.04109189267503,75.94162849613228,0.6193441669241989,0.6391531100234199,748193902099.413
"Pois bambara, secs",2022,787.9766926538076,26.90134520547945,4.995511512188818,76.15403082602461,0.6472094741121753,0.6529325214991163,930645463328.7572
Maïs,2022,1220.2731510078338,25.364907001819194,4.897855388731636,76.19555105234517,0.6720684731052552,0.6705316706785374,938170369023.6959
"Huile, noix de palme",2018,8832.699991961004,25.729345142830624,4.4166398168616094,81.45949543623057,0.6831755077582051,0.6920985537009415,820425282632.4319
Fèves de soja,2019,760.647967795644,25.663894396570278,4.9447240850074845,79.0817437646722,0.6943359930093618,0.7533774526196865,866739802815.5376
Ignames,2023,8721.759734698431,25.936117305573845,4.520259549107544,77.77653160630226,0.6987547521855499,0.6907612479093472,992455597162.2947
Sorgho,2019,885.8722212698125,26.24046484059277,4.95223570053831,81.70526504407881,0.7297967283332724,0.6996337896762647,878524414176.7511
Fèves de soja,2017,709.8775563268467,25.74331144152156,3.9244647054272135,76.17431274663616,0.6585778566733237,0.6635855136665205,778116092802.6494
"Cacao, fèves",2021,1121.5666919377481,26.9041205923799,3.936116273066271,79.83257953921432,0.6736951432603776,0.7252767123287672,889079633807.2345
Sésame,2022,324.0705997755727,24.780108925088474,4.999719661745482,77.42242086239963,0.6408029864286026,0.6773944856847542,947150825808.5938
Autres fruits n.a.c.,2021,5715.2,25.92775342465753,3.9432328767123286,79.31665753424657,0.6736164383561644,0.6907397260273973,892399651748.501
Arachides non décortiquées,2017,737.1,26.162273972602737,4.066109589041096,76.52139726027397,0.6475342465753424,0.6606301369863014,783338000000.0
Patates douces,2020,3595.321771767551,25.054502620772155,4.98028270506828,78.28576614084012,0.7317558345993764,0.7448633797486576,861977935232.9073
"Manioc, frais",2023,3931.1638332384982,26.144387633237294,4.594076352444396,79.06232268290891,0.6750392005399729,0.7075212983308335,1010648591099.9224
Sésame,2015,319.39479312189087,25.538491178018674,3.0634756367219462,74.60704356286121,0.5804196084413484,0.5915608252983761,677779946287.4176
Autres fruits n.a.c.,2023,5510.034202772023,25.39253469543614,4.63978260560039,79.89490768499712,0.6909137752787134,0.7044910624486187,996489915556.0408
Maïs,2017,1285.8255920834754,24.99152497283883,3.9483136142258695,77.67963852829766,0.6391181936653462,0.6667453953964335,769396632657.578
Patates douces,2022,3627.87282874357,25.953458913335762,4.984253596305251,78.66049442990254,0.6544345778565313,0.6589592688690776,941793830819.6901
Mils,2019,597.0172799348504,26.602662492002878,4.832634009606931,77.95896105445694,0.70812005077517,0.7165195135371831,859175869325.2063
"Noix de muscade, fleur de muscade, cardamomes, crues",2021,1042.2420382430118,26.30376702361305,3.9005478287558035,81.92020820147559,0.6722674503985955,0.680862790393055,893489515227.7435
Mils,2017,587.1996131109723,26.02216720324532,3.9775366689198535,79.63573258800574,0.6380436768052643,0.6452896064115439,786939985258.2445
Ignames,2018,9150.3,25.62013698630137,4.461972602739726,78.10038356164384,0.6793150684931507,0.6943835616438356,819305083628.113
Mils,2016,632.9170625517146,26.370129218292035,3.9544321040672394,73.10152546672886,0.6328532979769829,0.6212277090894153,741574834274.4329
Noix d'acajou non décortiquées,2019,1464.3384668595186,26.020277789600776,5.198707079127186,78.38089117659534,0.70506637524561,0.7188581256446686,874624152891.1697
"Autres espèces cultivées stimulantes, à épices et aromatiques, n.c.a.",2020,1013.0301495355577,25.069156218205386,4.9890350563227726,78.86278719707173,0.7186277836571326,0.7358964367291932,858734969452.0464
Bananes,2023,13513.116414983588,26.060651470904794,4.58351012318632,80.43018723767076,0.6833949726950849,0.7254160266640016,989392901248.6947
Haricots secs,2015,498.52954032859145,25.656061172517582,3.174892446774207,71.79833688530627,0.5797767958188408,0.6118379869743757,675151563650.7451
"Autres espèces cultivées stimulantes, à épices et aromatiques, n.c.a.",2020,1020.4432132636863,25.82939568760711,4.926910356381709,78.24810740517918,0.7232718241806381,0.7511477019593163,867567494497.4635
Maïs,2022,1202.606228498849,25.732815794012513,5.05548450843721,77.96931317189663,0.6677787016951594,0.6694667202753477,943352983037.9153
Sésame,2017,324.77673579771175,26.302718665640523,4.011461432746805,79.01174322271429,0.6607392944994146,0.6556665754420768,789870026961.4893
"Café, vert",2021,550.2081845652064,26.35790564130867,3.989698501943121,79.34826878165671,0.667301481889555,0.6695630686571746,896247711924.6595
Mils,2016,637.3219648801867,25.902221986589694,3.9729649237213045,73.8072237444595,0.6334146848091924,0.6429423522212881,742038618682.6056
"Pois chiches, secs",2022,740.4412637064164,26.121155608022267,4.961634612739612,79.156628744761,0.6589081751311666,0.6752569072162042,950497176474.7532
"Coton en graine, non égrené",2015,709.6669918754089,24.865039726027398,3.234585025627023,73.62938350026597,0.5803556007817011,0.5944962942314633,683993378913.8104
Ignames,2016,9154.025510910076,27.384904269971354,4.177464428134685,73.00193290883463,0.5920368852459016,0.6488418525196107,725781045091.5428
Tabacs bruts ou non fabriqués,2016,431.9421569698976,26.289985661007222,4.114853618667953,72.49490171240845,0.630446977583993,0.6394214200500894,731758982964.6095
Noix de coco,2018,3915.0960665404164,25.54097823655003,4.455952797293339,75.52061348501564,0.7093192078777817,0.6940840118850979,823042233496.66
Oranges,2019,4783.733055735512,25.44865289202001,4.966325423881861,80.18051702744125,0.7130012513761219,0.7353950353005878,897767278132.5347
Sorgho,2020,932.5603349076849,25.870552365184345,5.059995153474283,76.58929484290992,0.7268321333408785,0.7365467028520387,848393082224.3527
"Tomates, fraiches",2019,4443.413166713505,25.460474636820983,4.95548555845437,79.1951964743869,0.7253229200961793,0.7483138835076216,862052305728.9034
Ceréales n.a.c.,2016,867.8027572615462,27.14793816614778,4.032811976843664,73.19182902605685,0.607318292914139,0.6467915366584178,731938035991.3845
Mils,2018,591.3,25.62013698630137,4.461972602739726,78.10038356164384,0.6793150684931507,0.6943835616438356,819305083628.113
Noix d'acajou non décortiquées,2015,1516.4963592126485,26.574669295945366,3.2352107955289755,72.53704386601018,0.5751685717295787,0.5635636575742767,675010872121.1815
"Coton en graine, non égrené",2020,662.1044649687838,25.384004625667362,5.0390853194339575,77.73605654579666,0.7194035369858044,0.7120300692100962,858213996778.0796
Noix de karite,2020,4263.816161600434,25.286347602441662,4.93294586374022,78.80822390520069,0.728608582542248,0.7624442659988122,845708443755.7004
Mils,2021,616.2270960604299,25.603977490297883,3.8505619727919442,79.53313509460162,0.6716307834209512,0.7212865495596659,880673036402.267
Sésame,2018,325.0,25.62013698630137,4.461972602739726,78.10038356164384,0.6793150684931507,0.6943835616438356,819305083628.113
"Coton en graine, non égrené",2023,702.4144519212646,26.10673880571267,4.58937637407076,77.68464652433696,0.6654979867044252,0.7005998869399422,993928677283.8204
"Cacao, fèves",2015,901.5745605883571,25.124023087353333,3.1933919519398946,73.90985787676819,0.5728043551495975,0.5698496451702393,659758407071.7137
Ignames,2023,8653.73890531396,25.53375299560214,4.348050268631924,78.5662189962089,0.6947878072265462,0.7085031911658517,986376249653.4727
Maïs,2018,1171.7002644623078,25.527987918699512,4.493579517371304,78.95147750995294,0.661617135340931,0.7144384709994286,812957299948.244
Sésame,2018,318.11760459035844,25.08725548264471,4.5048161141307155,79.57803210890492,0.6708468950619211,0.7185394505898699,823864557670.9789
Choux,2019,11149.237141322901,25.0368548218685,4.892698083307785,82.1783206580041,0.6969872967776559,0.7196577997786153,868525897936.9463
Maïs,2020,1322.91608218792,25.44694662806333,4.897341019915997,80.94346647047075,0.7167941463602036,0.7343706012137927,860134348442.4645
Bananes,2022,13786.916612888956,25.1243371592086,4.911805292035614,80.27145140784528,0.6528582174617139,0.6772477494798775,944392927752.9786
Tabacs bruts ou non fabriqués,2020,436.6456343540613,25.46966900694716,5.049609181056874,78.82627522261443,0.758921109876813,0.7508777056719331,849742179394.0507
Autres légumes frais n.a.c.,2015,5091.248190462606,25.68981344201513,3.0988254650820095,71.46507701797218,0.5892921792144138,0.5950092431352503,670244697533.9745
Arachides non décortiquées,2018,733.2149131170839,24.93540998237503,4.385227936201486,76.64339026433211,0.6887456073464082,0.6996619712468675,818349474327.8369
Fonio,2018,854.9205131683611,26.260633852699943,4.543085591488086,77.56247592404937,0.6801492426740514,0.6623699981173049,827069544456.0773
Haricots secs,2023,576.02435236253,26.206444918197434,4.514813411401078,79.33824012671518,0.6722479600215465,0.6933539097054277,983308384097.8356
"Cacao, fèves",2017,1061.0914734121434,26.247420487057134,4.078252733234997,75.18815321399796,0.6778300071217348,0.6508722195571356,789953894107.462
Autres légumes frais n.a.c.,2018,5036.077028417098,25.4775266643243,4.515219729344491,77.14752409186012,0.697905252450728,0.6900526882191234,804098143511.0424
Noix de karite,2022,4563.641892991246,26.07770250130563,4.952816068250057,79.67952096510385,0.6767648660934399,0.6484349961332506,956931167619.2283
Haricots secs,2021,524.6573160288596,26.133985107177196,4.1086631573667445,81.73600369101837,0.6800412082900188,0.6935317941697221,889916239767.0156
Arachides non décortiquées,2016,706.5074974284029,27.371556550332343,4.197170194736925,73.8920027310947,0.6429590542661181,0.645293798842652,733647780155.0135
Sésame,2021,320.2696721300453,25.74431352656205,3.885577214589751,79.58983701586179,0.6733824492560818,0.6846627262155094,885027888588.6985
Noix de coco,2017,3915.184320802927,25.675784505635438,4.073078243815145,76.34447025521888,0.6291319179495672,0.6569642470207635,784889334592.6478
Sorgho,2019,902.4321842470052,25.77555687612958,5.013166895711289,79.1298254669956,0.7295717604790722,0.7306980865044922,864822211060.5675
Autres légumes frais n.a.c.,2017,4947.55312401454,26.407243374578005,4.036454565020555,74.32876484240536,0.6530356657167263,0.6363829485447587,772371484619.0996
"Cacao, fèves",2015,913.3703639955738,26.449787786843075,3.223157909547665,72.59701021600846,0.5926122586732525,0.5914168199203366,686847060721.2183
"Coton en graine, non égrené",2021,737.2858105027916,25.70198695132594,3.984554592387008,78.40316287669091,0.6779615127802587,0.6777486553307036,898109802634.6613
Autres fruits n.a.c.,2022,5522.908323905902,25.354031180594344,4.922664020012992,77.79736524521581,0.6762410281726616,0.6654698292266046,934771640529.8008
Sorgho,2018,861.4321785667192,26.014947492732496,4.337891122911055,79.25361475984619,0.7078191264356913,0.7144115149869271,820229559955.1765
Sorgho,2022,835.0960884913021,24.982667972857985,5.00047898075022,76.6978455072162,0.6466660054743342,0.6864116334133339,940309373595.5846
Riz,2020,1684.5,25.55327868852459,5.009398907103825,78.95647540983606,0.7270218579234972,0.7411475409836066,856967581267.048
Tabacs bruts ou non fabriqués,2015,452.76444392217167,26.118716400064027,3.277922386276774,71.78289643324645,0.5678205423810678,0.5982225231277087,678802071354.68
"Pois chiches, secs",2018,714.5912182690528,26.055449348608473,4.465962991625229,77.41558913805603,0.6785392090220788,0.6953053607535471,814122511464.4883
"Manioc, frais",2019,4016.8042089591095,25.44444234177534,4.9974568779197215,80.69593631820317,0.7134735551177245,0.7247820410906242,879713414461.0867
"Racines et tubercules similaires à haute teneur en fécule ou en inuline, n.c.a., fraîches",2020,5216.1207334391565,25.067163029366984,4.937283886160962,80.57153367278673,0.7352229702167524,0.7438512271564205,853886420878.3597
Graines de ricin,2023,80.00757308511936,26.322946243937714,4.744187671232877,76.8653566225853,0.6785691278047936,0.6682333022718743,996735912220.5228
Autres légumes frais n.a.c.,2019,5093.9,25.842027397260274,5.005041095890411,79.60054794520548,0.7189589041095891,0.731013698630137,864816063151.685
"Tomates, fraiches",2015,4111.946396113543,26.249113648016674,3.2912212765687094,75.4160244619111,0.583633487509724,0.6185553426175038,670423777453.0496
Autres légumes frais n.a.c.,2018,5144.4438641945535,26.486099107182106,4.570186441928937,78.87415345344203,0.6668344885831751,0.6885467390411649,822909513904.3289
Sésame,2019,319.1680964200263,25.900791369834607,4.843530314289547,79.80647750403865,0.713724771698814,0.7184609822437651,867407710760.095
"Pois chiches, secs",2020,781.2609596599492,25.645341219792066,4.953713507578157,81.4919753996557,0.7417225405018101,0.7347287557412983,850124831501.9558
Noix de karite,2016,4038.8,26.5448087431694,4.076065573770491,73.88571038251365,0.6231967213114754,0.6228142076502732,733416000000.0
"Huile, noix de palme",2020,8652.4,25.55327868852459,5.009398907103825,78.95647540983606,0.7270218579234972,0.7411475409836066,856967581267.048
"Manioc, frais",2019,4025.6643918534764,24.916656870586777,4.936594509311791,79.42189910911941,0.7056999955196896,0.7271140916946994,854670015417.579
Noix de karite,2021,4278.567358412254,26.25002570440342,3.8867568463186535,78.64796579179742,0.6536096292916757,0.6897209403384007,896503181750.4349
"Piments forts et piments, secs (Capsicum spp., Pimenta spp.), crus",2023,401.8966436742515,26.140166506259984,4.481055241922061,78.18305090487924,0.6794362838386441,0.6964057115035849,991880174229.7389
Noix de coco,2015,3094.8884255249377,26.37506412735089,3.225841417404211,74.39182175753122,0.5795062803703482,0.585478602438227,685293845830.9934
"Cacao, fèves",2018,988.2103986286187,25.939635183370427,4.5384750984362725,79.3983261694594,0.6620644349198986,0.6998402047699237,823723342557.2385
Autres fruits n.a.c.,2022,5690.805742982344,25.435988409917133,4.924301127280815,73.93784389197815,0.6590519608252068,0.6744330296799602,936788536333.317
"Piments forts et piments, secs (Capsicum spp., Pimenta spp.), crus",2023,424.3458678778935,26.183212977897057,4.607280582619843,79.24434305737604,0.6679039167740695,0.72493569192318,988035292229.2279
Haricots secs,2016,489.8904083814546,26.680444898255686,4.084188320219599,73.33140640600753,0.6308919465230896,0.6060830005147385,730523522376.5063
"Huile, noix de palme",2015,8673.108187832835,25.834448375958335,3.219926024907003,75.47070545664393,0.5645401360999502,0.5732872054411207,685922639018.8318
Ignames,2023,8962.608898079092,26.351870283077375,4.450411673094591,80.91053236339437,0.6941989036746806,0.714350142699935,996531041362.3853
Haricots secs,2015,475.35199622204397,26.416597347103156,3.173369066394612,72.09327334060468,0.5658801076242942,0.5916373071989129,682537719836.5195
Fonio,2018,852.5421807240446,25.153384604796795,4.406186541193837,79.18153737869373,0.6764203311240717,0.6913348412854696,831998844965.3877
Patates douces,2022,3698.0571919668905,25.23973493360695,5.027171421481344,77.3195619477557,0.6491618694442317,0.6868230427961565,954964337218.9543
Taro,2021,3112.3,25.92775342465753,3.9432328767123286,79.31665753424657,0.6736164383561644,0.6907397260273973,892399651748.501
"Huile, noix de palme",2020,8647.309553958261,25.541571808898237,4.97655220040681,78.13659625644082,0.7105231679335755,0.7729498843740735,849379278471.9004
Sésame,2019,320.432747901096,26.095092894745676,4.954197943481725,77.38211978579002,0.7137509166731162,0.7316821724740219,860679609073.6625
"Piments forts et piments, secs (Capsicum spp., Pimenta spp.), crus",2016,405.9641742748188,25.70630107909491,4.1394640406099334,75.8412144050957,0.6211366049214706,0.6279165079477789,732048421257.7605
Sorgho,2019,929.0911090195473,24.670814283215627,5.131717975208716,79.64283417198838,0.716014273642004,0.7436789660113741,872599693472.0608
"Tomates, fraiches",2021,4474.51143941865,26.114966417447235,4.005530290275524,80.64588283042251,0.6854197377912308,0.6807428616872675,897462594162.7054
Bananes,2022,13291.880169867742,24.536325990663304,4.972377755506205,76.32949371892094,0.6739812345303555,0.6826395155695271,939838544906.6044
Autres légumes frais n.a.c.,2016,5006.419307086885,26.485809847896785,4.143064237630308,72.81450099201334,0.6263131965861096,0.6265800508538364,732733471479.9519
Ignames,2016,8496.861077742013,26.478371697228063,4.1169031926669515,75.44217465208192,0.6460342080842063,0.6302312474696209,724601612425.8248
"Pois chiches, secs",2017,789.3107494657048,25.935362023523634,4.069020056078094,75.40016922556615,0.6571742160146183,0.6636814275262873,778031479873.2476
Taro,2015,2406.7536175556907,26.348369883757165,3.1443674821387657,73.48692508577689,0.5824765192554683,0.5764498413643386,669600807639.867
Taro,2018,3080.0479335574237,25.57991963454716,4.567597594518971,77.6466731261905,0.7115671737034129,0.7005332280949063,818136587695.1882
Fèves de soja,2021,1047.3688725450393,25.440776839726798,4.120581750525174,78.8374361334922,0.6561703500297799,0.6973669221815929,894070024419.9722
Sésame,2019,325.7,25.842027397260274,5.005041095890411,79.60054794520548,0.7189589041095891,0.731013698630137,864816063151.685
Riz,2018,1776.7745022558731,25.929439186945075,4.498698908023815,77.81455131695154,0.6652040102100322,0.7027988997888558,812309403224.2145
Noix de karite,2015,3958.4999859470345,26.53651499444389,3.2101591781691514,75.80427492142559,0.5904768641466257,0.5887686623773779,679644244231.6699
"Café, vert",2018,444.1023438473967,26.56165029107983,4.441148431960491,76.7733300076443,0.6788694466111372,0.7040348718549944,808391063906.6719
Graines de ricin,2017,77.97188516097711,26.039823480640315,4.131513508907212,76.71927067563719,0.6570144062338652,0.6575861612400576,784371714951.6823
Taro,2020,3145.981042150749,26.43950695069882,4.866874324517812,79.1606919844131,0.7228231991331511,0.750976517093522,872844433117.2871
Choux,2021,10918.806366245284,25.636043763066958,3.9026544398416725,81.03746948198139,0.650060199656932,0.6786740530697656,895282046662.2107
Oranges,2023,4833.786097839824,26.507229664457913,4.295833112824096,80.23577359595585,0.6836554120684873,0.6980442184231594,1000242893585.1416
Taro,2017,2974.349652266996,26.79020927999073,4.176185489280382,78.13082420522687,0.6444251081494631,0.6452277436902111,785672861137.002
Graines de ricin,2021,74.55524526428604,26.54435602940916,4.125929320281849,78.77222919407737,0.664175743013071,0.6892420386838056,901700792240.002
Taro,2015,2654.1653837063677,25.371240605692048,3.212997395985752,72.2803361215195,0.5709696700890664,0.585308114351842,671356016386.1888
"Café, vert",2015,385.9211072425808,26.069108625928465,3.129734403103223,73.55840453864985,0.5988421180779097,0.5997012580041806,675655954433.9076
"Noix de muscade, fleur de muscade, cardamomes, crues",2020,1032.7898147594112,26.449344121177855,5.058424594676157,79.57748542969551,0.7014115040377438,0.721357637476728,868187835838.7249
Choux,2023,10702.505059015557,25.329479370217395,4.504931538226949,77.70548336515316,0.6796617498654056,0.6948552954582277,1003146190760.2474
Autres fruits n.a.c.,2017,5331.402835458464,26.401070652121916,4.017533322974423,75.59890393081547,0.6368834162334038,0.6736130528919241,774183506214.9916
Sorgho,2018,844.1586768964933,25.79469375916257,4.484677284776099,77.51208873585122,0.6559199608471947,0.6874708108872711,834498401730.7748
Fonio,2019,892.2125245622883,27.13412876712329,5.184939853655247,79.67831297355615,0.740945162224085,0.7131011417454689,864918525359.5461
"Racines et tubercules similaires à haute teneur en fécule ou en inuline, n.c.a., fraîches",2017,5111.097908852416,25.930421341561924,3.998243736110966,75.05605157311528,0.6618727801747689,0.677250396782108,798316660016.4084
Riz,2023,1879.1537761311301,26.710108512998712,4.612159055454326,77.04751129287182,0.6544244363797921,0.70505344554444,989424931096.7671
"Pois chiches, secs",2018,752.8,25.62013698630137,4.461972602739726,78.10038356164384,0.6793150684931507,0.6943835616438356,819305083628.113
"Manioc, frais",2019,3761.354677242199,24.798302675914723,4.968130255751744,76.61546854150488,0.7159701992266541,0.7372844433627862,878565320996.2156
Mils,2017,600.2289409632166,25.75818149078313,3.9873090261799016,76.2339010540038,0.6237643289455697,0.6804318532824495,777122931802.5477
"Coton en graine, non égrené",2017,697.446478797048,26.525388734602284,4.0907171683099115,75.67513633417434,0.6523447826284111,0.6564586594277589,786217353182.741
Bananes,2016,12271.069539052976,26.388588514532707,3.93894152450314,75.82709802871786,0.6131703294721247,0.6197416844560161,742090662917.7119
"Piments forts et piments, secs (Capsicum spp., Pimenta spp.), crus",2020,406.2093644435873,25.006077975548592,4.763148143044616,77.5504920793131,0.723176405546771,0.7633466347948668,851234522646.1523
"Manioc, frais",2017,3893.9789178502606,25.41209010490722,4.106105429210208,77.83986064820421,0.6705491820170691,0.6420502930365792,785876451290.6388
"Cacao, fèves",2015,876.6124132556475,26.585720457085483,3.136940753375311,74.63710034788329,0.56492546250225,0.5717944044767065,674959945245.7349
"Café, vert",2023,526.5297478806623,25.133006842863413,4.346066415448831,80.90164976760862,0.6818512764241275,0.7100752040811908,996064741010.0038
"Cacao, fèves",2023,974.6118025670099,26.468014187751113,4.473249783534039,76.38987418708382,0.6766266190903535,0.694608406840194,996272683274.2112
"Coton en graine, non égrené",2015,747.2143955696473,26.65257126613381,3.117488151738449,74.6134133561221,0.5575010267425164,0.590930275471893,682049101886.2181
Autres fruits n.a.c.,2021,6104.0921146376295,26.162313766355613,3.8890287814820743,78.0183699169623,0.6591258406481193,0.6878471478193655,883563906387.5845
"Café, vert",2020,509.0312371583862,25.326408447160638,4.934337699878737,78.20078044041546,0.7366036599572553,0.7555243848483887,867279486249.2062
"Café, vert",2022,583.7311101855902,25.998871600634327,4.983518782734702,78.24438439605312,0.660370844599243,0.6614416195134337,931039417340.0708
"Tomates, fraiches",2015,4237.535471503025,25.27070132375061,3.186378523012827,75.08891097626086,0.5887012723798991,0.5959383678779447,683919724813.9141
Noix d'acajou non décortiquées,2016,1397.287767103292,25.87908337953205,4.067909380582019,72.07767243308135,0.6334151248812708,0.6394322643612946,750139311621.8099
Ignames,2021,8964.402327688715,26.37910399702058,4.067881891783098,78.5440994288145,0.6585518966419958,0.7060455831703515,903143669321.7751
Tabacs bruts ou non fabriqués,2022,435.86016918653456,25.905851219049044,4.825672532742185,78.0442442324669,0.6618550661368767,0.6771016636868011,930361314635.3723
Ananas,2018,7883.155760571444,25.709120163756136,4.484000709981157,77.90831294490856,0.6862965347930536,0.7128080940948326,815106700564.436
"Racines et tubercules similaires à haute teneur en fécule ou en inuline, n.c.a., fraîches",2022,4761.976048014372,26.287269696744442,5.176916436384336,76.74388610016246,0.6348467707245947,0.6930777843489018,928639913861.0691
Haricots secs,2019,525.8643393025036,26.995466547194336,5.237639774917731,79.59875583815965,0.7318782702244893,0.730520420763873,858859021041.1401
Mils,2016,621.0648932217574,26.91768069243591,4.010976821125201,76.59733889667102,0.6172846893676216,0.628264786544723,733641900092.6548
"Tomates, fraiches",2020,4252.6,25.55327868852459,5.009398907103825,78.95647540983606,0.7270218579234972,0.7411475409836066,856967581267.048
"Café, vert",2019,492.19409359485593,25.285896692880563,4.947732021573334,81.08162557902874,0.7228261649669256,0.7317304254692742,864301760388.8275
Noix de coco,2020,3700.7028274083336,24.951642315993865,4.939018776288483,77.89431033634281,0.7389313232319175,0.740638655063286,860999420050.2463
Taro,2018,3286.702132515718,25.0359949982558,4.495331896840977,77.66421027683437,0.6519910814828589,0.7123093001846736,820801082352.2786
"Manioc, frais",2020,3942.974166407715,25.658519086086578,5.146515523333649,78.3577005546477,0.73196776622116,0.7486682787669273,835415966887.7583
"Cacao, fèves",2019,1051.085079167007,26.493269710705114,4.994960684337779,79.81356791673231,0.7419915924358669,0.7267770328925908,863634618534.9258
"Café, vert",2019,488.66760159137675,26.36693079552579,4.92504873537583,77.82027782136663,0.7240845063864918,0.740413953554561,855742001224.3759
Arachides non décortiquées,2017,712.4317094142722,26.13165682949099,4.104441478736673,76.57316849737516,0.6330286841070256,0.6751887505020596,773050018420.1897
"Piments forts et piments, secs (Capsicum spp., Pimenta spp.), crus",2015,440.0797570990339,26.1165859312701,3.0567444203851224,74.89976033810532,0.5687274823656907,0.5928240232400881,675947795345.7543
"Huile, noix de palme",2019,8538.85292797045,26.231893309787615,5.034189606332846,80.62670741824932,0.7252400143601468,0.7146813319461187,873137553760.0419
Ignames,2020,8937.687172305947,25.989362069084326,4.929243027595809,78.14315339565889,0.7328600273804947,0.7493863839461397,854293785201.4751
"Tomates, fraiches",2017,4308.777315213117,26.45103116934621,3.9856995795896633,76.48177842422442,0.6473616313412047,0.6568497058499694,788790258760.3386
"Huile, noix de palme",2015,8564.95900642301,26.41503240352647,3.139790254935656,72.80145612518278,0.5837231120564169,0.5831456790021318,665897808565.7548
"Racines et tubercules similaires à haute teneur en fécule ou en inuline, n.c.a., fraîches",2022,5202.584313020371,25.019357052126573,4.902134362854022,78.33901687132129,0.6807862541744581,0.6510018709654041,927849648300.9685
Fèves de soja,2016,597.0752941245801,27.448558216078688,4.024615941498156,75.94986889154146,0.6093123600220794,0.6176306522739924,751341638014.3483
"Piments forts et piments, secs (Capsicum spp., Pimenta spp.), crus",2019,421.25070013116215,26.111455247116655,5.110475961310298,80.67655354373966,0.7245590605033831,0.7437364816664677,880608571451.0858
Arachides non décortiquées,2020,757.1211243174502,25.776923888464978,4.999177080270818,77.13445058703577,0.7199918983460596,0.7385034710379843,858470832183.2583
Oranges,2018,4445.562132565167,26.10356685574711,4.434071441080131,78.22799601523685,0.6844822831942777,0.6831770974930071,816196129689.4441
Haricots secs,2018,541.2685685259327,26.327571449417263,4.457915571407143,77.19885049134444,0.7132808219178083,0.6823234525774958,828332695298.5608
"Racines et tubercules similaires à haute teneur en fécule ou en inuline, n.c.a., fraîches",2016,5448.15496522323,26.66500558372441,4.138977273762256,72.38928454481221,0.6246497161104384,0.6387805269513417,744687460437.0082
Sorgho,2018,834.9445492134889,24.916134428389725,4.342822087756771,78.11034436257717,0.6596292199724296,0.6778471874539784,820594861151.22
"Coton en graine, non égrené",2019,651.4231285109136,26.88822664261133,5.126502135530759,78.57677617105495,0.7131831757764989,0.7338479831120247,862881620709.0858
Ignames,2016,8467.182590206578,26.69657017817558,4.073054400089031,75.86397357878313,0.6240297548333753,0.6370062970055603,737063527126.7932
Autres légumes frais n.a.c.,2022,5501.964309057831,25.119784609274006,4.88985296202458,79.98928167405971,0.641525342044312,0.6660517616984182,929059491039.489
"Café, vert",2022,578.2769962685667,25.818525983219104,4.869566830863656,76.61947752396412,0.6661746967896286,0.6964001012009219,932923144514.55
Noix d'acajou non décortiquées,2021,1518.3341935633073,26.423864578502574,4.031905531373463,79.28527207885601,0.6948272541609417,0.7058462596394939,897634641305.324
"Noix de muscade, fleur de muscade, cardamomes, crues",2019,986.0094343285266,26.12043390096106,4.8705702824101405,82.06112874434827,0.7233656421956954,0.7102199928273588,875076729113.3671
Graines de ricin,2018,75.55254801086667,25.042090925638675,4.4717711791335795,76.09259067093679,0.6660460000417973,0.6787472114610614,821261490804.7394
Noix de coco,2016,3599.9136429929986,27.11496045853925,4.042109446645417,73.68500900502785,0.6334670842814005,0.606949588058103,735665909795.4724
"Café, vert",2016,367.1749032794059,25.99020622689348,4.1040057352003165,74.10732648470257,0.6237323014517567,0.6270226423994296,736367102046.531
Riz,2021,1686.9,25.92775342465753,3.9432328767123286,79.31665753424657,0.6736164383561644,0.6907397260273973,892399651748.501
Ignames,2021,9037.1,25.92775342465753,3.9432328767123286,79.31665753424657,0.6736164383561644,0.6907397260273973,892399651748.501
"Autres espèces cultivées stimulantes, à épices et aromatiques, n.c.a.",2016,1016.735094502328,26.244525531922584,4.055499425393785,73.81669581104853,0.6309905553937507,0.6374637342950522,728776006356.7288
Ignames,2022,9326.287221896853,25.07958237621355,4.99878620606439,75.27516324376866,0.6668513367679451,0.6688110466301034,954958239307.5203
"Coton en graine, non égrené",2020,662.5558367674496,26.276770725368934,4.974837819613435,76.49559465081083,0.7286778706736816,0.7257927359726856,864245974731.6486
"Café, vert",2016,399.8056985765299,25.969630109467687,4.1456942526234855,71.88391318484928,0.639292396716854,0.6281725075148489,734279277983.8652
"Huile, noix de palme",2023,7988.039778232753,26.326419277948922,4.553107965583072,77.48144571369427,0.6708703062810544,0.6896021893389558,995022144888.9485
Riz,2016,1610.3708501567562,26.747063563728098,4.0820687947374115,76.03469397948137,0.6214127660406049,0.6193091778301155,739964407582.3472
Graines de ricin,2016,78.46931447202401,25.39392588820058,4.075423298503543,73.61006064571299,0.6025713905578611,0.6099279795265609,730802857694.5885
"Noix de muscade, fleur de muscade, cardamomes, crues",2015,958.1,26.17372602739726,3.183424657534246,73.75301369863013,0.5778356164383561,0.5891506849315068,676983748351.848
Riz,2019,1661.4260763070306,26.017462012024872,4.942358846221772,80.5428875747,0.6830109589041096,0.7193364518528919,847842397250.313
Noix d'acajou non décortiquées,2015,1538.507117888457,26.2828343518515,3.112588499162475,72.86596090058174,0.5624626989501288,0.5843877397365747,684096686502.1897
"Noix de muscade, fleur de muscade, cardamomes, crues",2021,1035.6486908918241,26.25045752686102,3.9330452930041626,77.09052377062814,0.6881948362440863,0.6919634544301081,902768172972.9391
Oranges,2020,4627.740996424531,25.815839621127726,5.05439141281271,77.0696589178736,0.7466182080292189,0.7139641230972328,858223364901.8893
Patates douces,2017,3405.3305833410973,26.17968293581859,4.063454900930578,76.1458237724828,0.6349371026922901,0.6572421817383298,784297865794.4464
Fèves de soja,2017,700.8610387669335,25.865979857173176,4.097334344389852,77.91633355578142,0.6554834501007466,0.6639045343379093,787868902040.4965
Haricots secs,2018,535.9291975377482,25.681116700998505,4.433458963890177,76.45668177454228,0.6698556803473115,0.6896979836689097,824581332942.7029
Autres fruits n.a.c.,2016,5941.9,26.5448087431694,4.076065573770491,73.88571038251365,0.6231967213114754,0.6228142076502732,733416000000.0
"Manioc, frais",2017,3824.028682634727,26.103136461589756,4.198391153745314,76.78734423574173,0.6500335177377317,0.6344434895253871,792737259874.923
"Manioc, frais",2022,4064.5726186254783,26.04219529578667,4.871986033251685,76.64446876179238,0.6746051485481936,0.6778819986906436,943181695972.5876
"Tomates, fraiches",2022,4292.458099897156,26.134565292595063,4.931167037446294,74.51870420986596,0.661084808623292,0.6653099607347417,942343610840.3835
Mils,2016,617.2893139034438,26.865939949958282,4.090822805529269,73.78025116282814,0.6309750140068032,0.6212850615582215,726299323019.9578
"Autres espèces cultivées stimulantes, à épices et aromatiques, n.c.a.",2019,1027.5967529670313,26.95711089623268,4.95423855897256,80.93870621152873,0.733967508944822,0.6984681735919132,866766126425.8356
Ignames,2016,8403.446612451475,27.620563540752595,4.005983369711951,74.39524919641106,0.6327404519220483,0.616948715082254,746222626850.1814
"Café, vert",2022,571.9744404468003,25.276560712000293,5.04569659514007,77.61116191053316,0.6892957231189594,0.6645807770641112,932787241913.7754
"Pois chiches, secs",2018,726.4770192720595,25.877993533634815,4.440549077604984,78.64186928799225,0.6588273340164125,0.7126755017300349,828279097458.3252
"Huile, noix de palme",2023,8228.295428856707,26.714840504534937,4.614863052395346,78.33219485888588,0.6787293498412892,0.7158445688201152,990042098327.702
Graines de ricin,2021,79.65260718957272,25.042604470735768,3.9449986733601397,78.87061538264058,0.6955970497301286,0.6976210875750231,893799102513.7924
"Café, vert",2017,429.7412733527981,26.60573080634391,4.154186620827146,78.73463344286183,0.6621710535354688,0.6747009762882078,790923387004.1194
"Manioc, frais",2015,4051.4984766865123,25.534626397059327,3.1972333657259364,74.99317094665051,0.5804870997943635,0.5918298147946895,680249425729.0256
Ananas,2016,7817.0950668513,26.639816258407052,4.044983625653969,72.8445734292652,0.623577215416068,0.6338995747584074,727079767459.7496
"Huile, noix de palme",2018,9033.718388677074,26.19428185732272,4.4976447347231865,77.76337016818931,0.6545564510495566,0.6754037167897222,830080185255.8912
Fonio,2019,872.9776301003254,24.74486962037142,5.029081572057273,82.5498257470071,0.7259427013417377,0.7545469301262887,863502791023.244
Mils,2017,585.947470881666,26.225588737495865,4.002108246026368,75.75134806407989,0.6407297594966759,0.6467439561575208,787967689482.5989
"Noix de muscade, fleur de muscade, cardamomes, crues",2021,1100.703046497695,25.82498473944862,3.9510572090614313,77.23312848135622,0.673878615910643,0.6774725833069152,899262324463.621
Noix de karite,2016,4304.8182325427115,25.9726902944537,4.13520452705257,72.88928252051123,0.634072562356425,0.6321696296064787,733904097819.567
"Racines et tubercules similaires à haute teneur en fécule ou en inuline, n.c.a., fraîches",2019,5115.996727164419,26.04544772372934,5.047820489872298,79.06953835789697,0.713627728516009,0.7331142528562586,859807461920.1636
"Manioc, frais",2016,3627.186323884402,26.993042119944917,3.931472285546954,73.4002411836165,0.6322906996185542,0.6201725800223169,736125656917.0448
Maïs,2016,1218.9063999698287,26.223569079184436,4.026577894020873,71.33143423696265,0.6245943108021639,0.6295434611200219,743321362079.5845
Autres fruits n.a.c.,2016,6072.876590366393,26.274894494817705,3.994374798941388,73.61764933747261,0.6138207804437535,0.6081204635606817,735471034278.6906
"Café, vert",2018,451.07653479053613,24.467526197210102,4.385831081836975,76.84724084928413,0.6679681117747598,0.6956408825234308,818817664121.9553
Ananas,2020,7752.049671014089,25.32015334573303,5.056306498561494,78.77661465702332,0.7184837321494437,0.7040901639344262,859029641287.4633
"Coton en graine, non égrené",2021,740.5509234551082,25.521700882199287,3.9653494687125685,81.34507224283837,0.6511251540179543,0.6940186338242176,886794991986.7319
Taro,2015,2583.1379216776345,25.56587683498694,3.2027028150281196,71.96653928435246,0.594504441809539,0.5746369281074357,669330488509.1512
Arachides non décortiquées,2023,795.924932102228,25.543486696046475,4.5356402677295655,75.57978006890608,0.6696025718877086,0.6932543006448164,1009292097965.2063
"Manioc, frais",2017,3864.1986103652093,26.20288380930454,4.118795922557026,77.4023118271242,0.66713437648005,0.6533209772088423,770380167874.6001
Autres fruits n.a.c.,2016,6001.803583072004,25.748772639144484,4.202621461064403,76.43664943873064,0.6207183238985963,0.6155380494919287,731022855601.0063
Arachides non décortiquées,2019,751.0050390248063,26.0564434229545,4.882937648550613,75.82142020993943,0.730656852017496,0.7196396645569144,857722078287.008
Noix de karite,2018,4247.917922086758,25.38293715547246,4.543406251734791,76.73397915979923,0.6767909896075308,0.7012294619036521,828970057655.1749
"Coton en graine, non égrené",2017,674.0997603451851,25.71270716382233,4.051098419286848,75.94318104146714,0.6219364334472323,0.6709123898249778,789758879436.2539
Arachides non décortiquées,2020,778.5420671691577,26.52303852416346,5.047325314639661,78.28681196933125,0.7132737704273678,0.7460294589195441,854021269447.6531
Noix d'acajou non décortiquées,2020,1499.4635844224313,25.803477735055914,4.891476562372849,80.89035189934316,0.7357049383113934,0.7413568858975659,857581872135.8756
Autres légumes frais n.a.c.,2016,5352.8204145557775,26.186414443031886,4.009829917462049,76.3428054504152,0.6033978971685741,0.6285744303974289,737191080626.7388
Sésame,2023,327.8906813879196,26.307146470533766,4.531236743005383,77.39771877380159,0.6748536092480285,0.693777175983725,999881288039.7002
Ignames,2020,9147.89037493172,25.484227570590384,4.8341437103862335,79.36198817797703,0.7152448263807272,0.7567348165467461,846470829720.448
"Racines et tubercules similaires à haute teneur en fécule ou en inuline, n.c.a., fraîches",2019,5106.2511871813895,26.200669093873422,4.98988911332601,80.29261523564739,0.7013622229032707,0.7182423134473155,851366920925.1586
Ignames,2022,9329.025793241924,25.785877594344512,4.8162494970987355,80.1236437681507,0.645371824713817,0.6430068493150686,932505876596.9609
Autres légumes frais n.a.c.,2020,5273.265013213412,25.805377613778404,5.008012015279722,80.129453219483,0.7229818190957547,0.7313499582562235,865981521928.9136
"Tomates, fraiches",2021,4093.7685321796416,25.337898221520845,4.064334898649008,78.33092507870471,0.6779120607474639,0.7012750226946008,905583819790.348
Ignames,2022,8926.75523555967,24.787714467268554,4.978004036644108,77.0699044275798,0.6508105405048399,0.6770563006596504,930505632245.7064
Taro,2015,2603.6614355858283,26.58791314097965,3.0451965125360756,73.5732658657981,0.5888058756591015,0.5681456426866748,680506522977.519
"Noix de muscade, fleur de muscade, cardamomes, crues",2020,1052.0804551904582,25.060978704202487,4.99188576778688,78.01116049183759,0.7260435041449054,0.748434087853544,859461625247.3931
"Manioc, frais",2022,3989.19952594126,26.725451336332032,4.935901723776056,76.4731183839258,0.6784570707293068,0.6842130702358705,932579387427.9011
Patates douces,2017,3572.0252733383413,26.465435419198684,4.20338275963405,78.68041613132938,0.6491065490257978,0.653501432194786,777266448648.7659
Bananes,2018,12346.365914356635,25.8669430707106,4.420054634306344,79.60443483093901,0.6845999382241365,0.682360843031643,828957450764.9902
Taro,2016,2565.2835315737907,26.10690644880076,4.032925283629687,76.24079989277944,0.62679706207803,0.5993421435421876,728862120365.6292
Sorgho,2016,842.4184628761508,27.66449379330008,4.044020176363425,71.25058069974259,0.6046975967435317,0.6040106127155493,726761813829.3447
Sésame,2015,324.0908061967881,25.96032684230492,3.0485169996846166,75.20615268563111,0.5839681950067936,0.6014355630074635,687334386030.0038
"Noix de muscade, fleur de muscade, cardamomes, crues",2020,1006.9916593206982,25.32878279779888,4.838595397155558,78.2546331241323,0.7277561775427474,0.7174090327067626,862930241571.8953
Taro,2022,3064.8629216527606,25.646216137595083,4.922531136264953,79.0379561438048,0.6633750859118225,0.6728750774117577,929576425299.29
Autres légumes frais n.a.c.,2021,5078.22908639741,25.306646526941044,4.022424375128132,79.80731601120351,0.6637075692107336,0.7185366594977939,896087682551.5419
"Noix de muscade, fleur de muscade, cardamomes, crues",2018,993.2262176398193,25.76043087860471,4.472876514653679,80.38045965726204,0.6988123609466773,0.6955173119888473,813724877956.0753
Noix d'acajou non décortiquées,2018,1588.832920546278,24.920197068113083,4.3578446597260365,76.20804156876902,0.6801343079881457,0.6713457166560491,815912474578.4113
Patates douces,2017,3403.3241220405203,26.71830667636734,3.994263542868781,77.01307054565088,0.624516100111984,0.686229193815558,795257788066.4379
Ignames,2015,9291.274621320346,26.39868621919442,3.152667665714377,71.75488617896168,0.5833238672653095,0.5852604198739068,678235662266.3003
Mils,2022,594.4077859443602,26.90134520547945,4.999589554546455,78.71309933956161,0.6466884267419254,0.6566117896477495,933640200712.3257
Graines de ricin,2022,80.64405059393162,26.034333900903945,4.879634026996778,78.3586929753408,0.6605063634791655,0.6791071057136617,939680791769.2501
Autres fruits n.a.c.,2018,5586.570032628587,25.275509813781113,4.439935258185374,74.67903909946048,0.6818281929043662,0.664373931064389,813210001617.5018
Fonio,2021,898.6461274811766,25.63983544450068,3.9480047900518813,80.9228249408984,0.6809963065713397,0.7168166278064457,902137566182.7655
Ignames,2019,8806.480250958437,25.98963772791761,4.898493797852336,79.46824529111791,0.7524591481567373,0.7328663716402617,879089365683.8176
Oranges,2015,4819.839388652731,25.833808600942493,3.2354123844472613,73.18324231863545,0.5749816910329116,0.577083711354109,668779298233.0275
Maïs,2016,1223.5,26.5448087431694,4.076065573770491,73.88571038251365,0.6231967213114754,0.6228142076502732,733416000000.0
Bananes,2018,12868.602053697898,25.35402721370028,4.440004256242443,77.30103072371647,0.7014149648119611,0.685112129841242,831532566213.6406
Autres fruits n.a.c.,2020,5395.906200220542,25.48566306587581,4.9517687530893015,79.71942865209975,0.7443242705917433,0.7620951187896439,856497549193.4349
Autres fruits n.a.c.,2020,5252.545165451377,24.945105415383214,5.13201386486551,77.95508363481004,0.7252347522818257,0.735559578875028,860476543545.788
Noix de coco,2022,3768.4516617336917,25.822864460265432,4.961184950922968,79.1190332448445,0.6635517874238084,0.6812594692889624,959348318307.8625
"Pois chiches, secs",2023,785.7143708612872,25.686439944513253,4.52432942279841,76.65300355618828,0.6869516456233657,0.6800917818075146,988715518387.6715
Maïs,2020,1219.890053390474,25.71729290814857,4.922993076448783,77.28834828208954,0.7209396174469757,0.7381779104734711,858711705001.0244
Ignames,2017,8793.092328374385,24.8541602739726,4.0247825964715735,78.26098679625952,0.6348609276098524,0.662064876277086,782620424581.8627
Patates douces,2020,3600.0045329334375,25.55416576425684,5.026712027728564,80.91008534157157,0.7319915936285203,0.7279253799863002,865828245080.1282
"Piments forts et piments, secs (Capsicum spp., Pimenta spp.), crus",2015,419.69532118213016,26.1178536893938,3.258078012948872,72.82018729889157,0.5832645879468185,0.5819435778484247,687765852562.1514
"Pois bambara, secs",2018,752.3155919756348,26.64613887506121,4.353019241529926,75.49116076325893,0.6742257536479836,0.6870091269901032,811812059439.2777
Noix d'acajou non décortiquées,2023,1486.1968462548152,26.708944356561584,4.488678243150929,78.91477730935759,0.6750876441825857,0.7064404254893429,1017890198120.9838
Fèves de soja,2017,701.7515509556787,26.78784274806269,4.1844790080153915,74.47855228972833,0.636669754601047,0.6418984147480153,781555590899.1418
Haricots secs,2015,488.446467125921,26.525837549041643,3.2105228848550875,72.04036474694715,0.5871302000708352,0.5858494733208827,680035033643.9525
Autres légumes frais n.a.c.,2019,4771.562440265751,25.94061752114408,4.99782187379701,80.228969903164,0.7138939622113346,0.7246260166572951,854340175930.85
Noix d'acajou non décortiquées,2021,1562.152013538728,25.88141622171675,3.9155019828738,79.92128694870578,0.6699801290961107,0.7059300105805265,898033484663.6556
"Noix de muscade, fleur de muscade, cardamomes, crues",2022,1067.3357876214156,25.765159734191336,5.05311526347871,76.03607020171302,0.6550314508383986,0.6731465900138527,950278901883.7809
"Autres espèces cultivées stimulantes, à épices et aromatiques, n.c.a.",2020,1029.5588734236994,25.251277021506333,5.130685090232972,80.79677733566409,0.7293568528302741,0.7176856027202028,861182852776.2025
Mils,2020,581.0566898241109,25.088825820104727,4.843498496440374,79.63601116477138,0.7457877818117009,0.7459369100175698,858187855415.1931
Ananas,2022,7931.667132459903,25.5240665101216,4.897167737500163,76.23542506709103,0.6409198018069233,0.6703024036823583,917035531554.2181
Oranges,2019,4696.387170846741,25.662045642002628,5.020165487144636,78.53587595796935,0.7298987397518947,0.7325888906628772,866991696003.0381
Taro,2018,2977.433081314605,24.797342826786075,4.451347336090306,78.02738563874675,0.6812201695877727,0.6955352177477669,807023177743.0195
Ignames,2018,9457.912834092589,25.195300042381085,4.454134127538817,77.28429485907556,0.7082856750691442,0.7110865034112777,826481283177.9641
"Piments forts et piments, secs (Capsicum spp., Pimenta spp.), crus",2015,436.4892405942274,26.04243732606818,3.1556828186089865,74.88583016595481,0.5713019402308003,0.5995512931730436,678017995821.3838
Fèves de soja,2023,986.2518970073529,25.403561310708074,4.544694088830943,75.99860241905273,0.6806830804090684,0.6953083804570258,1002128194473.4126
Riz,2018,1601.2871487230402,25.939360789038886,4.569974118358845,78.55946667568102,0.6971387829130636,0.671647347258347,811980117981.7142
"Cacao, fèves",2021,1126.452135065753,26.074727894035515,3.910065447979331,76.7352800865411,0.6619733625095064,0.6891140931348119,896620420650.8254
"Manioc, frais",2018,3931.166748557429,25.593490167559196,4.23887397260274,75.47776312847766,0.690268877072184,0.7052757246834916,827208510961.5404
"Piments forts et piments, secs (Capsicum spp., Pimenta spp.), crus",2015,399.38784392310913,26.294496647355935,3.257034018384093,72.80606766109219,0.5830458319266735,0.5952650337344115,673818279177.4904
Noix d'acajou non décortiquées,2023,1514.1880239898094,26.323752364633663,4.604024473376145,76.36120227079894,0.681472897622679,0.6955122430529688,1002948187763.4916
Patates douces,2018,3688.089852033033,26.290769458539287,4.491839865815877,76.59191030702823,0.6866554444715391,0.691976124034048,830683118764.2101
Sésame,2015,314.4734446544306,25.668863689008017,3.250511400378694,73.02448265349258,0.575719815867324,0.6055583390989631,677644693842.863
Maïs,2021,1221.556547909257,25.96164105136217,3.8860072708164677,80.07411307608352,0.6705789253540351,0.6905573322879143,892228195119.1064
Tabacs bruts ou non fabriqués,2020,462.63918023659716,25.868236588881842,5.073462387691977,77.32405363032667,0.7267179359809761,0.7305454762726368,850725074589.1511
Riz,2020,1716.2148620221174,25.342392357996456,4.928852944889486,80.72999675609788,0.7397944174128882,0.7487324659451838,842250639877.416
Ignames,2016,9343.849805956495,27.572987948648013,4.014522489403253,73.66051785889027,0.6475356407892588,0.6152744912616047,740394761202.6239
"Racines et tubercules similaires à haute teneur en fécule ou en inuline, n.c.a., fraîches",2021,5473.611030541786,25.68280112968697,3.879919354114046,78.95160006780176,0.6686198946362313,0.6877831706705061,880295292501.151
"Manioc, frais",2022,4011.7487265579566,25.032905607579096,4.913063749838977,78.61566857046935,0.6502645657333551,0.6827295846183395,947670294913.8846
"Huile, noix de palme",2016,8821.457877213163,26.990380480079658,4.104204081629169,73.45167565366079,0.6005573972868363,0.6144495578730962,734758216568.324
Riz,2022,1715.8376771054357,25.458143100791062,5.01920384743415,80.32574198506782,0.6556995617420224,0.659832539670399,946343831074.1626
Bananes,2018,13402.004908899116,25.976289844400014,4.474732331883824,81.66920863820856,0.688941201745648,0.7257935199464519,803366909785.947
Choux,2021,11072.25437619375,25.70800473747214,3.9022254377553764,80.54401170851047,0.6666427550151798,0.6941361020997612,903675128722.7559
Tabacs bruts ou non fabriqués,2016,443.71932210316425,26.417539063897657,4.097156179311889,72.2487585129601,0.6221520592626577,0.6350925549143736,737571273755.7264
Taro,2016,2595.153675714782,26.202047048340134,3.9588701435227525,74.21483710744062,0.6148939888795916,0.6539549180327868,730078197913.762
Tabacs bruts ou non fabriqués,2016,425.6656160941372,26.421885099912778,4.220375486617253,74.38622516837502,0.6186045580409192,0.6339542812127877,731227527391.8517
"Coton en graine, non égrené",2020,723.0428828691025,24.877061145142143,4.972445659823254,79.37129307189409,0.7296834643551205,0.7475296504500704,854186940482.9208
Choux,2018,11568.614849892594,26.08685743319487,4.498160235981529,75.60258374277618,0.6873748987960039,0.6802628992047008,807999278937.5299
"Pois chiches, secs",2021,778.9128175817606,25.617485319351758,3.857858579372845,83.26293237394869,0.6782346289933506,0.7179871530142403,900792413763.2584
Autres fruits n.a.c.,2015,6423.541091569496,25.51926380593589,3.262456825608685,74.95232945607908,0.5786744344094572,0.5784571118435852,685641890951.7162
Fonio,2020,873.3969001111677,25.246304186484775,4.877574990494151,80.8056053704912,0.763372950819672,0.7435665243691715,863273301317.4077
"Autres espèces cultivées stimulantes, à épices et aromatiques, n.c.a.",2019,1017.244563419378,26.339474607761684,4.983744791470786,78.52873923805068,0.72737277832128,0.7254377590382355,853935759885.4221
Mils,2021,557.2299300809769,26.765440200024962,3.8945927965856395,81.46537481690564,0.6477787984129323,0.6831733530662606,887042327166.5554
Arachides non décortiquées,2020,740.5707495092009,25.822966500787725,5.1962961197417705,76.96193011956277,0.7422889453098547,0.727476145470773,863569291153.5232
Riz,2022,1774.6992078633853,25.261476243364665,5.0605220000686035,80.6751203507906,0.6447701509393889,0.666795225611716,938490103975.9683
Arachides non décortiquées,2015,662.8626950371511,25.784377277350988,3.0803043976814184,76.78957591779228,0.5780127693640402,0.61600548661978,678246665401.4655
Taro,2017,3176.7352498769415,26.68346385444446,4.022619153677335,73.75910833109003,0.6346476292514143,0.6811161352962127,805651532057.5444
"Autres espèces cultivées stimulantes, à épices et aromatiques, n.c.a.",2022,1028.1137374483792,25.475076269001818,4.998313237480518,77.61673142000176,0.6634001932057164,0.6826252183057023,941475321473.5802
"Huile, noix de palme",2019,8780.418339417663,26.0816088352398,5.004533401495907,80.05264538432951,0.6921206383749565,0.7276856952388999,872764842833.7845
Ananas,2020,8107.379270075282,26.097146261528525,5.0764128955116545,80.17860732811043,0.74099225526454,0.7353125914794028,846450030171.3955
Bananes,2022,13947.789882589805,25.615192497566383,5.004691170925818,78.82900014196895,0.6720828763351538,0.6712863343267987,940732473727.5598
"Café, vert",2016,383.05346592344273,25.90577851724771,3.9439571645920184,74.28841030141338,0.6280381971635892,0.6217772378377079,747843117506.8898
"Pois chiches, secs",2019,718.7494143710356,26.256806183918684,5.138957039404379,79.4699282433089,0.725094433748067,0.7345537599186728,859864216518.0422
"Noix de muscade, fleur de muscade, cardamomes, crues",2020,1034.6715904200823,24.725857587902382,4.881069711062971,78.62257665054736,0.7252240472346589,0.7250122216277377,857649775823.7911
Noix de coco,2017,3862.094648925347,25.847083640156296,4.07460486113441,75.60195517361713,0.6501076673341527,0.6628508916404365,765990714342.6677
Sésame,2016,323.0079472410229,25.967415715833475,4.220140602197766,73.07457362552078,0.633395312583236,0.6183944721138451,728477853028.626
Mils,2022,606.8120390357496,25.166234492973302,4.765350886772178,78.804129069103,0.6791440380310457,0.6953711438011742,939351930017.3914
Bananes,2023,13904.990571698805,25.75482119106978,4.5887301939692104,79.62955069791822,0.673273886500216,0.688680149011216,992075770061.0631
Ananas,2019,7880.9150904130665,24.69359705109404,5.009659347951785,80.58167024010933,0.7396221270616399,0.7326555648118404,870332880034.663
Ignames,2020,9376.040335421334,24.78894357553965,4.905506378700056,78.31766790325187,0.7476226628739268,0.7421500042970849,842751575000.8802
Sorgho,2023,935.2593640845416,26.74401738637005,4.5920191955678,77.50904696089417,0.6952843618664606,0.7075201230007055,1023358378372.0262
"Piments forts et piments, secs (Capsicum spp., Pimenta spp.), crus",2022,430.69058040079926,25.893571583352767,4.819286900259272,75.08171054022223,0.6604667570005066,0.6874856583783919,943631914595.0197
Noix de coco,2020,3671.1403193221886,26.107571662812173,4.798383695517505,76.39883341772118,0.733817015992869,0.7463401841631688,868538505592.6243
"Noix de muscade, fleur de muscade, cardamomes, crues",2019,1021.0531470964288,24.98504647799478,4.942980921633729,79.75996109133727,0.7271334971557557,0.7363542216451566,876694096380.9734
Ignames,2022,8852.540905240245,25.590816993876725,4.858994572579522,77.6428610858552,0.6693185555370983,0.6491264338824769,913976139632.1813
Mils,2019,605.1680350968248,25.578506403775698,4.859120403308686,79.4403923772598,0.7312716981550217,0.7161606976188274,866295351329.5872
Riz,2016,1653.6,26.5448087431694,4.076065573770491,73.88571038251365,0.6231967213114754,0.6228142076502732,733416000000.0
"Pois chiches, secs",2018,730.7944615963918,25.134163104434347,4.537773179009992,78.8579936801858,0.6714752583823568,0.687617454336687,825152362665.1445
Patates douces,2017,3444.6,26.162273972602737,4.066109589041096,76.52139726027397,0.6475342465753424,0.6606301369863014,783338000000.0
Ignames,2016,8938.5,26.5448087431694,4.076065573770491,73.88571038251365,0.6231967213114754,0.6228142076502732,733416000000.0
"Autres espèces cultivées stimulantes, à épices et aromatiques, n.c.a.",2023,971.8411656062576,26.170508352765445,4.4321809732962825,76.64385394846119,0.6899829016816489,0.7296493150684931,1001053710962.4592
"Autres espèces cultivées stimulantes, à épices et aromatiques, n.c.a.",2021,1031.4062724145872,26.477633496131922,4.140394520547945,79.7062316076065,0.6806889412375422,0.6916917601225782,894838629215.8458
Taro,2015,2665.537148192862,26.166588946003873,3.2266840455217713,72.92394976668477,0.5658952705090768,0.5711324166696041,672615495575.7323
Patates douces,2016,3253.333058664155,26.978413158991206,4.005837003242676,74.4017324830906,0.6286448093097635,0.6299111916861251,737428344583.1824
Ananas,2021,8042.219162033649,26.37977174598124,3.9826669722060046,79.80367585615797,0.6673749297693026,0.6904002360280682,881572935761.9235
"Noix de muscade, fleur de muscade, cardamomes, crues",2020,965.9098317620318,24.825153866033233,4.9332042456129015,79.2885112921462,0.7292605089895446,0.7333066841999176,861785601334.1648
Tabacs bruts ou non fabriqués,2016,463.9313874176552,26.13917446019167,4.099207531939816,74.87834432590454,0.630476754400094,0.6210909144873922,733425260951.3486
"Noix de muscade, fleur de muscade, cardamomes, crues",2016,970.0593162590876,26.210891480180877,4.154470435165627,70.98253628372248,0.6176443914133354,0.6251488671374115,744051672999.8395
Noix d'acajou non décortiquées,2022,1536.7243971392993,25.137215613693996,4.947881032976168,77.18396419350726,0.6617656738638218,0.6913095765432095,960026236663.8539
Haricots secs,2019,526.3198211350474,26.41039500280656,5.105182497364355,78.86519272285969,0.7044342669877068,0.7435903547060867,869136868341.3844
"Coton en graine, non égrené",2023,661.5188407820918,25.85783524588508,4.575921971174437,77.2067316296993,0.6530372304686599,0.6803162903534874,993192760428.8777
Tabacs bruts ou non fabriqués,2020,447.9200177548035,25.254513128253144,5.017277067837649,76.28699485968903,0.7268288273874273,0.7492470193941081,853084865330.0449
"Pois bambara, secs",2023,780.7935654265879,26.122328452892326,4.518992279082979,79.78904890041903,0.6844982159549159,0.712965654947923,991113018102.3026
Noix d'acajou non décortiquées,2016,1468.2110079235363,26.255754632350058,4.14837765232667,77.57999590163934,0.6271455070376535,0.6224139867303805,730178089338.4595
Taro,2019,3144.0242293741117,25.919899437955298,5.004854832879987,76.03221576636764,0.713502021739456,0.7447996165386532,868933735332.5712
Fèves de soja,2022,1053.9612634539358,25.221731636450208,4.880356215042486,79.54131583999416,0.6599008409121703,0.6676007326749445,945024324195.2195
"Piments forts et piments, secs (Capsicum spp., Pimenta spp.), crus",2022,425.15388703442864,25.83596707681495,4.948331954679648,76.3104238654872,0.6545546072694397,0.6725850752552017,951898750571.9102
Graines de ricin,2015,81.5514280919663,25.753441067193656,3.1920153184590823,73.50817578715957,0.590835548791841,0.5847311376828237,685314533656.9573
Taro,2018,3016.438504881009,25.311748938570528,4.432405174846128,77.43689918723784,0.6912536380480147,0.6960197678762016,826926664892.5052
"Pois bambara, secs",2017,726.0243467644398,26.40695890711751,3.9847093318487707,75.05245298302104,0.6375356740475967,0.6722572734755021,773734612378.6339
Tabacs bruts ou non fabriqués,2016,443.5,26.5448087431694,4.076065573770491,73.88571038251365,0.6231967213114754,0.6228142076502732,733416000000.0
Graines de ricin,2018,80.75846051851494,25.355689332537093,4.484562611857572,79.94803122547272,0.693474946431287,0.6811509560741812,836450565808.5182
Maïs,2018,1213.9419091498123,25.33621033506979,4.478976398858219,78.34735661685882,0.6788875332160947,0.692261850994021,840554532884.1915
Haricots secs,2019,507.15842258999106,26.941434286432205,5.111364946165539,81.02482860378902,0.7372306864446363,0.7304016996504001,869519387857.0406
Autres légumes frais n.a.c.,2022,5102.963669205153,26.359710552907142,5.125665776821178,77.88546741676598,0.6688037161050476,0.6751604557800733,953037755323.8519
Maïs,2023,1232.5173993193682,26.515900411453334,4.519423756693546,77.54382095097695,0.6701100007714283,0.71856633471791,1005026740673.9518
Noix d'acajou non décortiquées,2023,1499.2032067462635,26.54997779969254,4.330241559084532,79.72864837649045,0.6789247423375501,0.681105550993582,996049357209.4684
Autres fruits n.a.c.,2019,5830.4,25.842027397260274,5.005041095890411,79.60054794520548,0.7189589041095891,0.731013698630137,864816063151.685
Autres fruits n.a.c.,2017,5682.9,26.162273972602737,4.066109589041096,76.52139726027397,0.6475342465753424,0.6606301369863014,783338000000.0
"Pois bambara, secs",2016,755.1226642795947,27.232992934732557,4.139701832620794,73.97792060792716,0.6089868643884492,0.6306026178576495,726025916934.3545
Sésame,2017,317.1298029751779,25.382396224074125,4.128052661965068,78.8479699836735,0.6569777968146234,0.6694518047366578,782715805348.3563
Arachides non décortiquées,2016,719.2380509425636,26.997342317524183,4.052171183723733,75.00660076180324,0.6314625164459962,0.6228333726392379,728729044168.0867
Noix de karite,2021,4270.425406756688,25.411163174243327,3.893041381209302,78.08031843455527,0.6650842060734864,0.6802377051140714,895478845457.8287
Taro,2020,3290.1715351494972,26.514776507882797,5.105670438950086,77.48223222003672,0.7280704119644257,0.7246359664856122,863932358540.4711
"Manioc, frais",2020,3740.0359127112893,25.358538531522345,5.060382381433143,80.54146938231828,0.7151339659097554,0.7564777608521445,855788927135.7024
Oranges,2015,4587.23127924801,26.88847543717629,3.193424600600759,75.412203352686,0.5748419854251821,0.5930568343289554,663734318928.8989
Oranges,2018,4632.673238483776,25.619051629214542,4.561395955229518,80.19824651601702,0.668262713710443,0.6893968984132491,807405393027.0776
Ignames,2021,9251.911777157888,24.91787619181264,3.986185565290545,79.20028712225039,0.7040687057848269,0.6901863302199264,890611528603.296
"Huile, noix de palme",2021,8680.6,25.92775342465753,3.9432328767123286,79.31665753424657,0.6736164383561644,0.6907397260273973,892399651748.501
"Cacao, fèves",2017,978.1558283257326,26.909220079731686,4.109238754368232,73.89285385394716,0.6733178924996412,0.6723841831019648,791121892709.2113
"Coton en graine, non égrené",2022,672.7431438273384,24.99035312855112,4.876222997783702,77.07584233859933,0.6450232020142882,0.7013569473460733,939402667585.62
Sorgho,2015,937.4171038006708,25.873897156221616,3.282474781091015,74.79332600038362,0.5810550481105691,0.5876556504942547,680995946310.8864
Bananes,2016,12409.539255010935,26.2375766007932,4.081518007432962,74.60307627903947,0.649705471022038,0.613968675533303,736610749425.2551
Ignames,2023,9188.190780026924,25.600680670019916,4.5236691766383545,75.98975036504774,0.6582746527234012,0.6785165399093958,1000765967782.188
"Manioc, frais",2015,3787.9722509172584,25.413192912733606,3.0795176552976744,75.7524147189083,0.5928610062116527,0.5826470708844029,677189068846.8326
"Pois bambara, secs",2022,767.7031011318641,26.04856343172405,4.911948570429395,75.19723583874146,0.6463752037642249,0.6698734318803471,928480870629.2261
"Racines et tubercules similaires à haute teneur en fécule ou en inuline, n.c.a., fraîches",2020,5175.850830070232,25.77690093292784,4.873996054399089,77.15672978113898,0.7223982164471784,0.7158604938680663,859535844982.2981
Choux,2016,11047.719070988167,26.057990841985376,3.9327387401530616,75.20966392752442,0.608376467726255,0.6444970478465208,731369407484.7832
Autres fruits n.a.c.,2019,5731.799879687841,24.765220351316504,4.966263188448942,79.04126364746192,0.7287162191923043,0.7359788168390627,868925555111.8945
Riz,2015,1629.8856248261889,26.70997513000808,3.0887801158711645,73.5844164673578,0.600239639365066,0.5782306422969091,669077448926.6969
Noix d'acajou non décortiquées,2022,1496.975518666113,25.226583503573856,4.83787090733594,78.56030261259652,0.6470616548702882,0.6655093574911118,929180990814.1355
Riz,2015,1639.8981317481969,26.46410280696923,3.2031492357537794,72.6340137522115,0.5822851186390657,0.5727851767484369,665953769611.8387
Oranges,2018,4565.3810898333095,25.786563746191042,4.483867004446399,78.54145024659006,0.6788673834403186,0.6966156065684181,820508124742.4923
Fèves de soja,2019,804.4317351081671,26.470750009089507,4.996488147584996,82.12918593969947,0.7266850069325761,0.7347668925230622,869288385972.6866
"Racines et tubercules similaires à haute teneur en fécule ou en inuline, n.c.a., fraîches",2023,5283.194723356356,26.61943475588154,4.443220042958924,76.92986000530757,0.6792806552271358,0.6950301633698702,1003841890953.8936
Ignames,2017,9171.977935599176,25.83268155338117,4.172545765675068,77.64933915593821,0.6405781597564228,0.6674564199611793,774356189631.9343
"Manioc, frais",2022,3725.908922855846,25.289523380001324,4.922151009053039,78.44026898075457,0.6673465934898171,0.6983439637753488,942947641017.1936
Mils,2023,719.3010281474841,25.51483795840632,4.472870843031799,78.82348725801954,0.7146616438356165,0.6774857351228337,1006358472487.0125
"Huile, noix de palme",2016,8652.331682901395,27.560517714176473,3.9926631013593314,75.1095327710243,0.6415004777313877,0.6346018668215617,740788966285.984
Bananes,2017,12025.85839674891,27.3361783671855,4.179519743116792,77.09064998177803,0.6331903926790468,0.663853100900046,779722028167.9384
"Tomates, fraiches",2016,4244.8,26.5448087431694,4.076065573770491,73.88571038251365,0.6231967213114754,0.6228142076502732,733416000000.0
"Pois bambara, secs",2018,752.0436934170095,25.371466679184955,4.406613769698691,77.53567885812407,0.7062346189471955,0.6844206103097492,822390617011.7886
"Autres espèces cultivées stimulantes, à épices et aromatiques, n.c.a.",2023,1001.3680556784489,26.113543007497118,4.529222247327367,76.72650488460194,0.6912679542737586,0.660158904109589,1003611213536.7184
Ananas,2022,8136.137706622115,25.527612207648325,5.03619914848478,77.5086603553171,0.6509036974890532,0.6739024053875,938940724517.1349
Riz,2016,1694.584990290112,27.135388168504207,3.9540041501996686,72.48847113494698,0.629879394921245,0.6321157233757339,731834957547.975
Noix de coco,2021,3562.3359525247984,25.870896347427728,3.9256987356528907,77.38223174022673,0.6647223583535025,0.6722802679263823,896846263342.0931
Bananes,2021,13155.38984061673,25.34668568137803,4.003309066157355,79.49930967237191,0.6706695395300123,0.7065003669119171,903444128790.6316
"Coton en graine, non égrené",2019,651.8656152495711,24.955237000417394,5.122257391988352,77.93896960818584,0.7140002029162715,0.7314394711866294,855006805510.3052
"Coton en graine, non égrené",2018,789.9254253750452,25.606303035614246,4.509155506512225,76.60755813189351,0.6692181442549967,0.6747672085644191,828100618531.8164
"Huile, noix de palme",2023,8289.801595927145,25.251879383751362,4.455885449017121,80.44136027482851,0.6882806793462668,0.7063582247253942,998082128937.6438
Fèves de soja,2021,1070.913277555444,26.22530901515836,3.9339342632005003,78.63643956446333,0.6466123875311741,0.7073711464948802,892527844919.4796
Fonio,2018,850.8202462120375,25.362398096933667,4.363606045841011,80.06594711128353,0.7005595239875443,0.7104249018232943,821017185844.134
Graines de ricin,2019,80.21012034850003,25.970144314462186,5.0895497798549565,80.20953677379963,0.6961558909250272,0.7191247877142551,875077058146.0236
Taro,2021,2979.603048244645,25.727663390536588,3.9091428069686134,78.75418127886726,0.6704817107955006,0.7034413529309771,894298137265.5586
"Autres espèces cultivées stimulantes, à épices et aromatiques, n.c.a.",2021,1013.5250402395953,26.2570682922632,4.044385984105597,77.07096770801397,0.6626621813213518,0.6866682379732585,891873286290.436
Maïs,2015,1356.235184269394,26.10006646789627,3.1180205242939216,73.19976236853321,0.5584794905326216,0.6097841312783464,672685283319.5509
"Cacao, fèves",2016,973.7040869677897,25.463322785040447,4.16010033134823,72.32570107262171,0.6255107921094426,0.608568584088908,731603209209.6238
"Tomates, fraiches",2022,4086.5888596466616,25.06319747087385,5.003855099700279,80.57513574200132,0.6591590438880833,0.6508708085740476,947001893809.0992
Noix de coco,2019,3678.0043575038635,26.36739165968423,5.10620841707805,78.80543695409553,0.7257613513796628,0.7197974058933478,874824776014.867
"Coton en graine, non égrené",2016,851.3850589138492,25.79992579305627,4.187425132754787,71.42488353792031,0.6161943691515657,0.6108972279734333,737506634294.4019
Noix de karite,2016,4019.998037168911,26.76236338012544,4.138015719957294,74.57707373120715,0.604738610433839,0.6292996323866248,728287052643.1388
Sorgho,2022,871.3130393879723,25.298544318399646,4.975797757711397,75.98055840441384,0.6861276058354278,0.6875248258460613,932939617011.9108
"Huile, noix de palme",2022,8474.36129794132,25.692074543523443,5.163037461931975,77.83027079367798,0.6512153910057875,0.6622969288903137,942793933538.6162
"Cacao, fèves",2022,1138.2148569634214,26.451003543564493,4.935645673656213,79.25693971196357,0.6617294938448127,0.6684608639867443,934960173962.1028
Autres fruits n.a.c.,2016,6207.245164070907,26.20472889205599,4.057376667529308,75.92772087331359,0.6243499112720647,0.6147162532358386,726671736340.0311
Patates douces,2023,3326.395883426208,25.767636478064432,4.485943036488719,81.42582549449719,0.6763973330433601,0.6899547485846438,1003368864972.221
"Café, vert",2019,513.2473322987454,26.341112959852442,4.79773159265278,78.45941070222925,0.7176714430014254,0.7297417535565667,867112104382.2815
Haricots secs,2019,519.5456534402898,26.196336990275288,4.986127325859279,78.1475177042814,0.706990095086277,0.7229508573059633,882068426498.4838
Sésame,2016,312.7841251912661,27.14777123339361,3.9742265670628085,74.72691960404623,0.6057827765313105,0.6347099691746994,733710055185.9395
Autres légumes frais n.a.c.,2022,4883.82803548712,26.362214971576076,4.911883314323962,75.93993945147342,0.6704646312218996,0.6773799162697832,927287203401.1753
Maïs,2022,1302.198070416197,25.47083684588909,5.121569051500265,77.42470990467038,0.6605177548027533,0.6642579363400306,938689370387.5912
Autres légumes frais n.a.c.,2019,5215.468238443711,25.776401564222656,4.810124556683217,77.84871566687886,0.7188304187569325,0.7215888947093052,875790291269.988
Maïs,2020,1230.430437873992,25.21679428493181,5.113450536741329,79.27120706922925,0.7228066079043681,0.7366383336958144,842725035146.9393
Haricots secs,2020,551.0895574817207,25.565995384094386,5.142748499259086,78.13717800990118,0.7205527813498934,0.7503471913523395,866230753908.834
Sésame,2016,326.1,26.5448087431694,4.076065573770491,73.88571038251365,0.6231967213114754,0.6228142076502732,733416000000.0
Noix d'acajou non décortiquées,2019,1490.7383912735838,25.74923832229742,4.864222409867829,81.45861045606905,0.711747835770085,0.7148570158494191,861670778459.6251
"Racines et tubercules similaires à haute teneur en fécule ou en inuline, n.c.a., fraîches",2018,5173.902955953587,25.611951031202892,4.4638710598724085,77.52215935242253,0.6804581224303595,0.7118681062069709,813462448355.914
Oranges,2020,4636.440732013754,24.97923543068387,4.981908153279836,81.02534584619667,0.7322965149944635,0.7463293381482888,859471658384.0936
Taro,2018,3199.9457052054354,25.50726280593442,4.4861372953501135,78.45769347226336,0.6658001343266815,0.6901623279410197,813720823187.3898
Taro,2023,3120.239698546259,25.75731140385312,4.501030887934954,75.8682885258561,0.7033790533820645,0.6912159033957916,1014150488022.4471
Haricots secs,2015,495.92615834471485,26.52307629837881,3.2069592989886337,73.01671497382245,0.594742443233513,0.6080518125938569,675574511447.08
"Autres espèces cultivées stimulantes, à épices et aromatiques, n.c.a.",2021,1025.068136140321,26.00776772042291,3.9221639919137323,78.39581712990469,0.6671759370145426,0.7092063483233815,890981763036.5778
"Manioc, frais",2017,3992.1915823825366,26.861714643743287,4.118628092520562,76.78294451872779,0.6603240324796931,0.6626411950613315,791391504843.0895
"Noix de muscade, fleur de muscade, cardamomes, crues",2015,934.7262066981359,25.162782745834285,3.0636237191584295,76.69150711768009,0.5866553743916832,0.5915523930764575,680271185172.4445
Noix de coco,2018,3927.455522354224,25.548800947729802,4.580870672354649,80.27911563980646,0.6941364126842308,0.7007162090669329,817712797656.8223
Bananes,2022,13549.044062907591,26.345990626659,4.902516537762403,75.41887216996277,0.6563808899569304,0.6784795372080912,938678115742.7114
Autres fruits n.a.c.,2021,5545.782231584417,25.636828639178347,3.9272174895816176,77.4139211953603,0.6870965303748919,0.6825110633495058,894234828808.2007
Ananas,2020,8213.789816928453,25.538691650298734,5.015609203331664,78.30721441493745,0.7205175956843224,0.7693530045697118,854364234965.907
"Pois chiches, secs",2019,710.5025723644003,25.585522880675814,4.947022512011559,81.47066710668156,0.7082357330650515,0.717156246204802,871208166913.9783
Haricots secs,2021,545.238193807017,26.4729898667102,3.847344090974144,78.60175549173057,0.6742532195600852,0.7059298746025795,894352353426.4966
Noix de coco,2022,3605.638763646648,25.560024533322117,5.05792934545731,79.82612944286147,0.6501713168311857,0.6842584831312817,938098750297.878
Sésame,2016,310.3945222653914,25.341727617640338,4.0662982679233535,75.5710730274594,0.6239603629301447,0.6182734550039508,724582096476.7943
Noix de coco,2019,3948.812968282527,24.54992602739726,5.015521286807656,80.54200181911922,0.6830109589041096,0.7055763056486025,878434882592.6759
"Manioc, frais",2020,4059.1674516059775,25.96520127069804,5.138356071355608,81.46871941791335,0.7199226625866487,0.7579600016588997,865377882618.8037
Fonio,2020,891.0367397152775,25.109786851727822,4.994892294335415,77.84634461655288,0.7448031473905665,0.736670761624218,853407015618.1573
"Café, vert",2017,420.17012624790806,26.072394258140093,4.227133014918359,76.5499411507784,0.6364826627974927,0.6354014721307447,770446823646.4493
Haricots secs,2020,508.7939560761248,25.252442921853422,4.920530838480247,78.3533084468934,0.7431277574802477,0.7325582686157863,861012772456.5098
"Manioc, frais",2020,3944.351034781736,25.738974747661995,4.999534538932498,78.68985911936325,0.730020977098808,0.7477461351991032,859570469636.4482
Riz,2019,1735.7736335256802,25.1976958304868,5.010204498797882,78.3608759426318,0.6969090811505547,0.7294316662086637,867989843740.129
Arachides non décortiquées,2020,724.6111512190674,24.95534037758485,5.02174345294589,80.74163259134585,0.7359812748450114,0.7649007947643786,861880709608.0447
Noix de karite,2022,4454.4510615279905,26.16629952297655,4.979337471819019,75.52878215388381,0.6675896907452081,0.6742416224432197,931626326363.5273
Patates douces,2020,3639.576321982415,25.99754424628777,5.098515330535393,80.74469979866608,0.7325767264794409,0.7363525394099771,842547348095.2758
"Café, vert",2022,587.5645782758838,25.949367434893837,5.149470362100893,78.47742396388095,0.6466926342105054,0.6591019511622037,933411884950.8588
Graines de ricin,2019,75.2273997503439,26.220391411352953,4.993870297795094,79.34173843331004,0.740866863709559,0.7055217379422393,856494763694.5417
Riz,2015,1727.3,26.17372602739726,3.183424657534246,73.75301369863013,0.5778356164383561,0.5891506849315068,676983748351.848
Arachides non décortiquées,2016,698.8871099919214,25.89346964680018,4.014921341004966,71.65982409350192,0.6230474445353604,0.6127500209636355,739016757786.3402
Patates douces,2021,3830.159769950961,26.10411329406563,4.002193422582035,78.38045140721886,0.6858690500828165,0.7160015644555343,880533577712.8525
Tabacs bruts ou non fabriqués,2023,444.089098219462,25.682272339219196,4.510513851134852,80.74121208736811,0.6927234183376706,0.6951773225672465,984962221307.6859
Oranges,2020,4495.208572368832,25.453083159198027,4.847968912356665,76.11108268429332,0.7232229326668971,0.7295050310054388,855244200558.0276
Patates douces,2018,3673.648581725627,25.275686407185876,4.23887397260274,78.02229176117139,0.6904284202536674,0.7256475580980672,806179265375.8685
"Noix de muscade, fleur de muscade, cardamomes, crues",2020,995.1006351464823,26.037923208430474,5.011978924240048,77.17100404651596,0.7250437551955087,0.7240096779845451,852844214512.6252
"Piments forts et piments, secs (Capsicum spp., Pimenta spp.), crus",2021,436.81446481208457,25.405181278172662,4.02537195737685,79.53410020377541,0.6712339902842036,0.6980902534441256,898848386801.8933
"Pois chiches, secs",2022,772.5369039480292,25.69573975058662,4.91539741686085,77.89134483205726,0.6779698750973353,0.6810335075489986,928169379531.8253
Graines de ricin,2020,81.74654489003406,25.179843413049934,4.88852451600749,79.38412248561049,0.7379805575893431,0.7425253855643178,865901905522.497
Noix de karite,2023,4256.4253728734075,26.12738383065228,4.517690562933324,79.77773902720014,0.668097501308229,0.7121718469026067,988594934749.3973
"Racines et tubercules similaires à haute teneur en fécule ou en inuline, n.c.a., fraîches",2023,5147.845573192167,26.71084016146723,4.531687940402565,77.00811380164916,0.6738610401269869,0.6886856577906275,1005819013965.6128
"Coton en graine, non égrené",2021,749.76832148589,26.18610112194198,4.058681982128531,81.03086018097828,0.6905585956018316,0.6913046717277086,896557949712.4976
"Piments forts et piments, secs (Capsicum spp., Pimenta spp.), crus",2019,415.2864863751386,25.66785606919823,4.975849022564987,79.94847661935648,0.7250714204845777,0.7380520486959369,861148369414.2501
Noix d'acajou non décortiquées,2022,1623.0768446148713,25.117733654677384,4.904812217251644,74.9184402306269,0.6509615088987448,0.6877757417844845,944226334988.4735
Patates douces,2015,3568.8,26.17372602739726,3.183424657534246,73.75301369863013,0.5778356164383561,0.5891506849315068,676983748351.848
Tabacs bruts ou non fabriqués,2021,446.9491192023304,26.303409860961523,3.871014409871176,81.6426516870255,0.6689867589631917,0.6745409940594791,890008782797.7698
Tabacs bruts ou non fabriqués,2019,427.4704734480221,25.701871438506895,5.121935429987016,79.55978335337844,0.6997832925763977,0.7427202212606345,866398059654.602
Sésame,2023,313.74236476819306,26.43773099157179,4.5214029224949535,79.8887934510114,0.692783663930723,0.6892986264697907,998877289468.0026
"Coton en graine, non égrené",2022,673.9409147008901,25.33582715604903,4.997570548624016,74.75551601265104,0.6523499113169123,0.6671037472036289,935944135770.9996
Autres légumes frais n.a.c.,2016,5016.9561343269015,26.612718182608692,4.134652087852259,74.10381839730682,0.6098464144058222,0.6338043816434166,731256713831.17
Mils,2023,746.7871757797383,26.32843810338109,4.490192149796182,79.2213879313428,0.6977585618755804,0.6956226513783101,1009978439979.8914
Ananas,2017,7944.945741737467,25.69627940755505,4.1196307867355335,75.81130472310141,0.6637213135200869,0.6897464074889762,761201949118.061
Autres fruits n.a.c.,2023,5670.5,26.15476712328767,4.51827397260274,78.15893150684931,0.6806301369863014,0.694904109589041,998973479941.652
Noix de coco,2021,3737.8352026993584,27.065929944866014,3.984524382759904,77.39415313359757,0.6458761389624297,0.6898199822377781,879257693099.375
Noix de karite,2019,4171.012667624996,26.002375526725288,5.093427699260317,78.38502501147777,0.6920780304196001,0.7488938199209341,866207737932.8882
Arachides non décortiquées,2021,715.7862979575278,25.43925365269293,3.909411398687706,81.47891348766795,0.6676081174520152,0.6932126958174541,896194691177.2283
"Coton en graine, non égrené",2015,707.7787672822094,26.662998426534337,3.189404521037185,70.81218435494779,0.5678218144027145,0.57289721139855,671641803971.7368
Noix de coco,2021,3442.737402093291,26.259715544148364,4.024836588818332,79.46495973811231,0.6883859741095176,0.6931434376736205,896541116970.6345
Noix de coco,2023,3721.8722576468595,25.11156462466012,4.458438484233331,77.81659073056133,0.677534155266449,0.677455615565484,999951031693.3625
"Pois bambara, secs",2022,787.6386242583355,25.434251017433905,4.8883842978002745,79.50832880707617,0.6302821729290253,0.6845394817495453,945393442390.1652
"Coton en graine, non égrené",2022,651.175655751577,26.29335545626768,4.883942171119488,79.20739680426969,0.6688641149928916,0.6779060658239041,940155411200.9497
Arachides non décortiquées,2022,731.718938560793,26.10967220232858,5.127872873474366,78.47950290124074,0.664387228935588,0.6803387329132492,931070650093.9266
Noix d'acajou non décortiquées,2019,1462.1249569041158,26.988724654545553,4.75478904109589,82.62739375192271,0.6987048774614775,0.7208724914071578,845878772609.535
Fonio,2021,845.3953805846185,25.70492911290654,3.909583082569664,79.83933540337542,0.6840967014306206,0.6991840431479597,881854825308.637
Fonio,2023,867.9834148631268,27.33587101482064,4.595877606060914,75.87194514819913,0.6541526154043109,0.6877075841374707,985409550880.9664
Choux,2016,11770.392965629648,27.872049180327874,4.00406067223513,72.0932720068994,0.6358904849704531,0.610995862279913,741316032166.5452
Bananes,2022,13349.391532911834,26.405826258391148,4.978384080630087,76.24364905189569,0.6522277479059864,0.6651919162042844,943761637679.3971
Graines de ricin,2023,76.07118087407373,26.346255598587383,4.593240253766439,74.25098493150685,0.6884756890131906,0.6932789268850499,1008163736641.3331
"Manioc, frais",2018,3980.8,25.62013698630137,4.461972602739726,78.10038356164384,0.6793150684931507,0.6943835616438356,819305083628.113
Haricots secs,2023,590.0831930678617,26.03812499441675,4.5269827419698325,77.6353103573242,0.6997286885773677,0.6907484299162365,992198331686.7523
"Autres espèces cultivées stimulantes, à épices et aromatiques, n.c.a.",2018,1027.293015686534,25.004298317447493,4.436039669284492,76.15915898158315,0.6673604783046305,0.6932320067751463,824506046206.0078
"Pois bambara, secs",2015,823.6592679001247,26.849568463014748,3.173163132489683,72.90189900175614,0.570558556109385,0.5751937936095012,674524218579.6937
Fèves de soja,2023,985.6446584807866,27.169917646219034,4.4697230793005565,79.01508970429707,0.6847180279221406,0.7054522922246889,1007004828807.3682
"Racines et tubercules similaires à haute teneur en fécule ou en inuline, n.c.a., fraîches",2017,5423.920077336583,26.47297445678904,4.0605870343933645,74.81308229702056,0.64782077653658,0.6851206306699921,782743783408.8859
Tabacs bruts ou non fabriqués,2022,456.562940519206,25.76084899845719,4.889965870681208,77.37128761074545,0.6686265671331301,0.6862399430857193,948989216387.4714
Autres fruits n.a.c.,2018,5730.5,25.62013698630137,4.461972602739726,78.10038356164384,0.6793150684931507,0.6943835616438356,819305083628.113
Noix d'acajou non décortiquées,2023,1470.8940921100666,26.423163090428794,4.49096387062164,80.37902579634792,0.6807931067724492,0.6893229881578121,1004659922380.6562
Tabacs bruts ou non fabriqués,2015,440.2621661594509,26.898575536875903,3.2375387165117036,74.62035687951644,0.5725238336961506,0.5964380540260065,679056182291.0259
Oranges,2023,4375.1378657256455,26.043004819018197,4.4943436254036575,78.68574760763056,0.6820504748483867,0.6966630057146245,995141819739.8298
Tabacs bruts ou non fabriqués,2019,434.95073526389245,25.43890203162603,4.980096144335636,80.79951925253776,0.730663100648994,0.7349037629553642,866600685429.7931
Noix de karite,2019,4358.903915993926,25.707566933057244,5.185088290473663,78.66219102203038,0.6998973079209871,0.7369179719546409,860250734800.0479
Taro,2019,3202.402023246813,26.228054811926423,5.024162621592253,82.59942443891488,0.7349670444222781,0.7164642566803266,846380228632.5317
Graines de ricin,2017,74.89970083238376,25.467998972449607,4.004728439423499,76.65192010545593,0.655187704390759,0.6682531316802939,784347478517.7747
Sorgho,2017,954.2028889776037,26.041017320077575,4.041972290342851,77.10869949383012,0.6566485225354516,0.6388706008323558,804212354506.9402
"Manioc, frais",2015,3989.022236974314,25.79137602709427,3.113094421587065,71.76400331237659,0.5798404900251382,0.5882641797599646,681544398949.5607
Noix de coco,2018,3922.0777171749446,24.988777790221352,4.5948920151038966,80.31904980371732,0.6919758476211948,0.7028468403913837,816346912303.6829
"Pois bambara, secs",2023,778.7895128783073,26.80037953852719,4.292360273972603,78.04630068645265,0.698151145176278,0.6888952817893375,985377385267.3624
"Racines et tubercules similaires à haute teneur en fécule ou en inuline, n.c.a., fraîches",2018,5183.33920805655,26.424837632073867,4.456482249465779,78.32239995947934,0.6929698225764475,0.7096886485772194,807486511328.1917
Tabacs bruts ou non fabriqués,2021,438.49835008406205,26.282338129030077,3.9298105783295783,75.35082465753425,0.6619031951488412,0.6790828642446398,876693585814.6804
"Pois chiches, secs",2022,777.8981006669931,25.46507269179124,5.047556969840418,75.28049026319192,0.6668051134633604,0.6559995024664088,953661722449.4517
Choux,2020,10940.887727057678,24.885315817756705,5.101592390614377,80.27084939945458,0.7230358624116061,0.7406342453380524,868417082033.9323
Noix de karite,2021,4038.2955264898046,26.204860282570817,3.9895585199840022,80.95676885345621,0.6659102538308406,0.6967163380261454,894986437435.1296
Sorgho,2019,857.1038821326011,25.531024472189713,4.877390543675884,81.70974101720756,0.7210606432725893,0.7392815517948543,848980213045.4728
"Pois chiches, secs",2023,748.0732598062931,26.517449961440036,4.372916509182391,78.93708389060517,0.6704511320632287,0.6958708831513295,987382767379.4092
Sorgho,2020,908.3264260965636,26.288351731775744,4.9615053576167005,77.55849948631645,0.7010315327781965,0.7711252870250807,858717365451.4363
"Autres espèces cultivées stimulantes, à épices et aromatiques, n.c.a.",2018,1065.2504964522996,25.77080750987691,4.61525824934446,78.02600845035768,0.6577089911358444,0.6956226294611998,817548062958.5396
"Pois chiches, secs",2018,735.6906167371105,26.186723332538207,4.461152255205875,78.23514323667445,0.6937313999320155,0.7207969544393827,815397283588.4166
Tabacs bruts ou non fabriqués,2018,444.5363715652806,25.89862813526234,4.489006505231949,78.39600537974147,0.674297563618393,0.6790627624300671,816475782493.849
"Manioc, frais",2022,4082.8103787172795,25.340146921865948,4.950935751533108,77.90685707698235,0.6501280054675541,0.6521250071662305,953732804465.4075
Tabacs bruts ou non fabriqués,2016,431.5831366061473,25.59360169461121,4.061966673095167,73.52376513761891,0.6388900857829771,0.6047912871883888,737108162615.357
"Coton en graine, non égrené",2020,656.5277630498308,25.81384471535698,5.1174634568156705,75.75496905475326,0.7304034929761231,0.7481343035275039,852915898954.2242
Autres légumes frais n.a.c.,2020,5100.1,25.55327868852459,5.009398907103825,78.95647540983606,0.7270218579234972,0.7411475409836066,856967581267.048
"Huile, noix de palme",2020,8562.263238340796,25.955509600388176,4.953158924877061,80.72358924112633,0.7164925872092328,0.7308891886513422,852751759589.8441
Autres légumes frais n.a.c.,2018,5081.5129167575005,24.941266842530762,4.4979061872886925,78.08385366624614,0.6787617646901828,0.6836365816837306,817235806807.0422
Noix de coco,2019,3825.4,25.842027397260274,5.005041095890411,79.60054794520548,0.7189589041095891,0.731013698630137,864816063151.685
"Manioc, frais",2017,3904.1590031741507,26.18866580890068,4.147080877379861,75.50221610959976,0.6531543437411649,0.64557876677232,792568159739.3488
Mils,2019,591.9074582189251,26.682475681055987,5.106181483334114,78.05038560869868,0.7154944364677578,0.7376017479397986,863939539021.3824
"Noix de muscade, fleur de muscade, cardamomes, crues",2021,1050.0667601840732,24.834874463284642,3.925422060533392,81.27857244912076,0.6776557999661824,0.6562027397260274,901481118495.2465
"Piments forts et piments, secs (Capsicum spp., Pimenta spp.), crus",2022,426.1539094031753,25.123020533845086,4.961793192374072,79.3524960328986,0.6821842721217444,0.6685899930030307,947957558546.4591
Oranges,2018,4637.148082747145,25.39332541878544,4.34196369086398,76.88500518755072,0.6984270743961387,0.7166578233631682,835409160816.1368
Noix de karite,2022,4294.472558457694,26.092360311625736,4.907507344395182,77.51244038761008,0.6565128617724179,0.6821302864150406,946517759174.8025
"Piments forts et piments, secs (Capsicum spp., Pimenta spp.), crus",2018,394.4699385786481,25.90372802027438,4.380101512277935,76.26808589818538,0.6897353488062022,0.6789042008257236,821507054544.8374
"Manioc, frais",2018,3975.4339229517827,25.832486298172054,4.430373910173394,80.31890676105445,0.7103208363537789,0.6785385348065612,828043241234.7603
"Coton en graine, non égrené",2023,643.7090046261075,26.63535131420831,4.529137378516132,78.16921765428644,0.6504106559007206,0.714624799654342,1006182520948.7987
"Pois chiches, secs",2017,760.4940830015396,26.361150749105693,4.0633007021537235,78.51720450942175,0.6491835887884367,0.6634494497364695,777331208383.2467
Ananas,2022,7851.355383228946,26.09144448533704,4.944613621048118,74.940956438052,0.6517420500247766,0.6440787834379517,931774148686.5312
Graines de ricin,2020,82.0476364212267,26.23627203573849,5.086446851735136,78.3781866079931,0.7061987590798933,0.7393732692122549,859326344451.6514
Fèves de soja,2016,624.743628949501,26.294530304150364,4.1496238482227055,72.61017735647762,0.6352116983965758,0.6268317571493074,722230518835.2217
Maïs,2021,1211.4534847106752,26.477018992909066,3.905691381228937,75.60912645494554,0.6738256022689751,0.6722307636638409,887511751983.4904
Choux,2018,11448.8,25.62013698630137,4.461972602739726,78.10038356164384,0.6793150684931507,0.6943835616438356,819305083628.113
Mils,2019,559.5829042651073,26.398712675708026,4.958725785752421,76.91373337553891,0.7344412883584964,0.7279139290297324,874594512787.2487
Noix d'acajou non décortiquées,2020,1587.74425282283,25.96050226960282,4.902555661197491,78.8514817065242,0.7182805952696273,0.7283674382580927,857676861366.6406
Noix de coco,2017,3590.5218848435507,25.791958393759412,4.0657201253804525,77.41284499625105,0.6452973215105352,0.6572843325476669,787345400727.2225
Tabacs bruts ou non fabriqués,2015,442.8,26.17372602739726,3.183424657534246,73.75301369863013,0.5778356164383561,0.5891506849315068,676983748351.848
Ceréales n.a.c.,2015,972.054163148401,25.44745944110419,3.158973016278915,77.27211302223527,0.5892082509798537,0.5989183056157865,680873879544.7164
"Pois chiches, secs",2016,725.503224135824,25.971081876838724,4.11238435021916,73.85212457529622,0.6198181156264158,0.6293017411399006,737352697708.4178
Ananas,2018,8238.63725497087,25.026390242374518,4.23887397260274,79.1026493565345,0.6753751230741161,0.7096743664792087,824206638558.7202
Oranges,2023,4647.3651149720745,26.294840313968344,4.6183819698033926,77.59489802837132,0.6782497951238239,0.6819868953191605,999245104712.8981
Sésame,2015,333.0560839320995,26.797338502556755,3.3158957331581136,74.03964904992088,0.5833888504037161,0.5892101544990046,683786458447.2216
"Tomates, fraiches",2020,4296.175946540976,24.27561475409836,5.020836352191375,78.04259621055307,0.709531163937169,0.7782049180327869,852918980702.5137
Graines de ricin,2015,86.51460689213778,26.275500493308364,3.1298783031000705,72.60995648921757,0.5809364071446085,0.5838880082438994,669263978216.5055
Noix d'acajou non décortiquées,2020,1606.6683080842708,25.417525297459168,4.973513299995838,79.09381008523674,0.720252768946576,0.7599546479671138,858617270711.2166
Ignames,2017,9444.662151176788,26.478471747160707,4.070580856040734,76.21938567736011,0.6664268612146402,0.664959970959319,789973501281.277
"Piments forts et piments, secs (Capsicum spp., Pimenta spp.), crus",2015,441.0577035345892,26.749367261739387,3.1299083106088044,74.8706735689326,0.5991919178427328,0.582358403051962,674328557777.6548
"Manioc, frais",2016,3913.3389923174545,27.44010389885082,4.1108658846811625,73.37994316777964,0.6241993687190951,0.6352741173534282,747758129765.1495
"Manioc, frais",2022,4147.62718681224,25.60626311193789,4.950858072695416,77.18174502529295,0.6670457357132397,0.6896154199289263,928362801123.2135
"Racines et tubercules similaires à haute teneur en fécule ou en inuline, n.c.a., fraîches",2018,5078.5993675083,24.741132045399187,4.396579144425707,79.85982768997552,0.6706041718362137,0.7190422981923428,822090954427.041
Mils,2016,628.9,26.5448087431694,4.076065573770491,73.88571038251365,0.6231967213114754,0.6228142076502732,733416000000.0
"Piments forts et piments, secs (Capsicum spp., Pimenta spp.), crus",2022,422.8908720012021,25.256465362963123,4.9952993693698575,81.24661232876713,0.6661757498219718,0.6735666452569786,930144338511.9327
Autres légumes frais n.a.c.,2023,4923.317678330773,26.163751847009024,4.485327260205637,76.60689110275298,0.6999155127337077,0.6837821648327224,997690587440.9679
Riz,2023,1761.5258062304608,26.179641710365225,4.421797452840061,75.06000968217108,0.6827699878635859,0.6888971008928859,1009368773617.253
"Café, vert",2020,527.519094929506,25.179158360682994,5.145004300038253,80.10583116414678,0.7298830799796546,0.7546623953797066,851192134935.4313
"Piments forts et piments, secs (Capsicum spp., Pimenta spp.), crus",2016,412.1124547655424,26.56610155113732,4.167944484627142,75.96189530255606,0.620654150958574,0.6224365870925392,752457220607.9283
"Coton en graine, non égrené",2018,764.3,25.62013698630137,4.461972602739726,78.10038356164384,0.6793150684931507,0.6943835616438356,819305083628.113
"Tomates, fraiches",2018,4124.970631988772,25.91527890966633,4.540503819184657,80.08602241746695,0.6890910356107448,0.7075515627783161,831738907858.2408
Ananas,2019,7857.484943259534,25.380042457791195,4.75478904109589,78.35371964663506,0.7319154541231474,0.7371385248146628,859632594963.2151
Haricots secs,2018,521.3326149361429,25.62162667721578,4.498590710779224,75.35630844320883,0.6660520140085052,0.7059982486884143,820776155774.7559
"Noix de muscade, fleur de muscade, cardamomes, crues",2018,1025.38407151461,26.677557845950716,4.363542407327749,79.09933042611483,0.6734032110046854,0.6843596636185552,829678229912.8591
Graines de ricin,2017,75.83422055564247,26.187897879890656,3.9712846389229988,79.32474238271709,0.6581409786111814,0.6679886036089574,783870022960.956
Bananes,2016,11693.966050494473,26.407633929224907,4.027819987361198,73.71035096855012,0.6368929561105814,0.6357106035165606,737381401369.3252
Sésame,2023,332.20127864291203,26.299171930348475,4.430542670254232,79.15763467486818,0.6775826821033949,0.698990554944748,998018007752.1935
"Cacao, fèves",2023,989.6679844498626,25.902437175151558,4.661925898618904,80.9180670610682,0.7115706134938895,0.6725232739630072,1001914346096.2891
Mils,2019,598.2003150209438,26.731510418675807,4.930772369548007,79.1136015313625,0.7268832160038892,0.7177303842383855,854584224423.9503
Choux,2015,10958.96102938589,26.59325242392241,3.130395237071598,72.61241623521344,0.5804435605279015,0.6030584271311332,681753019444.837
"Noix de muscade, fleur de muscade, cardamomes, crues",2019,1035.719058846199,25.713634398703082,4.906287659890946,80.57640387601435,0.6911201631006189,0.7465975630045338,873708702566.5873
Mils,2015,771.6323340364552,25.92908902329359,3.0942340226001384,76.18771577073547,0.6023682055714125,0.5804498852583597,682428042417.4489
"Café, vert",2022,561.6898137312064,25.565652556049297,5.126108848107482,77.4384517244949,0.6680100841504757,0.6660243693915623,947756091688.7302
Choux,2018,11448.76123509258,25.3149603612157,4.499980447740478,77.61963761211872,0.6947828051357631,0.6968433558592254,830551619076.1635
"Pois chiches, secs",2019,831.6,25.0941195834742,4.939929963772533,78.28449932312535,0.7171536874363432,0.7360226432867172,868202554714.7961
"Racines et tubercules similaires à haute teneur en fécule ou en inuline, n.c.a., fraîches",2023,4982.606639110222,25.441525537560498,4.672214527422532,76.89447280424363,0.6713085969003261,0.6835053314876448,982827928342.9747
"Racines et tubercules similaires à haute teneur en fécule ou en inuline, n.c.a., fraîches",2021,5211.1,25.92775342465753,3.9432328767123286,79.31665753424657,0.6736164383561644,0.6907397260273973,892399651748.501
"Cacao, fèves",2023,1003.6878594542037,25.890114529316328,4.46954915594765,78.5849879807602,0.689044837321738,0.7087559906569924,987231910610.7888
Taro,2023,3191.60931043292,26.737553536690303,4.481790822682228,79.17542989316198,0.6870629589792386,0.7121543165169062,991944238918.0841
Mils,2020,635.9051483496385,26.084836888151877,5.001047990143531,81.16287464192818,0.7354074255137946,0.7155731353384817,852972427925.6372
Fèves de soja,2021,1030.8698754954582,26.50127375303195,3.9442888065529487,79.08801271557667,0.6756674488014369,0.695220044691385,896317541918.0496
Taro,2019,3113.693979145634,25.939062067729022,5.157704266632487,79.40461101563088,0.7244740832023867,0.7220577266439014,876708158951.5482
Graines de ricin,2021,83.30002246678937,26.047599878876447,3.968781220141555,77.79855908326527,0.663448486113221,0.702303887158266,884961132465.854
Oranges,2017,4762.392906287534,25.830767572737518,4.057612932017769,76.72822565405187,0.6499935597599829,0.6613840202349681,781678805580.1364
"Tomates, fraiches",2023,4367.953735437622,26.123704764976857,4.5380189648861995,78.09230742815144,0.6966690155744495,0.6809745975449721,994593423304.5602
"Piments forts et piments, secs (Capsicum spp., Pimenta spp.), crus",2023,407.9246099253055,25.753533587165535,4.665060455312113,77.18781101700901,0.6933542713985408,0.6972502913528973,1004030782217.3217
Autres fruits n.a.c.,2015,6006.222980283878,26.524248330552577,3.1381028395991817,75.34386515771291,0.5729634695971207,0.5882931505150742,664566790005.6927
"Tomates, fraiches",2020,4259.240110599684,26.532581118409688,4.979183888938905,78.1327157570332,0.7234290102702569,0.7454959881960364,863558261566.4833
"Café, vert",2020,533.5204003719801,25.464505172483193,5.0220477775751275,80.69675471612402,0.7212462958796474,0.7214296376008078,855930340712.6023
"Racines et tubercules similaires à haute teneur en fécule ou en inuline, n.c.a., fraîches",2018,5284.400372562904,25.34961640398907,4.404296089121392,74.34523617380512,0.6638589881797964,0.6718703455426994,828113936162.5228
Noix de karite,2020,4079.4653749823146,25.681207775714835,4.957097969901818,79.03813276163896,0.7370922821292325,0.7430793629002995,839264407414.1066
Autres légumes frais n.a.c.,2019,4995.599888543144,26.081921215681504,5.205741902320223,80.08826134368867,0.7036752627615251,0.7322919046422964,876332016689.6082
Fèves de soja,2019,788.1123866466864,25.13361235087113,5.025761664592052,78.405235876945,0.7194114225207126,0.7107777400741797,868780896207.6404
"Racines et tubercules similaires à haute teneur en fécule ou en inuline, n.c.a., fraîches",2020,5285.189252801331,25.444717143472783,5.17568598722955,79.63149000328222,0.732444317471319,0.7484281754988497,854917693997.5168
"Piments forts et piments, secs (Capsicum spp., Pimenta spp.), crus",2016,420.8814131277625,26.2594233078147,4.078653488387302,73.99019729655359,0.6105262996765944,0.6122786913206567,735477836985.8104
"Noix de muscade, fleur de muscade, cardamomes, crues",2018,1030.9377790011506,26.042158645035315,4.23887397260274,76.48106979911397,0.6831671278938117,0.6747297111445357,825564458634.125
"Noix de muscade, fleur de muscade, cardamomes, crues",2019,1022.7474343657543,25.154774158877714,4.937992319580706,79.78908432824804,0.7392082449887817,0.7229814482984765,866231914673.9729
"Pois bambara, secs",2018,762.5547790213972,24.954241898421113,4.292150809855843,76.06416252874402,0.685979835861017,0.6989415999543854,810968078079.9573
Autres légumes frais n.a.c.,2018,5034.392448153248,24.63856106019876,4.372186242816743,78.64405354708917,0.6569521440847969,0.7061998087128469,828094327874.089
Autres légumes frais n.a.c.,2021,5105.2,25.92775342465753,3.9432328767123286,79.31665753424657,0.6736164383561644,0.6907397260273973,892399651748.501
Choux,2019,10986.109701306308,24.54992602739726,4.883594508246969,79.37885069417676,0.7225391099555475,0.7521949867290088,866583740901.5571
Autres fruits n.a.c.,2018,5684.462135264433,25.22978896713569,4.320107489536646,77.88803544271552,0.6802454479538864,0.6978748349612863,817940836815.822
Fèves de soja,2022,1020.4,25.620328767123286,4.94627397260274,77.37772602739726,0.6615068493150684,0.6768493150684932,940020690899.395
Noix de karite,2021,4004.982342308621,26.35211135680266,3.9067126073019476,81.89238979706509,0.6835504827140096,0.6876792305952618,894988807716.2941
Tabacs bruts ou non fabriqués,2018,444.56978355903794,24.83367495994825,4.23887397260274,82.00540273972604,0.6944955669188021,0.7074865694248027,821995890613.3982
"Tomates, fraiches",2023,4203.3235404438055,25.934865616910074,4.541115363873656,76.97447828581629,0.6913950003583328,0.6650874146616597,994473253774.649
"Coton en graine, non égrené",2023,647.7961357440333,25.775351509649138,4.414854498885364,79.71506706963171,0.681966991790086,0.7116664725740977,998980421578.5819
"Pois chiches, secs",2021,768.5454434420164,25.627416050821676,3.8643003926011774,77.75626719255914,0.6701546513414072,0.7018246549395109,892874413503.7302
"Piments forts et piments, secs (Capsicum spp., Pimenta spp.), crus",2020,419.0414519671655,26.08757828833233,4.990215195538527,79.55798774981021,0.7125416273695147,0.7522518869457353,859983494410.3383
"Manioc, frais",2023,3732.573075743928,26.32492208128063,4.646650989369128,79.19596409401738,0.6955494649788863,0.7005247608087507,1007338819157.468
"Pois bambara, secs",2022,761.3149566264367,26.22576039763414,5.0029691826327785,78.45305167110851,0.6413511904612416,0.6723581325908653,941777980255.1735
Ananas,2018,7763.356262532563,25.96850137234086,4.283343916301554,79.85612824718177,0.6965738890575011,0.6990656866903182,816006801383.9673
Sésame,2015,337.1703378449729,25.88363991258913,3.175908001095612,73.41129883428172,0.5893809877468517,0.5954140945623778,672391979860.5966
Patates douces,2021,3750.2947266601514,26.27167908113209,4.055058517431311,81.149353709086,0.6837037654228274,0.7088779159540379,896899820923.0286
Bananes,2023,13292.228826814193,27.03782668842905,4.5428902218377525,76.73660391946693,0.6639788575886236,0.695826659026538,1006311890203.9104
"Café, vert",2019,499.3,25.842027397260274,5.005041095890411,79.60054794520548,0.7189589041095891,0.731013698630137,864816063151.685
Autres légumes frais n.a.c.,2023,5184.951388303575,26.182913963095036,4.336859097071989,78.12992247613005,0.6971281334852603,0.6893355492818057,1018307607514.254
"Noix de muscade, fleur de muscade, cardamomes, crues",2017,1044.4670991177961,25.197610638898514,4.019443000984785,77.29676739007932,0.660321714280108,0.6608963579087672,788540775663.8505
Mils,2017,603.6163020926839,26.4653457633082,4.205234009931921,76.5888597854612,0.6672269322035747,0.6729065928828287,783101920346.7007
"Tomates, fraiches",2016,4515.907651529113,27.064488453775475,3.939545489098728,75.80328201351331,0.6057250495639569,0.6452491872400854,729570530973.0221
Fonio,2019,912.8998720667354,25.788861233627753,5.0526145629886114,79.98473240263722,0.7407480207691934,0.7180063507764768,863020627146.1411
Fonio,2019,947.2515965050425,26.138435019959534,4.898047009774964,79.57384280129243,0.7298568887891513,0.7256565934761569,860695688682.6277
Maïs,2022,1274.7827239751189,25.157231872769525,4.989098377995973,76.20028827550826,0.6795919730057933,0.6887737951377858,964155302747.7607
Patates douces,2023,3464.9970415421244,25.94567480079143,4.527107200127961,74.58143759057405,0.690641888222768,0.6868419896485739,1001572555823.0459
Riz,2020,1712.3191361671468,25.760066122637323,5.0235243037974255,79.3148684443216,0.7561999928363169,0.7409452604999957,857141833663.2737
"Tomates, fraiches",2022,4180.237035310259,25.717689890879438,5.0780280154073685,79.2609771466354,0.6515937171539172,0.6822504058636903,929181630091.205
Sésame,2016,328.46416326845383,26.235582595931675,4.0039816956304595,76.31921496722045,0.6303516020992976,0.6355036822569717,755246495404.6063
Sorgho,2017,876.2871414072742,26.55881549874761,4.043229724912811,76.47789987491987,0.6572514985038739,0.66347021417714,777576123478.2041
"Pois bambara, secs",2023,827.6068144611837,26.494947909233087,4.614049680837859,79.88110796188737,0.6710878203269321,0.698630485308141,980900290537.0797
Taro,2017,3090.760388296299,25.848598633993696,4.20190205614664,76.29269173431865,0.6292487379155423,0.6734594040603757,786337307642.0516
"Racines et tubercules similaires à haute teneur en fécule ou en inuline, n.c.a., fraîches",2022,5459.908969427824,25.38439365061627,5.012342406012891,76.77835333120596,0.6346468473170533,0.6496699477315652,912206031264.9836
Mils,2015,822.213860936608,26.48073580477244,3.1577833198395453,73.76337214798815,0.5636998126514899,0.5851940793265678,678473546908.8273
"Coton en graine, non égrené",2018,760.7228580616983,26.23468433232418,4.330678610935364,79.18269657120415,0.6655506575277378,0.6855937423790786,812145077374.8727
"Pois chiches, secs",2015,770.3568008708263,26.066519563412207,3.214167979209923,74.42794557989689,0.56086525697216,0.5824966142634788,691057026988.0261
"Coton en graine, non égrené",2019,651.9524078514571,25.57654129183582,5.0847233591785335,77.70174502763714,0.715359870220098,0.7404307681434918,864218178576.7136
Choux,2015,10512.229796688616,26.980661262517266,3.207060357497924,71.56937788396482,0.5883840464033427,0.5923990899497134,677514695692.6459
"Coton en graine, non égrené",2020,681.3,25.55327868852459,5.009398907103825,78.95647540983606,0.7270218579234972,0.7411475409836066,856967581267.048
"Tomates, fraiches",2021,4335.436029639209,26.374012375679193,3.8658384863594613,79.22331045182361,0.6852291371359882,0.7137608237204579,894892589209.6425
Graines de ricin,2019,79.19763690086681,25.069067755858832,5.20809168887502,79.34883514952308,0.7249651553212757,0.7260197388820503,868234691933.7512
Fèves de soja,2015,642.7272924958991,26.272189968982623,3.055763495758726,73.67838311217932,0.5806086022369936,0.5919535705190542,676660604763.6445
"Noix de muscade, fleur de muscade, cardamomes, crues",2021,1031.4874899706022,26.620655581724865,3.9433075716287305,78.82490932265742,0.665993747454239,0.686470895007185,900058350537.6902
Ananas,2017,8550.383691709249,25.71872361586031,4.125768664539514,76.28326060291144,0.6273547466064333,0.6624387152599058,787623679808.914
"Piments forts et piments, secs (Capsicum spp., Pimenta spp.), crus",2015,403.7067601169282,25.74462944263858,3.168357308368165,72.77947996022746,0.5940846679189178,0.5903489884839787,683511904766.4053
Maïs,2017,1209.9104722059358,25.287991545792504,3.912125802141316,75.54479990735058,0.6496727593413464,0.6593673866992236,781392967058.2272
Oranges,2020,4582.65529184587,25.689836794365892,5.165783054760659,77.28827412321525,0.7506685944670187,0.742369084737182,856825431744.618
Maïs,2018,1165.2814110770487,25.43463986759647,4.4967300093425,77.60633660944967,0.6453493150684931,0.6859470428748924,818061786869.0311
Ignames,2017,9043.329946673091,25.612273100075925,4.106125527737202,75.07537631119354,0.6591757119222461,0.6904826282192118,772381867814.9746
"Pois bambara, secs",2020,794.3197371718568,25.296921113736406,4.758928961748634,79.80293835382992,0.7039057689474274,0.7261409686160458,837606232305.522
Choux,2021,11002.137088525496,25.92810564185079,3.909337458981042,79.42221726960022,0.6723781571671814,0.6711521692315717,904127074088.0408
"Autres espèces cultivées stimulantes, à épices et aromatiques, n.c.a.",2018,1050.4533609482057,25.619028464777585,4.287473940112366,76.98051285510033,0.6684817998878111,0.6885443809886213,829350124769.6932
"Huile, noix de palme",2022,8872.354426986982,26.093007866630902,4.915236071354223,75.67984498149589,0.6723987979160363,0.6759910989915744,940169016070.1229
Mils,2021,626.7124774390476,26.31645096227304,3.873625347277804,78.16107192326872,0.6691601158280446,0.7099176433525843,893143277018.6237
"Pois bambara, secs",2015,808.100423823459,25.403169640419975,3.2323563814055887,73.13132791726123,0.5695231709144634,0.577731196581162,679558992374.7968
"Noix de muscade, fleur de muscade, cardamomes, crues",2015,977.7572930145548,26.70479771111077,3.0896262887605053,73.47829273852956,0.5875627722746961,0.5972406921078397,681732898391.1031
Fonio,2021,877.3210617202889,25.438294871569944,4.044235225258896,80.43024015853769,0.6778797521385533,0.6949191660814031,893412672228.2512
"Racines et tubercules similaires à haute teneur en fécule ou en inuline, n.c.a., fraîches",2018,5225.558536220712,25.361979811223154,4.628609268629535,77.80941579557673,0.6721771163368454,0.7122000621648924,814624450581.3896
"Coton en graine, non égrené",2022,694.1538031475416,26.17760307804326,4.85565374188368,78.92050988399703,0.655283159059175,0.6766402116654876,949281764705.6425
Sorgho,2019,902.3638638662262,25.250849810190683,5.058345305117649,80.10876991478688,0.7089482227533488,0.7076570421951143,867378940705.9459
Fonio,2020,865.8000980325426,25.478793725232258,4.981064970136924,82.90429918032787,0.7240575251157835,0.726827589997466,846393184047.5579
Noix de coco,2022,3664.573685480184,25.861506111210062,4.921573283355731,76.94777646152785,0.6740116879773095,0.6998524194858721,928206565345.3335
Ceréales n.a.c.,2016,841.387104194661,27.736123659078515,4.0330303655592195,74.6225264168346,0.6424958011794148,0.629557346291376,722862561079.2588
Noix d'acajou non décortiquées,2018,1484.604560090999,24.339130136986302,4.465179571535568,78.58540044329354,0.6860275605152202,0.7115331147844922,820245265882.9622
Fonio,2021,840.9402057690007,25.97465791988699,4.071378936685773,79.89126795033938,0.6921298447099039,0.6942709230549824,878501949578.9572
"Racines et tubercules similaires à haute teneur en fécule ou en inuline, n.c.a., fraîches",2016,5329.434327449235,26.094214769828817,4.052398536734455,74.10665895666574,0.6099516066618177,0.6208833747446486,746674734002.4667
"Autres espèces cultivées stimulantes, à épices et aromatiques, n.c.a.",2020,1055.7092486643683,25.963412382842744,5.091554306658691,77.85848821826679,0.7110683101552281,0.7590503457213709,867612633819.8196
"Pois chiches, secs",2023,796.8188663570696,26.815088677835426,4.492666445803786,75.41088696554354,0.6811316833421747,0.6995698038782564,999730424999.3264
Haricots secs,2017,536.7864551581212,26.92030805772862,4.048033003589836,76.98714673759136,0.6422542861234891,0.6460281307531007,780481120428.8674
"Coton en graine, non égrené",2016,917.269292529053,26.184828666278946,4.062345632082754,73.46456140289104,0.621041781358272,0.6223655032983321,723459104951.4557
Graines de ricin,2021,78.12041638723726,26.187508156299263,3.8687808236441845,78.57710628240756,0.6720117385512792,0.6716394565014959,890105459649.0096
Bananes,2019,12647.953314542377,25.96397794851893,4.832170168625681,82.30082988468155,0.7189736785308776,0.7092660402422157,878802268842.8499
Autres fruits n.a.c.,2017,5729.989936790571,25.153898362317282,4.0629496022124085,76.71678400366116,0.6338586986205286,0.6653820768399084,786283534465.5321
Ananas,2023,8114.786732027434,26.590861470404253,4.5746912947721565,76.24341126017454,0.6917284049084198,0.6727650993345613,987656278200.033
Bananes,2019,12781.481891008007,25.947654945147438,4.915078185061035,80.80343803364347,0.6927141076240139,0.7205870349861947,848233155784.2522
"Autres espèces cultivées stimulantes, à épices et aromatiques, n.c.a.",2017,951.1699916062679,26.264225946616055,4.097095555732994,75.32906253548106,0.6722856776852675,0.6581208004933269,783717391787.6594
Ananas,2018,7575.636172229326,25.25249240553816,4.4277615815351785,79.60318901754606,0.678749766838264,0.6869397123815404,812726928998.3528
Autres légumes frais n.a.c.,2023,5081.33548509103,26.16762596117979,4.653459773507544,74.74022213200948,0.6879050503341275,0.6827729765321229,999227211063.6041
Sorgho,2018,878.1384419044746,26.288207400327167,4.408851826827027,77.15614112393229,0.6916207728713895,0.7291027397260275,822360469311.6405
Noix d'acajou non décortiquées,2021,1540.8436099491644,25.598240281506193,3.971959995025786,80.95147704999569,0.6585138970542086,0.6781872505521042,902478352535.5137
Maïs,2023,1311.9009759120825,26.512770570748078,4.555018552827268,75.59409424611941,0.6824205217525604,0.7118322377415062,1012616203904.2439
Taro,2021,3069.5448975480367,26.432567431867216,3.9766580716680857,77.95308610121985,0.672955046453023,0.6923763080718955,908611356294.44
Sésame,2023,331.9782366638229,25.83243898013062,4.422127982690169,78.2902279058537,0.7112448116110222,0.692120425745809,999982691633.0068
Tabacs bruts ou non fabriqués,2016,423.49661704282715,27.02935272501376,4.005321405531374,75.68407152631667,0.610993552358074,0.6031029396295998,745022090634.0337
Sorgho,2023,999.5272064222622,26.478320545120976,4.524199073776934,78.42770454393256,0.6753200243320537,0.6808154452782549,989273720794.2725
Mils,2019,571.7075273226643,24.60982806041746,4.948480412124973,80.29121629593264,0.7194791095093239,0.7070877362770166,848630798845.0458
"Autres espèces cultivées stimulantes, à épices et aromatiques, n.c.a.",2022,1035.9393123246748,25.577048175999202,4.907800144064713,77.81353876429863,0.6501915950478319,0.6740838361035832,947326698975.6699
Sésame,2021,324.49509204782265,26.561867214793672,3.886155858892534,81.1809777695078,0.6482041557827594,0.6919407969737086,915518998859.6793
"Cacao, fèves",2023,932.0235732871739,26.545322471151156,4.602303457359265,79.32141452998556,0.6919580760479371,0.6851713112845763,998868001065.6255
Tabacs bruts ou non fabriqués,2017,424.5781182783809,27.0247931838952,4.170910421184357,76.85556739282575,0.6434622082027109,0.6748724292912958,785959578948.1963
"Cacao, fèves",2016,944.0222543805827,26.431382484852154,4.001426218040294,73.4155551452779,0.6454296119803511,0.603381035506371,741762222807.1206
Maïs,2021,1196.9238189187975,26.812054657992523,3.8696607210352476,79.24654969819052,0.6936527854076414,0.7004344561492258,893388471288.622
"Manioc, frais",2021,3889.20515933652,26.546977815705038,3.963066891785416,79.47453143264799,0.6595685152280917,0.6712067258659619,899233607501.2026
Patates douces,2017,3343.452888932191,26.03149261588235,4.048838834431354,76.36844293325355,0.64736574337203,0.6412644926861456,809699876705.837
Maïs,2020,1229.5886206628115,25.886529918543186,4.962766153306132,79.72073922885642,0.737379992236442,0.7170652345848975,860461608495.976
"Pois chiches, secs",2022,734.0444209790817,25.796790604572326,4.852168624063718,77.83746301661301,0.6448874704271296,0.7005051474070356,939993902776.8492
Ananas,2017,7975.335987579718,26.62578393042964,4.010795972790554,75.78815293416551,0.6531436601487733,0.6546650446499177,791613800892.6733
Noix d'acajou non décortiquées,2020,1514.3502601147368,25.42093749953778,5.11281162885653,78.6779081221056,0.7241123074789745,0.7229696194551162,844474871156.2023
Tabacs bruts ou non fabriqués,2020,422.7684028189521,25.340860085476606,4.993426557978477,80.58392201834992,0.7480312386553979,0.7217482048425783,865299084976.6206
"Autres espèces cultivées stimulantes, à épices et aromatiques, n.c.a.",2015,1063.9137633673795,25.797923113341025,3.2320506289726305,75.64564874809687,0.5774547172382861,0.5721747614872522,673366577832.124
Tabacs bruts ou non fabriqués,2017,438.02178541037546,26.081441624015298,4.064422035339355,77.8985007537257,0.6405273244038036,0.6534390494545427,769820030054.2704
Riz,2023,1797.2170430907308,27.024901151804965,4.419082989923158,77.82400659232627,0.6714727706304332,0.6829582608100664,996433921897.7843
Autres légumes frais n.a.c.,2020,4908.28208522076,25.533008293992523,5.232608639345158,77.8533316595982,0.718429821480184,0.7276906872038073,862460462031.3527
Ceréales n.a.c.,2016,837.4490101150813,26.602246244882664,4.035503106936693,75.59170068288132,0.6156164945313788,0.630681336552145,732710751126.5696
Mils,2020,571.7305091682666,25.433768974621135,4.936305519617056,75.54346787129352,0.7263624391076656,0.7094558464542289,860417505019.898
Haricots secs,2019,500.84504409472896,26.282846164560112,5.066261194933049,81.37068739804094,0.7289772666796487,0.7262396244428532,872622338729.8671
"Manioc, frais",2018,4001.4631038882194,24.652950086718075,4.519916267310317,76.02134941811298,0.7005375411463395,0.6720122008016289,813356169511.4675
Fèves de soja,2015,614.6579533723445,26.02943606679736,3.2096473971426325,74.81543296714455,0.5868667665279024,0.5863129781198086,666353319078.3527
Patates douces,2020,3597.0756499246995,25.24379887771989,4.86507217852181,80.41868961786192,0.7125787055682398,0.7261840593649728,858502837082.5842
Taro,2021,3198.965969836896,26.773219236114766,3.9538068760371066,79.74729486584364,0.6663925212199651,0.6974611907079801,889529533749.5065
"Huile, noix de palme",2022,8335.76704531772,25.933118132907165,4.99365510085657,79.24834528884833,0.6359878695306851,0.6765761044611442,929117035818.0651
"Café, vert",2016,388.3342323984828,27.36734947123655,3.9893975954126235,75.51100310194299,0.6223450281686352,0.6476949927640769,719928701707.7941
Noix de coco,2021,3684.37405511658,25.841916341235564,4.0046138770737,79.85882044008044,0.6718660592220165,0.7091090503870778,893252737806.3857
"Cacao, fèves",2021,1106.231446954905,26.17025245741703,3.9732714959088353,77.51529113467524,0.6637122301122149,0.6932316086069893,906052388806.5278
Noix de coco,2015,3352.5123829143595,25.940901202358575,3.2271563113624375,72.21520843265623,0.572531041143594,0.5880657726601503,692896636973.6047
"Pois chiches, secs",2020,769.4233942998455,25.37469831302663,5.188676360394073,79.34425272580627,0.731231003671039,0.7462677870126216,864176351712.7355
Haricots secs,2023,556.0957921591661,26.062814615907314,4.435332417037152,77.6248473489928,0.6838334304000697,0.6885451145455698,1007043965684.3037
"Huile, noix de palme",2023,8562.568916255566,26.330628493646113,4.299120474025786,76.2012824396474,0.6895499733482988,0.7029101094171587,991589681035.0316
Oranges,2019,4584.107543614817,26.22867663894017,4.892508697960863,79.72561161100943,0.7216325994803581,0.7463638786172143,868638178864.5369
Maïs,2017,1181.9117748942317,25.702034839063717,4.072896946645897,78.19747002175444,0.6518775822869369,0.6613985111879248,796511381626.2007
"Pois chiches, secs",2019,742.440824227879,26.610427545002675,4.85021581553786,76.29205053975254,0.7239979034349112,0.7546072634701249,871141328394.6221
"Autres espèces cultivées stimulantes, à épices et aromatiques, n.c.a.",2016,1024.3,26.5448087431694,4.076065573770491,73.88571038251365,0.6231967213114754,0.6228142076502732,733416000000.0
"Coton en graine, non égrené",2022,670.0,25.620328767123286,4.94627397260274,77.37772602739726,0.6615068493150684,0.6768493150684932,940020690899.395
Fèves de soja,2016,571.2274954959029,25.450712031543038,4.106322643699471,72.64223198161412,0.6078791716709857,0.6247125389679545,737443951260.7413
Mils,2018,599.9701957846451,25.044761411754564,4.423478925168224,80.9146046513487,0.6858199787473603,0.7034948625075322,825921973450.6042
Noix d'acajou non décortiquées,2023,1545.1087896992378,26.374186562176906,4.390743772998893,77.98659951672565,0.672688704421263,0.7007122166928427,993085356599.4895
"Cacao, fèves",2018,1047.7913714785666,25.91053948037393,4.363226375456868,76.71250183876728,0.6602191039964895,0.6888172565953795,819781933125.5199
Riz,2017,1627.9295871730012,26.50738980538731,4.016729567647881,74.25544208509585,0.6683530335153449,0.6627746022223879,778922557050.2795
"Pois bambara, secs",2017,758.5768546175331,26.75706083824968,4.199400444575371,77.81951795118006,0.6616426356104551,0.6500772043778575,784871960629.4841
Noix d'acajou non décortiquées,2017,1496.9229213962944,25.766073068523973,3.9622108956498807,77.01392227930602,0.6587951901178781,0.66023402783493,781532918911.3375
Fonio,2017,587.4856610624614,26.559143694271434,4.10081235458177,77.14542226236486,0.6448458986352484,0.6739368599869197,790508215737.1593
"Pois chiches, secs",2015,763.579016949427,25.25704508968747,3.10184445976528,70.83128799157994,0.571030437767577,0.5784387764989187,677367620163.666
Bananes,2021,12681.016084682173,24.82445031181431,3.7934071456045806,75.7618253271985,0.6510231404307198,0.6797132017435941,885772099007.4446
"Pois chiches, secs",2016,695.0901714667443,26.509580132929507,4.01184833279436,76.08248390042296,0.6353035793223405,0.6174709675508248,726718833865.9736
"Coton en graine, non égrené",2016,892.2525863734121,27.122464007177573,4.150728651878343,74.80957113475314,0.6270671286366543,0.6308303526262506,754535879159.6427
Sorgho,2019,826.1648500479346,25.265569188951194,4.956140200208422,81.4265388165746,0.7102391781133233,0.7344353093345771,876276340545.1786
Bananes,2023,13557.760209364147,26.414062838306215,4.61416335181557,78.72690176601515,0.6487915280665664,0.7184458469458311,1008341265782.4087
"Cacao, fèves",2023,952.25847092109,26.586986310804935,4.744187671232877,77.28305301019448,0.6766749935352053,0.6930193940245749,997527525317.0536
Oranges,2022,4606.8359603413855,24.770448906588733,4.892960655975826,77.63790702730968,0.6693625736586322,0.684363358695781,934606911230.6577
Ananas,2016,8264.221114886728,26.46893486663515,4.036056475636365,74.39842309742257,0.6121169517034325,0.6153007993483559,733360357281.4766
Fonio,2018,844.1696208226733,25.161155759388016,4.423818609888448,80.06374210007054,0.6638063312221812,0.6834153215607609,821370943494.8289
Fonio,2020,827.2760106108304,26.415909657158842,4.9827096100458315,81.92425274583763,0.7149566166883654,0.7590234342134242,854123346652.2942
Autres fruits n.a.c.,2018,5826.0380333742305,25.88458162068521,4.399417079565658,77.55534237793388,0.676733710764222,0.7028861281049642,822022461306.5112
"Coton en graine, non égrené",2016,884.2087270335604,26.475188438670322,3.9885054464333116,73.07078037202915,0.6250831984586013,0.6302820841761931,719393654568.0896
Noix de coco,2023,3755.808792880956,25.72777198787503,4.446026796911455,76.56266363598243,0.6883002930455828,0.719696909927432,982046401997.7736
"Pois bambara, secs",2018,762.8,25.62013698630137,4.461972602739726,78.10038356164384,0.6793150684931507,0.6943835616438356,819305083628.113
Oranges,2015,4676.926395806453,26.92010783262392,3.214603905952773,74.8001277319612,0.5889127481969595,0.5652693348274783,678837226329.5654
"Piments forts et piments, secs (Capsicum spp., Pimenta spp.), crus",2019,435.3734481478133,25.50906351742547,4.993500386359434,79.87338532828147,0.7074209740048184,0.7177441495925574,864960136639.6056
Patates douces,2020,3594.5704705888747,25.54480508131706,5.103149870651109,79.35361173393636,0.7343879405613557,0.7708127447299268,874835000338.0284
Autres légumes frais n.a.c.,2021,5155.874068816351,26.1128123023885,3.8841702410484804,79.79279552765453,0.66899806131087,0.6838969792260462,910314371552.2305
"Pois bambara, secs",2018,751.1696716086972,26.372813773378915,4.538724744018572,77.31246320162192,0.6785687010702064,0.6933674690160154,832050878412.04
Fèves de soja,2023,1030.7107354457073,26.718950746216322,4.590201300613718,79.91341406716862,0.6800209410700008,0.6770228675164403,1006678655881.4106
"Racines et tubercules similaires à haute teneur en fécule ou en inuline, n.c.a., fraîches",2020,5257.546560779248,25.75190259082804,4.9414643561714025,78.24431370234043,0.7168807247724733,0.7278394304501898,843968996705.2057
"Racines et tubercules similaires à haute teneur en fécule ou en inuline, n.c.a., fraîches",2016,5529.703314410438,27.16693784852347,3.989439512799737,75.03164454579132,0.6075842824579124,0.6251759019920312,730947263597.3217
"Café, vert",2015,353.21586463291794,27.145391608749946,3.178277921413263,75.26388817066989,0.5818054117932218,0.5810917051448901,677048811135.4392
Maïs,2021,1233.6390457266739,26.604106050492703,3.978851727992691,81.31875611709239,0.6835749388241307,0.6888645777405453,883311263397.8848
"Café, vert",2020,513.6113537791721,25.607094479982475,5.040986282473439,80.94330769760893,0.7109861624330782,0.7064681132592608,858423830320.9258
Choux,2023,10586.543520345556,26.828413693650745,4.486556216558822,77.56392077339792,0.6809618764344781,0.702641825156746,991495627272.2366
Fonio,2020,858.6416085702087,25.62920566890863,5.0156488465816125,82.6237912374086,0.7267731695676451,0.7464548892053019,855370897866.5957
Haricots secs,2022,527.9537177743144,26.59527842098739,4.985887046727942,77.39518249483918,0.6496254497318226,0.6680378077465747,921937301778.4846
Choux,2022,11209.768934727445,25.725853185635916,4.941587939868189,78.31491713529644,0.6660506695005377,0.6775055325846323,938797503674.6227
Oranges,2015,4463.075251472824,26.12503288591449,3.172570714046408,73.80801518688037,0.5727211781017554,0.5751178520726373,685561839355.3354
Haricots secs,2022,557.19547835468,25.604555763825072,4.753457452026229,77.75474476647932,0.6667039465549339,0.6968566530475333,938254210119.9313
Riz,2020,1634.0531794200188,25.323698426198437,5.15282693693903,76.35022910308183,0.7115178483428548,0.7337915693261966,877560504145.0834
"Autres espèces cultivées stimulantes, à épices et aromatiques, n.c.a.",2018,1038.0491162164815,25.610372295177395,4.527440577691786,78.39411731090725,0.693983261135825,0.6946536337579171,830626223302.8141
Riz,2017,1718.5614154243108,25.55438575321978,4.0927571982301565,74.80965039211682,0.653320293040916,0.6729676033370662,791597452967.0342
"Cacao, fèves",2022,1160.287700885367,25.176133825373146,4.952190177916017,77.3460710592055,0.6659637574603596,0.6990681652324008,944956786189.4402
"Pois chiches, secs",2016,748.2212888237664,25.952382507594063,4.0424043992559815,77.5076527473922,0.6224565703680858,0.5952047559375323,718365841306.7347
"Pois bambara, secs",2023,775.6,26.15476712328767,4.51827397260274,78.15893150684931,0.6806301369863014,0.694904109589041,998973479941.652
Sésame,2016,330.07578800505996,26.391226624637092,4.015135675754976,74.11239936642023,0.6066115001969054,0.6223682553580779,741932964779.575
"Racines et tubercules similaires à haute teneur en fécule ou en inuline, n.c.a., fraîches",2017,5083.0160560220575,25.90762203594906,3.918510609619391,80.06000642853425,0.6438050780076965,0.6693409269153022,782868997852.2214
Sorgho,2023,957.7702318987057,25.456548779221617,4.5621566889684235,78.6855977920712,0.6757891691407427,0.7109434101854107,1002199429541.0802
Noix de karite,2018,4215.543925514388,24.690684319757946,4.529548259281139,77.00536158032695,0.679390660269383,0.6901391372171264,829057420942.0724
"Café, vert",2023,520.2978967958942,26.28469560077307,4.31279742246808,79.07398034432202,0.6821066745335397,0.6899785540813379,989093368802.4241
Maïs,2018,1234.7242878960815,25.94496219152318,4.3857367802668605,78.6949696482182,0.6622000008365839,0.6968618024563212,820255538540.7407
Choux,2015,10692.23956169412,26.787726160991177,3.1345100939994675,72.85369976475003,0.5664053748032177,0.5931764786281649,665989972354.4309
Ananas,2020,8031.049510458481,24.737943847810108,5.035560526012779,76.33889921231906,0.7275018648038127,0.7642059124364968,871684348945.3395
Fèves de soja,2017,725.9952348830091,25.81050232059177,4.023114537643227,76.77919964105848,0.6687802139131365,0.6596048669917659,777638410353.8379
Autres fruits n.a.c.,2020,5773.363513149321,25.26709472203054,5.041890248511705,77.60452800471695,0.7177594303220447,0.7518604866714728,861796196202.3258
"Coton en graine, non égrené",2018,768.9177395341604,25.32164133455486,4.394049870686785,79.39399968169278,0.6859789215196896,0.7235054919761182,837071845526.2936
Mils,2022,597.3584348060893,25.78611967673817,4.83310572733838,79.62084606134381,0.67913247505069,0.6613773462389666,936428558856.7048
Noix de karite,2022,4610.389479706439,26.047396402057263,4.920336904544333,75.01025960334505,0.6547935524661245,0.6653095725794678,935455843102.1145
"Café, vert",2015,374.4216995252952,26.907434096289887,3.2187833906323102,71.24017055762424,0.5833836868733865,0.6015691134659931,667440881235.9519
Ananas,2023,8016.4,26.15476712328767,4.51827397260274,78.15893150684931,0.6806301369863014,0.694904109589041,998973479941.652
"Coton en graine, non égrené",2017,684.2571059148114,25.46878880389268,4.191745618239871,75.89300149564059,0.6278281889924697,0.6700669829485681,771917934240.6964
"Piments forts et piments, secs (Capsicum spp., Pimenta spp.), crus",2020,410.4556547421511,24.281430322187198,4.972850764131536,77.91822799182208,0.7117203846978404,0.7194603704007835,864298781906.168
"Pois chiches, secs",2018,738.4453730778022,25.753701622421044,4.505847995612877,77.48617507072571,0.6967363969465459,0.6905822289163751,803709878147.9042
"Cacao, fèves",2016,938.0447217784614,26.34193697297852,4.071602973241911,72.84253264375506,0.6276767764813332,0.6039539616288905,747012941403.3129
Noix d'acajou non décortiquées,2018,1518.5498741184679,25.70124437228718,4.352871308100534,75.84587969026371,0.6718477694910531,0.7011291202706491,812156729036.9752
Riz,2019,1681.0061330529034,25.49100185276227,4.965269081444564,80.85403940256381,0.7140163135215416,0.7059510758187185,859146425331.9579
"Coton en graine, non égrené",2016,857.3065917435292,26.072701027501537,4.179254954649909,73.5802828640503,0.6296351788668335,0.6225521763940224,734860476230.5752
"Autres espèces cultivées stimulantes, à épices et aromatiques, n.c.a.",2016,1025.7821256336565,27.328752028898137,4.03088732603681,75.01407803673119,0.6049157490221105,0.617325651573269,743635880118.758
Fonio,2019,873.4587065738216,25.695307522563287,4.8154183741219745,81.06529727934729,0.7054028429681937,0.7207309448941259,866419212982.4226
Maïs,2022,1305.563997815658,25.45788534208653,4.796484277229565,74.19538794285403,0.6675082459680947,0.6624050569536896,963959056102.6704
"Pois chiches, secs",2022,769.4954485944012,24.688955511136125,5.08703709791683,78.39356690419085,0.6465789060659564,0.6699144098444603,941476179899.7528
Choux,2023,11415.319695720778,26.581907829677277,4.479458507887683,77.35849628131368,0.6856761443250209,0.7043979696752787,988882106252.5269
Sésame,2016,329.1089152773174,26.663352313506948,4.051416146106927,74.73554826245253,0.623808792457261,0.60452122317112,741919005585.813
"Manioc, frais",2016,3887.0551459244284,26.81974171411052,4.050937843878552,74.08706955964189,0.6426617839785759,0.6222795258558603,747861603583.4058
"Manioc, frais",2020,4120.606356443496,25.642862365693528,5.1729775757559695,78.94554068180716,0.6906707650273223,0.7440472206862238,846233541393.6337
Choux,2018,11951.945369402203,24.339130136986302,4.39883059982984,77.6566089501166,0.6940267675334951,0.6876117287304374,814687600341.6562
Choux,2016,10983.73678659387,26.926156966039912,4.018967594591807,74.25123911209316,0.6176691120164997,0.621831749040355,738252491687.659
Arachides non décortiquées,2019,752.4455298257934,25.91198508372257,4.828910873730447,79.96761152353609,0.7175481198391114,0.7330541604634714,849816254777.7764
Sésame,2015,327.35541340993836,26.843168394935063,3.2306082340562625,77.41620121084561,0.5986784231182594,0.589892065140163,669474136549.959
Sorgho,2015,929.3998179270378,26.574224710803144,3.100942209755389,74.38089594815959,0.5758845323654257,0.5909169216930498,674113796797.745
Choux,2018,11400.515492538314,25.82503917376261,4.460822463509285,78.25920349311029,0.6873839918801947,0.6888766314216445,808526979657.8655
Ignames,2023,9065.622363351502,27.116762615945344,4.486574381557093,78.835201912898,0.7085393432313883,0.7014078963693698,1005870593482.7773
Noix d'acajou non décortiquées,2015,1479.7953922449901,26.593977110007284,3.083265645670776,76.29247766806544,0.5946605840980147,0.587550951820243,683207210332.1174
Arachides non décortiquées,2023,722.2666362709502,25.840796085189886,4.482277125703047,79.48082638260306,0.691906701835911,0.6899188500399382,991808202945.7686
Autres fruits n.a.c.,2018,6006.073100657023,25.379105004566583,4.563995334485551,80.36862825231059,0.6718386099092662,0.709245371988549,818540632384.8494
"Café, vert",2016,370.7068047754045,26.09307620946771,4.124433827783527,73.94079101350572,0.6145339459065637,0.6256581536720455,731815261150.3888
Choux,2017,11434.336328146646,26.27695148721084,3.954343665748817,77.53507225150202,0.6505916666634296,0.6557905236622582,781631565932.805
Tabacs bruts ou non fabriqués,2015,430.1682872769625,26.282390865399154,3.2774875961784375,71.47505816896032,0.5968073872453102,0.5861640104458032,673791949890.2766
"Café, vert",2015,366.9,26.17372602739726,3.183424657534246,73.75301369863013,0.5778356164383561,0.5891506849315068,676983748351.848
Taro,2023,3122.6814181839236,25.36136974906484,4.4704534143613355,77.89357399152202,0.6843252442230624,0.7063535232402426,997460771779.514
"Tomates, fraiches",2017,4377.791630967432,26.377192809641393,4.1130010984235374,75.98166155618689,0.6341809024925367,0.6649015261609718,775036373780.4355
"Pois bambara, secs",2020,782.7336755213415,25.33410743926146,4.835071189687571,77.67086631919642,0.7144165776141023,0.7475529842815657,858257977070.7798
"Manioc, frais",2020,3935.593809637196,26.059001876566686,5.023345367649144,78.58787733905365,0.7454190777466332,0.7556978462637522,855096427290.2734
Sésame,2017,338.5863660687404,26.067098139131755,4.048750593184999,74.34372845824636,0.6565507238321779,0.6622486484214496,775074037200.9734
"Café, vert",2018,461.21537872631706,25.17328161578767,4.685071232876712,79.77956127030613,0.6778989810604613,0.6676890290293949,834177138396.3099
Ignames,2015,8928.797342664067,25.865451334937422,3.215093886430563,74.67497147160908,0.5708779351322248,0.5895488795058794,675812213637.6962
Sorgho,2022,898.2721478489582,25.579128319225145,5.039694132151666,76.44355039524149,0.6522833114834665,0.690794912364603,949550917164.579
Oranges,2022,4672.018210985446,25.92737691820924,5.081510443262675,76.97042265763426,0.6582436983882193,0.6524922822538444,938122911539.2681
Arachides non décortiquées,2023,767.7587606357307,26.129383999294017,4.560454159456764,76.80290422630304,0.6881162898909099,0.7221549526479595,1008959037612.311
"Piments forts et piments, secs (Capsicum spp., Pimenta spp.), crus",2016,426.3048442699767,26.096408141962915,4.12283018509943,75.14090739248789,0.6260689101271422,0.604303586921975,728525206883.6488
Choux,2023,11125.697668337167,25.81768137589949,4.476341214215577,76.01734136842191,0.6789912233658517,0.6828364720950073,996399302295.055
"Tomates, fraiches",2022,4428.4534039675,25.23547537854139,4.8784701721687895,76.27402123204755,0.6528195349400953,0.6899630995200206,924414946563.812
"Cacao, fèves",2021,1085.1992652441745,25.640461381902714,4.054025523180323,78.79648525965258,0.6689275780010551,0.7188650267880551,901278235057.7943
"Noix de muscade, fleur de muscade, cardamomes, crues",2015,975.7435825006455,26.020992406513827,3.184471938039472,74.38171080434593,0.5865335439695823,0.6186082191780822,672597926324.7639
"Pois chiches, secs",2021,753.0455916044616,26.36216857577727,3.924536514584877,78.8061613520006,0.6869265780063118,0.7126568236330681,885038227015.8191
Riz,2015,1721.911810528528,26.45730696797909,3.1536238733631,74.92973196445007,0.5889618079516344,0.6154384052940061,685126479580.668
Taro,2023,3238.257045908461,26.273498312936262,4.517798880503573,77.65907542574985,0.6739421822581606,0.6811989293431578,1005695065293.181
Autres légumes frais n.a.c.,2017,5158.313593832505,25.290997025654164,4.035711822961846,74.78914706145284,0.6557927864952625,0.6642953066376123,785298375983.5459
"Noix de muscade, fleur de muscade, cardamomes, crues",2022,1068.4048580027768,25.16616371643625,4.882463023400539,78.46724994664645,0.6531089976524291,0.6730639431606797,941231447503.0535
Graines de ricin,2015,80.77475655911141,25.64613625224984,3.2338077741993807,73.3737835471335,0.5696070033026963,0.5881655085513748,664413666373.359
"Coton en graine, non égrené",2018,757.6916757197686,26.90114383561644,4.337729957035884,78.15279006826314,0.6678258987387913,0.6983771800354501,811797798956.9996
"Racines et tubercules similaires à haute teneur en fécule ou en inuline, n.c.a., fraîches",2019,5359.061072106564,24.56577655731573,4.947262664371621,80.6865906817663,0.7109352615167461,0.7090363081740428,868546854585.3326
Graines de ricin,2022,80.18592326241661,25.931204802050267,4.846278546573718,76.16542760094373,0.6574437894610814,0.6691312259867463,932941076861.0023
Fèves de soja,2021,968.7009944817337,25.706592570571658,4.024823566558375,78.64533959647932,0.6748977683389114,0.6590304638075165,886680641801.5563
Fonio,2019,870.8624698819892,26.578000147332304,5.045634483341961,79.63224420399658,0.7311248346972062,0.7403264856294159,874436087762.5476
Maïs,2018,1239.6,25.62013698630137,4.461972602739726,78.10038356164384,0.6793150684931507,0.6943835616438356,819305083628.113
Ignames,2018,9224.775009101342,26.112791986712484,4.536639182906409,77.19243728030538,0.670050320625299,0.6660507831523924,804388439972.874
"Huile, noix de palme",2015,8580.121996677435,26.01023987789066,3.108821150271741,74.59814358379168,0.5734441611223312,0.5997817484413849,692186006807.9724
"Tomates, fraiches",2022,4295.674269479721,25.124158410997573,4.796171160040515,75.59173472668874,0.6664296130970849,0.6774890405639754,956608449828.7678
Haricots secs,2020,540.9218557724674,25.451994884252517,5.119565060533484,79.71385567676471,0.7056714531928948,0.7440924748187129,855851838954.4453
Choux,2022,11160.403598848434,25.100494770747765,4.867620051577075,76.66741019742547,0.665070632808914,0.6714142327493798,926025161608.7656
Haricots secs,2023,576.0609919236917,26.5672171140607,4.449660522316531,76.23303084165568,0.6956015759126914,0.6947505340082193,1006340221610.0879
Sorgho,2016,856.3566792387159,25.395433143837902,4.03040804221782,71.7451457441204,0.6125974171983631,0.614316781786199,740176865181.3977
Autres fruits n.a.c.,2023,5785.138809636451,26.21105698197744,4.697410446526166,76.20692944653887,0.6860429040592859,0.6969139810140851,1004987025626.6544
Maïs,2018,1248.6123598931426,26.124078598728847,4.469151624635449,77.70527343771963,0.6657509860925668,0.6945176452302966,826503633977.2614
Riz,2018,1716.5148180047363,25.613270474461284,4.464760246567649,78.77134031064618,0.6900366885702257,0.7128664383596413,825688065959.9192
Sorgho,2015,897.8125433396898,25.889467125023327,3.2727838622776053,75.27375642168676,0.5863906814324295,0.594627321929738,678007449817.191
Fonio,2022,869.8415340977084,25.57990057911993,4.922713719408689,74.25135975646215,0.6587795693362302,0.6643929463783549,925646364990.9385
"Pois bambara, secs",2018,781.6783395862909,25.360230865433042,4.513408101378358,78.36009697041932,0.6856824157975931,0.6976904238233351,825690595013.8098
Patates douces,2019,3589.9549356359407,25.486393035444394,4.99654589199512,76.91677835608716,0.7264311129889388,0.7215008563011024,861752319918.1483
Choux,2021,11266.6,25.92775342465753,3.9432328767123286,79.31665753424657,0.6736164383561644,0.6907397260273973,892399651748.501
Bananes,2023,13529.452911780892,25.478007828564042,4.458763220547522,78.10669423039755,0.6912748118435329,0.7010430685781052,993426415630.9259
Sésame,2021,331.05206018795633,26.583113273383297,3.9081526845874697,79.84597877745226,0.6851198212895275,0.6974504293094425,888739815794.8446
Graines de ricin,2019,84.16649819801135,25.92213644835545,5.215235078356404,81.26366901293333,0.7308493695693646,0.7048711116867138,858712635747.0096
Fonio,2017,618.3812223793046,26.65581542299077,4.206052425480127,77.77488711026992,0.6155854351095104,0.6700520120508636,777606089698.0969
Haricots secs,2022,538.2067527359154,25.613834601137295,4.842720276342626,76.70666754903745,0.6596386519401684,0.6548896589426488,949716296609.308
Mils,2017,587.3227780953184,25.976011584236726,4.056812384145088,77.82775676091073,0.6624718054075478,0.6936616438356165,784567121123.5967
Arachides non décortiquées,2022,739.9735811698706,25.194306464814957,4.963469418579435,76.54201085306886,0.6328721101038406,0.6930612215389793,944366243828.7239
Autres légumes frais n.a.c.,2018,5154.279140293006,26.25767189832671,4.357803885091391,79.72459271988201,0.6686384070164736,0.7081214253397142,823676628117.1218
Noix de karite,2018,4220.761858460669,26.315500144911418,4.537488887202035,77.44622009867264,0.6774999176291711,0.6985623191497637,807959501417.6095
Maïs,2016,1228.385541890469,26.678368054900588,4.279868852459016,76.45092169635726,0.6021481472264406,0.609665194390162,729365700777.412
Noix de coco,2020,3702.5617382508253,25.716299280086083,5.05625771254627,78.89666534559649,0.716592386508824,0.7462423086230165,867400939308.2942
"Autres espèces cultivées stimulantes, à épices et aromatiques, n.c.a.",2015,998.8255528405139,26.440380790688348,3.243331995330584,75.05544463623202,0.5701007061326681,0.5643015793093922,677684314268.3435
Autres fruits n.a.c.,2016,5874.66204562553,27.18966629702157,4.047660183305451,74.02152039407142,0.6349950036445353,0.6158681086989629,726814609963.1515
"Coton en graine, non égrené",2022,688.233140387522,25.45537965040749,4.698960273972603,78.27052626393038,0.6531255091786401,0.6837315550199703,943410352617.3973
Fèves de soja,2015,635.8,26.17372602739726,3.183424657534246,73.75301369863013,0.5778356164383561,0.5891506849315068,676983748351.848
"Huile, noix de palme",2016,8591.405888328469,26.35701697627067,4.136237281607573,74.68134315280794,0.6013564828430863,0.6308343402081513,738568652190.741
Sésame,2019,333.4947682520545,24.972557103337937,4.871369856700723,82.7932676105238,0.716897174683382,0.7141738498182061,865140034378.6666
"Pois bambara, secs",2020,731.0018245527336,25.764219464700922,5.115152994984622,77.94526204560543,0.6906707650273223,0.7383778992870437,854701271509.6178
"Huile, noix de palme",2021,8615.951094430147,25.936579523891478,4.12130836896761,81.32011148866687,0.6965215379927867,0.6971778273770255,876076339378.3552
Ananas,2016,8452.672654134318,26.53209939372764,4.0093831199356025,73.03694151942138,0.6305226954539238,0.6175183077038463,739596516186.924
"Pois chiches, secs",2016,721.8703720797239,26.528789222635837,4.180682525611877,71.47885879319868,0.6317491450424987,0.6214661224620166,739731884140.441
Sorgho,2020,938.4663101015212,26.204100637387263,4.910024959891068,78.70657873558481,0.7365426193194279,0.7328293195348011,862847412303.0764
Bananes,2022,13541.083521822608,24.72610320982223,4.852415908990261,77.20642735199523,0.6400511069687737,0.6889059604336757,943919502466.4403
"Pois chiches, secs",2015,760.835721868835,26.384092681788175,3.2097939622539395,73.22805357921527,0.5755866010884778,0.5920439058371009,671221345147.7158
Oranges,2022,4517.617553014767,25.477981681373947,4.95302695648837,77.86559368885501,0.6752346172620328,0.6887850235879613,931331045132.0642
Haricots secs,2023,570.4331184042226,26.31845233973601,4.56938880625797,77.55033687515305,0.6805091120463092,0.687997490777036,999088777476.0403
"Tomates, fraiches",2018,3969.522894000847,25.576004764559766,4.643401396372299,79.56224287965644,0.6459583387358023,0.6780585516718522,815158282952.2134
Autres fruits n.a.c.,2019,5759.13659572196,26.52476136105037,5.01822541381531,78.55359679644287,0.7252395526677241,0.7271078323613172,865915910790.058
"Noix de muscade, fleur de muscade, cardamomes, crues",2021,1034.7,25.92775342465753,3.9432328767123286,79.31665753424657,0.6736164383561644,0.6907397260273973,892399651748.501
Sésame,2016,334.03163171227254,26.87723903593298,4.177214658740085,74.90901830445068,0.5920368852459016,0.6489085983836187,731618232826.429
"Autres espèces cultivées stimulantes, à épices et aromatiques, n.c.a.",2020,1048.7573369786344,25.48874453289227,4.866113432624085,77.74127748763395,0.7419153029042856,0.7395164192240539,859979819479.2384
Graines de ricin,2022,78.76522398591717,24.738256864450424,4.972363244168027,78.5678446671573,0.6689099429465841,0.6662480055538292,937038606580.2764
Fèves de soja,2018,757.9729445693957,26.548697784778252,4.4471746463132265,79.14383520206157,0.6680390368437968,0.701424506324479,819595751789.5458
Maïs,2018,1274.0616366428278,26.087628006805737,4.346046915515653,80.11431206599994,0.6546278833383946,0.70275221496589,811905164890.4702
"Noix de muscade, fleur de muscade, cardamomes, crues",2022,1098.0583195895802,25.323526044477777,4.961115621159217,76.42038443635666,0.6581895112112958,0.6610249330769891,924847207580.2662
Noix de karite,2016,4134.928734554925,26.769182241552084,4.0967361467938295,74.50170581579343,0.6131705388528933,0.6311438514933663,732064102283.0021
Noix de coco,2015,3273.5150268942643,26.656144811206076,3.2363508137238406,72.3910358214996,0.5740437069767684,0.5922222711135524,678181901492.0875
Maïs,2017,1235.5944945087335,26.05359688597724,3.959869392647869,72.7621854895329,0.6668678839418903,0.6648893960553682,770596737067.4813
"Autres espèces cultivées stimulantes, à épices et aromatiques, n.c.a.",2020,1081.1966137288744,25.170113790058608,4.873567926721054,80.50564289807038,0.7468838930328281,0.7064413650955553,866660080669.2528
Oranges,2015,4688.004531313982,26.208279561572034,3.103435706750546,73.32720864474841,0.5489438356164383,0.6108471185232155,680894819529.3652
Maïs,2019,1290.2439572461692,26.36532500535334,5.02341319473932,79.10842312776826,0.7273933247615089,0.7438409455974022,873804731055.2961
Sésame,2016,335.6462923885303,26.87355415728072,3.932330624518752,74.52528019173981,0.6408148121923442,0.6097233363734407,733873991084.4749
"Cacao, fèves",2019,1033.2071856728655,25.09183980695355,5.063951265330177,77.91016029225531,0.7338614306572817,0.7160239609714645,867084091249.59
"Pois chiches, secs",2016,713.9097501466051,26.287408424221173,4.170575644384543,74.5927468535145,0.6075997639684996,0.6326543254738065,739282153595.6685
Riz,2016,1674.152394179156,25.902738553550915,4.095542183394908,73.41276539477316,0.6205734670345335,0.6177082549404767,733497148271.2091
Noix d'acajou non décortiquées,2018,1463.881338212773,24.934165702595106,4.391705665734784,78.5308266244144,0.685496738280962,0.70417050691749,822785339687.7837
"Huile, noix de palme",2023,8111.55548742639,26.57028601883995,4.511571670406636,77.4516952367933,0.7029418780198423,0.7002501598686958,1002630287461.1631
"Pois bambara, secs",2023,787.5586710662955,26.261283224707412,4.541210318741799,77.55181258216854,0.6711576555208949,0.7101462932100987,1008758924580.9054
Sorgho,2021,825.0925383485159,26.20811830255625,3.8618668553152133,79.44784773196959,0.6834715981296831,0.7184201370756561,908877258605.0714
Tabacs bruts ou non fabriqués,2018,430.99467751815695,26.522611163761947,4.339500468051064,78.3703463334687,0.6988346132159088,0.6860474273024295,813931086941.4882
"Huile, noix de palme",2018,8912.478677353463,26.17264259002612,4.4230518894889395,76.67918802346705,0.6835981091679529,0.689825653310448,824032173435.2571
Autres fruits n.a.c.,2021,5911.142122085576,26.301809957824524,3.951746805992906,75.57509485129472,0.6775952819048765,0.6860967881389606,884252108047.3214
"Pois bambara, secs",2018,764.6600453899952,26.90114383561644,4.529714316066706,79.80462311677609,0.6835540051613148,0.6725570832809599,811090159022.7811
Autres légumes frais n.a.c.,2018,5017.721139807631,25.149296451170382,4.415514709737378,77.79374968452424,0.7015658437505483,0.7005926239499254,805910175540.2761
Choux,2020,11144.414196353579,25.958064942891898,5.074700689753975,80.18113066748438,0.7056291692754798,0.7321960062667198,845205853438.876
Arachides non décortiquées,2017,746.5467449301433,26.903276943068867,4.045706359025689,78.88841443120432,0.6281239693370889,0.6588782349672947,789945388372.9548
"Tomates, fraiches",2018,4300.267447088779,25.683629064308285,4.4331794832898845,78.46921257134744,0.6807530821464476,0.6898046106184851,812756516723.2133
Sorgho,2019,897.0215633785106,27.13412876712329,5.106604026157161,79.91390312741659,0.6945284456081313,0.7388223268937187,870555200799.9402
Riz,2023,1793.9920307267816,26.131436646647515,4.489717165801248,78.15128114757444,0.6735078913233986,0.6805370216142597,1015845094411.9875
Graines de ricin,2019,78.7162092270777,26.16192132864038,5.1787529743481135,78.18888541165302,0.7271334037999401,0.7212545656549684,856125807239.489
Noix de coco,2021,3641.69417360501,25.869663712765202,3.897900863898155,78.1899946399443,0.6707576106304957,0.6737708511839238,884427565861.1399
"Coton en graine, non égrené",2022,675.7318256350529,25.865551850241342,5.026467168846353,75.46495984369074,0.6538742026123175,0.6749971072258137,936457648656.9244
"Piments forts et piments, secs (Capsicum spp., Pimenta spp.), crus",2022,428.0413618672837,26.208413753247026,4.953853316008482,77.3260700110461,0.6945821917808219,0.6858280428380794,954327390762.2065
"Tomates, fraiches",2016,4181.528057036491,26.508997098832808,4.082313372072916,73.5710860516367,0.6327554779272344,0.614997841862106,739417914481.2283
Fèves de soja,2018,755.9601982658082,25.203198560170012,4.517789322745206,81.17926737359154,0.6826770511114604,0.7024010054655506,803241990878.1167
Patates douces,2017,3499.74710269983,25.219669396589968,4.082856663160132,77.48592755831602,0.6513989843978724,0.6476501187728674,778071183224.5242
"Noix de muscade, fleur de muscade, cardamomes, crues",2016,959.200329193735,26.723942642265996,4.0857940181461645,76.13632686459925,0.6194026493267765,0.61713430354709,722255256889.2938
Choux,2020,10926.049423112981,26.83094262295082,5.028584747773676,78.51959672734269,0.7177521832513029,0.752894734104841,870613729331.8975
"Manioc, frais",2016,3897.7142215575655,26.274590398686495,4.089717729376999,77.57999590163934,0.6135326668529659,0.6042916267224723,730639493410.5321
Autres légumes frais n.a.c.,2016,4945.775657165879,26.174664455025507,4.165201523938923,74.26614586972931,0.6312531214184796,0.628736445634451,730957805786.1969
Oranges,2023,4621.848263990426,26.47171532784283,4.495817063930305,79.99979550891108,0.684990204311023,0.6913427452439185,1001688583645.1276
Fonio,2023,875.5,26.15476712328767,4.51827397260274,78.15893150684931,0.6806301369863014,0.694904109589041,998973479941.652
Ignames,2017,9613.362798182077,26.026640805639772,4.047516032139187,75.48409089997655,0.6714688728320735,0.6551861866365387,791710000626.6353
"Cacao, fèves",2020,1087.9622096427192,25.558127016454243,4.995221039054426,78.71825177109311,0.7053605271410841,0.7370623612567211,844712026727.0886
"Manioc, frais",2023,3834.3437582319243,25.096409173405362,4.6278394311991145,81.12281721260926,0.6740317943692297,0.6794003295328468,1003988683201.8663
"Pois chiches, secs",2019,754.6779097868584,25.340697211740338,4.947177282564008,76.80042566536562,0.7102037913948919,0.7200262889187675,876871605731.9622
Sésame,2023,318.81735419612374,26.10617261210115,4.595530891876315,80.03952209497677,0.6910270410119845,0.6806320441181467,1008308515710.0717
Sorgho,2017,915.5726307566798,25.840923372676915,4.156014148250722,77.20854171142071,0.6331899268405831,0.6710083943688443,782325012198.7285
"Pois bambara, secs",2015,842.2411465982849,26.25299700781411,3.120715964300395,74.87765066204996,0.5580388546678492,0.5932171639240771,668891132614.2755
"Autres espèces cultivées stimulantes, à épices et aromatiques, n.c.a.",2022,1013.9276391827468,25.616284954479703,4.946468482909573,77.09329577487395,0.6719189861282518,0.6780336609786918,923430104791.6453
"Huile, noix de palme",2018,8578.458228757705,25.97827847054414,4.23887397260274,78.50166421084893,0.6652576282698599,0.6770657385673172,814072640879.2235
Taro,2017,2993.445335109241,25.87769490046148,4.074231234779401,75.52795468276649,0.6597063406672857,0.6728252162146986,785220822676.1562
Haricots secs,2021,564.2349110189858,27.22414109589041,3.9570500482347786,81.6117816398971,0.6857186115331944,0.6984689106679789,885350537412.8917
Arachides non décortiquées,2015,640.4671721363359,26.569430280193743,3.2784941658193216,71.97536050563313,0.5832789357056559,0.5971764749023302,672927281877.974
Graines de ricin,2016,78.88479253335012,26.250718797233812,4.0749879404498035,74.61261357825401,0.6199341277220215,0.6077664318920515,729457361767.4614
Noix de coco,2016,3861.4544443833006,26.60837754107161,4.125523950321112,74.05279299154442,0.6423519801815115,0.6287648293446438,729518296276.4309
Sésame,2015,329.9459391241962,26.635152807011888,3.2298447450474983,77.44066438356164,0.5796189225238662,0.5739314982058886,684096112591.989
"Cacao, fèves",2017,1034.275289316283,26.579639353210226,4.115171844528376,73.63282399866726,0.6588307538955237,0.6587139052192422,776466272262.9126
"Autres espèces cultivées stimulantes, à épices et aromatiques, n.c.a.",2019,1026.1,25.842027397260274,5.005041095890411,79.60054794520548,0.7189589041095891,0.731013698630137,864816063151.685
Choux,2017,10826.758412381647,25.995871345633926,4.09987270804523,74.78122135036092,0.6418070187651007,0.6521545139440107,767360065628.0348
Tabacs bruts ou non fabriqués,2021,427.98541187978213,26.003038848857038,4.022485176891958,78.8768059620001,0.6727443891636469,0.6842889211228607,883910980629.2646
"Huile, noix de palme",2022,8130.401272405368,26.064954831846528,4.913496954342969,78.15332044850315,0.6713509724039297,0.6832959369553959,952668986443.2358
Autres fruits n.a.c.,2015,5917.029827132888,26.142500133950374,3.315832951796708,76.42801626036508,0.5676595157145916,0.5965866735191229,666936864871.1843
"Tomates, fraiches",2020,4194.812002266164,24.795183874428062,5.21500756165315,79.94901864844482,0.7132547621049459,0.743153531386926,853335859182.1633
Bananes,2017,12691.808437720507,26.276378346873578,4.045603046879387,76.1538013870686,0.624794440561713,0.6610970989826652,772510019552.161
Graines de ricin,2015,83.60429039747144,25.798985478828783,3.197752731564124,75.47939219062658,0.5697006264560422,0.5769709174717723,682092045124.5568
Noix de coco,2020,3862.6493143061716,26.602007550423593,5.0403748795759995,82.00781548982712,0.7080019102241639,0.7288637818419055,871384201206.2207
"Tomates, fraiches",2022,4111.678140164975,25.58059569306984,4.795303933807201,76.16079562264444,0.6699175491693076,0.6593428351088431,930376669367.7228
Noix de coco,2017,3568.306116665242,27.059785347736298,3.9847623102419476,77.31094142651413,0.6423296161533376,0.6413557489673668,771919551668.4589
"Autres espèces cultivées stimulantes, à épices et aromatiques, n.c.a.",2016,1037.7625384581397,26.3046380128011,4.034781956079977,72.52764333275562,0.620020566063166,0.6333430844004194,743454977774.8641
Autres fruits n.a.c.,2022,5874.109110502074,25.84272902431416,4.847352956818975,77.24461941184957,0.660145241496094,0.6848798075897351,931051884213.4597
Autres légumes frais n.a.c.,2020,5001.878856372545,25.238756550690916,4.880111329008639,80.63116388980212,0.7474499980898784,0.7432326082940846,850700012080.2578
Taro,2018,3117.7,25.62013698630137,4.461972602739726,78.10038356164384,0.6793150684931507,0.6943835616438356,819305083628.113
Haricots secs,2022,547.5806640389937,25.5466019908947,4.885010015868952,73.9860868208506,0.6498529406234856,0.6730879838191774,924947676894.1659
"Autres espèces cultivées stimulantes, à épices et aromatiques, n.c.a.",2016,972.6621769329835,26.02882007175273,4.01822392475794,74.4764303218,0.6331750810459928,0.6227066346966549,747843378213.9738
Maïs,2016,1298.1539149443245,26.03328931998022,4.13414770690333,73.12020628986659,0.6176555899361134,0.6242187433914288,743021726421.8066
Autres légumes frais n.a.c.,2022,5185.856236300209,25.997655124480517,4.846195509451171,74.69466731342774,0.6530014061827338,0.6652060548264118,949295450051.8267
Maïs,2018,1242.1755888537377,25.49452055932334,4.348226521754741,79.78590799531534,0.6743561172842311,0.6862651168166247,816173207734.1549
Haricots secs,2018,523.0240590869337,26.0698793142593,4.613820117737479,77.08905538036745,0.6819638307331705,0.6908240943893903,818135048875.4862
Autres légumes frais n.a.c.,2021,5188.5706808080095,25.52565779341573,3.8839247395339025,80.36488087836116,0.6851246003327728,0.7050098168841643,884367573593.2766
Bananes,2016,13091.041170827582,26.471795724128377,3.9081761839932976,71.4975557533432,0.6092398472198013,0.6392142061597758,735680031093.4872
Patates douces,2020,3600.08180170499,25.805364664181482,4.85944377742669,80.68557354944717,0.7246919164338297,0.7190327080544994,855268846862.096
Taro,2023,3326.7295272936517,25.940922237116013,4.5357495525046865,75.38108128544135,0.6735946835798611,0.6962930149906147,1001637973690.5957
Choux,2020,11544.541122720817,25.228557319297952,4.845612729433714,77.85411939176984,0.6991205632729366,0.740102923466892,873041955142.4335
Tabacs bruts ou non fabriqués,2018,426.9888874123809,24.996151424591115,4.549319860646161,76.53787025918896,0.6824900510661311,0.7043721951983989,821046255791.2103
Patates douces,2023,3357.6080600271794,26.697866688733104,4.433940786224732,76.75336871663283,0.6830126448221039,0.6854825848225831,990712252051.5166
Sésame,2023,322.1270369567878,26.134489395833015,4.549787691654796,80.13959923899469,0.6886319719931093,0.7072354053518225,1005005649682.7113
"Racines et tubercules similaires à haute teneur en fécule ou en inuline, n.c.a., fraîches",2016,5573.779599845392,27.00133459915676,4.045074981722136,71.53115258103735,0.606402785523581,0.6197585473114725,743221418117.798
Noix de karite,2018,4149.964095897384,25.393637958262943,4.456510942084491,77.40801419482568,0.6769323735435359,0.7160352745561521,811789365905.1625
Noix de karite,2017,4359.672852853598,25.795098134446373,4.0765825298459974,76.9336091606831,0.664677940677785,0.667705210928323,773420991110.3958
Noix de karite,2015,4060.7131620930245,26.15000841977162,3.266524705940782,73.8199974633297,0.5737257449374291,0.5837733669696604,664218458658.2455
"Cacao, fèves",2021,1152.3453803904608,26.064446416871366,4.0337600186094384,79.36255027062239,0.693386841937594,0.6924625636403708,899731068784.5835
Ananas,2015,7816.111073494469,25.826345534266075,3.3244624247248376,74.67681481890628,0.5548413312174729,0.6063238991366687,690823197978.1764
"Cacao, fèves",2015,933.9524500412001,26.0076218510542,3.1288729033047726,75.94957546252577,0.5725692522082311,0.6127190461998299,664491372070.8833
Bananes,2020,13003.627046622458,25.147479172404804,5.0253255047367675,78.57421180231873,0.7308863504982129,0.7504873010472152,862438287349.1183
"Noix de muscade, fleur de muscade, cardamomes, crues",2016,1031.2998561753136,26.918325124493528,4.033967628099289,73.48305175985799,0.6425829336843734,0.6396176104701378,748270772422.7203
Autres fruits n.a.c.,2020,5547.374900111866,25.543443155209733,4.963756763294478,82.90429918032787,0.7329322538580041,0.7192558708877267,858097639266.4684
Sorgho,2017,861.355756795621,27.04263513430933,4.104334949610399,78.56447671598288,0.6636848091085177,0.674563400553139,780817382504.2982
"Autres espèces cultivées stimulantes, à épices et aromatiques, n.c.a.",2022,993.962698280274,25.49646442724131,4.792836494213981,79.74189426788928,0.6625280486231296,0.6632488304907452,952207872918.6444
Tabacs bruts ou non fabriqués,2021,445.6,25.92775342465753,3.9432328767123286,79.31665753424657,0.6736164383561644,0.6907397260273973,892399651748.501
Sésame,2018,325.60860310837217,24.900787768777473,4.442844799715841,80.1978106432016,0.6769045770684278,0.7055887218192656,812379526458.2993
Arachides non décortiquées,2018,732.4982918353942,25.153072199360356,4.347996138490966,77.10711292243441,0.6649933007062178,0.6745423628273733,807905013174.713
"Racines et tubercules similaires à haute teneur en fécule ou en inuline, n.c.a., fraîches",2020,5249.298464030228,26.13098962054588,4.937938650049192,80.60298444537449,0.7170707699515549,0.7323337799374932,862463569549.0884
Autres fruits n.a.c.,2016,5810.056379691675,26.71909031594956,4.0640055006395945,73.27872220539453,0.634584311902588,0.5972794015717154,724297795298.4498
"Racines et tubercules similaires à haute teneur en fécule ou en inuline, n.c.a., fraîches",2022,5215.0,25.620328767123286,4.94627397260274,77.37772602739726,0.6615068493150684,0.6768493150684932,940020690899.395
Maïs,2022,1289.271134714931,26.609692851420427,4.92755555043926,77.85316332362443,0.6494647990877414,0.6766646799936934,941708044414.2025
"Piments forts et piments, secs (Capsicum spp., Pimenta spp.), crus",2022,420.3084360894589,25.959502182946434,4.8993387708405045,76.20968853783438,0.6392636797451065,0.6942016590364849,924142538646.6415
Ananas,2021,7867.105530397506,26.28795190641014,3.86167459776923,79.16416914753576,0.682321109768252,0.6736513413788254,885256699376.5283
"Pois bambara, secs",2019,779.4913869100462,25.220088010648418,5.193426381692439,79.4020921929969,0.7342077214029069,0.7156651317184103,855880187611.9851
"Café, vert",2021,497.71475467797796,25.906791254569875,3.867756796220717,78.93012761575451,0.6677513783009684,0.7053979521663049,887643661726.1656
Haricots secs,2015,512.1571194024908,26.169671090526403,3.1532193155572275,75.37299262143056,0.5796105281917012,0.5927672023464473,676635130079.553
Fonio,2023,871.7256332705194,26.899084831547345,4.475716443618857,78.58005500984967,0.667301925445768,0.6702530149765421,1007136353633.2714
"Pois chiches, secs",2023,759.6642168986187,26.027754215622938,4.619171033963569,78.12564577602433,0.6884716800512765,0.694619971211203,985270803601.0804
Patates douces,2015,3401.670168725487,26.40944949037125,3.1336361395170926,74.38512214616658,0.5811967963668542,0.5864734430552614,676039143080.8219
Autres fruits n.a.c.,2022,5849.347252550807,25.149622000511826,4.958947377129895,74.67376086477289,0.6742189873062046,0.6822857514288088,949634811315.243
"Coton en graine, non égrené",2021,734.4748656552772,25.191408550885846,4.099169445833464,82.57262581713464,0.6896728160352552,0.7068622523466862,884652883057.0137
Ignames,2021,9132.13967665746,25.391498191694428,3.9734280375056787,80.068190895498,0.6956557870550041,0.6760034006983217,891498546036.4994
Noix de karite,2022,4222.627643435609,26.44906996257012,4.827525334410344,77.84732143914584,0.654363795491469,0.6740167611378982,947283576399.185
Noix d'acajou non décortiquées,2020,1419.871346775111,25.434909956684216,4.980750111991371,81.01351094293497,0.7011662026220169,0.7538643939323216,854207934543.2456
Taro,2019,3183.6027600569023,26.256767482381427,5.067321762176545,79.29597914803718,0.7326255929699058,0.7320218543323347,863748006984.0674
Haricots secs,2018,546.9704944534963,25.783744526835857,4.549479313366324,77.39345800277087,0.680567529072049,0.6806431588766128,828452524705.3124
Autres légumes frais n.a.c.,2018,5332.128630672294,26.90114383561644,4.401176372982337,82.00540273972604,0.6784098961196285,0.7014126706232251,812509838211.4816
Taro,2020,3033.735695430513,24.44862281767951,4.931158013542328,77.19813131793238,0.7189076357928533,0.7040901639344262,848630441249.5043
"Autres espèces cultivées stimulantes, à épices et aromatiques, n.c.a.",2016,1018.071833966542,26.86674168820225,4.010149326786699,73.46350467541089,0.6154133906480241,0.5979258050995575,742271219632.5718
Riz,2019,1648.7282222020053,26.17352858555316,4.75478904109589,80.0429439459027,0.7336562491375692,0.7208433119073953,873441704629.4565
Taro,2022,3189.7933109369937,25.773677797528837,4.9307444680262424,77.92521599937407,0.6812680930544058,0.6905157324646642,918545516075.6901
"Coton en graine, non égrené",2015,721.5,26.17372602739726,3.183424657534246,73.75301369863013,0.5778356164383561,0.5891506849315068,676983748351.848
"Autres espèces cultivées stimulantes, à épices et aromatiques, n.c.a.",2023,1013.1567645094979,25.851365653076883,4.523432611800636,78.36353569629705,0.6930779237652528,0.6949017663256057,1014538732591.589
Oranges,2022,4665.262883859736,25.058548837586663,4.903135124588286,78.03793117395983,0.6810260123390792,0.6808870700697732,943985392354.8036
Ananas,2021,7740.0924956178105,26.462592663153963,4.027196115459311,80.6525555588738,0.7030103761968486,0.7056793211624478,895716203345.553
Noix de karite,2016,4006.806539746231,26.97022911979718,4.169099408161527,73.84468252248631,0.6230888142130542,0.6286043575060173,734792895384.7167
Ananas,2023,7765.793369459037,25.5810591090909,4.3028178389336444,78.77133262279679,0.6645342833819438,0.6916602862589587,1010996712682.8795
Ignames,2015,9423.893870487611,25.627302451186615,3.1288414635439894,73.14439080167786,0.579247112333617,0.5941552970118786,676903500357.9661
Oranges,2019,4515.710093800308,26.27518449798748,5.009942937998312,76.30484460436897,0.7305755446962647,0.7361494322350262,854421533653.7627
Ananas,2020,7968.15039219138,25.936038421178072,5.136123089845794,78.5327034453643,0.7288717520044815,0.725522708843378,879068350567.9346
Noix de coco,2017,3647.9982654970827,26.266133793997806,3.8850877210531674,76.39276228954228,0.663782110495254,0.6827678778699248,775368441387.4744
"Noix de muscade, fleur de muscade, cardamomes, crues",2019,1072.7277808388992,26.08188924498901,4.959436376316372,78.30133785924268,0.7329646074208217,0.7321787057813288,852102605105.661
Ignames,2020,9232.15247857934,25.299618426586438,5.0312098753673435,81.07136630444866,0.7023790921088393,0.7561887171311422,841484126435.1776
"Noix de muscade, fleur de muscade, cardamomes, crues",2015,948.7459742120144,25.410618904788475,3.127719051103185,73.98391413214547,0.580380772619245,0.5990520966271698,667791688316.983
Sésame,2021,328.4,25.92775342465753,3.9432328767123286,79.31665753424657,0.6736164383561644,0.6907397260273973,892399651748.501
Ignames,2015,8889.56537558071,26.64428856102394,3.216209496134185,74.40054048531596,0.5796512353865366,0.5958907811465713,675936232917.1224
Mils,2017,565.1144189117904,25.868651068347834,4.061930689581893,73.4502464754097,0.647495391533906,0.6580886375755546,781620000098.3661
Haricots secs,2019,520.7951632358499,26.353399494723373,5.019658794505825,82.23462699964847,0.7178960360184952,0.7340512046643322,871008354510.1771
Graines de ricin,2017,80.62094763222737,27.1824669753785,4.069499071919631,77.3340277063327,0.6496895320472192,0.6477554999267778,791123827723.3267
Patates douces,2015,3504.6301922965304,26.75389962347083,3.1731382789126594,73.8848150973716,0.582637224704554,0.6007318866401502,679785839734.7242
Ignames,2022,9043.9,25.620328767123286,4.94627397260274,77.37772602739726,0.6615068493150684,0.6768493150684932,940020690899.395
Ananas,2015,7935.8005988343275,26.34174677705844,3.1769358785661956,72.37000631061305,0.5618522511113251,0.5969894982051984,689486219994.4174
Oranges,2016,4477.062627612718,26.193078078170707,4.022596744353971,74.86099191089437,0.6282644196442294,0.6299131314652495,731565549545.5118
"Tomates, fraiches",2021,4297.290123136282,25.939259884829358,3.929105369750955,81.35251834790947,0.6609540940488134,0.6760861558093342,890023036746.8973
Haricots secs,2019,530.2430627255656,26.165326605303335,4.971666280042659,75.6205205479452,0.7450303193375055,0.7338663860162038,872696394620.315
"Cacao, fèves",2019,1008.1895735109239,25.97188704168055,5.083859160511693,77.02904735744927,0.7211655849046138,0.73708373683356,862983244980.1285
Sorgho,2020,918.8288743196701,25.169132343213974,5.046395227183577,78.76503940734263,0.7257895025915003,0.7407300827880168,869308103515.6577
Mils,2023,743.6,26.15476712328767,4.51827397260274,78.15893150684931,0.6806301369863014,0.694904109589041,998973479941.652
Patates douces,2020,3562.2593194755323,25.683247540212204,4.98516437107989,80.08208627517162,0.7504610489319671,0.7463930586524193,866432224198.5674
"Café, vert",2021,523.7933575797429,25.171593455615945,3.988850679609702,78.10705134325812,0.6814572555022428,0.6562027397260274,893359510528.6418
"Piments forts et piments, secs (Capsicum spp., Pimenta spp.), crus",2018,432.99583718844764,26.089719505276545,4.347005987298622,77.7982581561311,0.6845521217764212,0.7234701408726125,836264547717.332
Autres légumes frais n.a.c.,2015,4878.70061471719,25.268293846108495,3.238298151989695,73.77062570975279,0.5684656153130534,0.5910776377066904,673256751509.8007
Fonio,2021,854.5164282905972,25.462048144392245,3.971799464306034,78.38028121705439,0.6827646534645758,0.6631801060066019,898035534749.7069
Taro,2022,3142.1371416973857,24.88714264887773,5.015675280716319,78.13548016343401,0.6586093403239419,0.6471267714206346,954719618256.964
Noix de coco,2018,3876.3735604424082,25.844618036947633,4.416160484269556,77.89156220355025,0.687385606371166,0.6893457899663046,814027330911.0458
Riz,2018,1677.2106572782984,26.105033722628676,4.477730506907778,77.39421786092946,0.6620490192796018,0.7066609744137659,808013698774.4032
Patates douces,2015,3777.1858054633567,26.006127283127974,3.1528795341483646,75.90611818326947,0.5700413896947094,0.5822920486272958,673158984693.3776
Fèves de soja,2021,1020.1346354354672,25.143615506431928,3.8478388315871,79.42944812222929,0.6996851132316569,0.6924437773003778,890263145649.4534
"Pois chiches, secs",2023,788.4732747858379,26.50077436847727,4.385190588047956,78.23877503631962,0.6838662593095228,0.6946712247713519,994575769928.3555
Arachides non décortiquées,2019,743.2233902776883,25.945278557417527,4.936960255902216,82.47996522014294,0.7442347643018108,0.7606947439648079,868509547013.6495
Bananes,2018,12931.163456262733,25.62079943120749,4.430688347121066,78.00544441211004,0.6716241018887289,0.692787267554289,820415156796.8726
"Coton en graine, non égrené",2020,669.4877456611405,25.59822032722514,4.9941031033996826,79.85811884429279,0.7232502099870624,0.7331838926686343,865955657886.1748
"Pois bambara, secs",2020,770.4,25.55327868852459,5.009398907103825,78.95647540983606,0.7270218579234972,0.7411475409836066,856967581267.048
"Huile, noix de palme",2016,8859.284563894105,26.630930919603642,4.194516032827446,74.65414061210676,0.6351875721986908,0.6279125334040768,724864172326.0852
Noix d'acajou non décortiquées,2022,1520.4,25.620328767123286,4.94627397260274,77.37772602739726,0.6615068493150684,0.6768493150684932,940020690899.395
Sorgho,2021,844.498112512243,26.25567881370804,3.887641735258454,80.38567944269667,0.6717457693173826,0.6966967708626445,889777403683.4365
Patates douces,2021,3710.3535277577807,25.718426032471445,3.913698034383712,80.53314575909167,0.6721576457404825,0.6713870549385885,890520294343.7343
"Pois bambara, secs",2023,772.85490311558,26.2349504816947,4.58208217365501,77.53307847128016,0.7011178423922049,0.678803863355991,1005633597263.8138
Fèves de soja,2020,805.3086139534145,25.35306575908315,4.987054292289351,80.7469544610196,0.7240045822988347,0.7402374277454238,865109792903.263
Arachides non décortiquées,2016,682.3243709985434,26.93082434089244,3.981364546057511,72.25976897951466,0.6138695936657391,0.6315291594230752,743077074531.8372
Taro,2015,2540.4,26.17372602739726,3.183424657534246,73.75301369863013,0.5778356164383561,0.5891506849315068,676983748351.848
"Piments forts et piments, secs (Capsicum spp., Pimenta spp.), crus",2017,424.89816688973497,26.89151424394234,4.027097495323117,74.61144770359343,0.6377346327108645,0.6607147477177319,796719478024.4873
"Tomates, fraiches",2019,3964.6858305407577,25.323124746272615,4.9197729036503555,79.93440836305349,0.7257316475278455,0.7032460595980975,855352838525.2886
"Coton en graine, non égrené",2015,727.8280658458525,26.999858465630528,3.162618262820381,72.154709849296,0.5687038729363427,0.582655147185209,669899714985.0371
Haricots secs,2023,569.612411309465,25.815125090919572,4.50225913724614,79.63470751799049,0.6701012739946778,0.6808506771572289,1000910000618.1936
Arachides non décortiquées,2023,751.2514915240073,26.574906320768413,4.411672834531439,74.25098493150685,0.6865054826466328,0.6827691269080414,988371003288.4951
Ananas,2019,8118.824351508586,26.393643750471757,5.1635129857749895,81.268684545794,0.7262829127760567,0.7168928678625994,871804349047.5375
"Pois chiches, secs",2019,719.5769353157051,25.42099665804781,5.0071940890824616,79.71386993342054,0.7120991845225894,0.7373568813232921,853058150614.3519
"Café, vert",2019,524.4305627652202,25.532655814154563,4.959502992060291,77.82035881736526,0.7209609562424045,0.7386581004421507,867507881248.7272
"Autres espèces cultivées stimulantes, à épices et aromatiques, n.c.a.",2021,1006.0226521671752,26.13160967838232,3.878664352803513,80.60185757015898,0.6654805472241716,0.6799304793161198,888062451852.3241
Autres légumes frais n.a.c.,2015,5163.787095757699,26.532871568030075,3.0809931712153382,72.10260001732249,0.5676884621802253,0.5768956672594927,683963487367.5944
"Coton en graine, non égrené",2017,670.0285634254687,26.575371893852374,4.170877076082639,73.29122847385419,0.6519600551956893,0.6660947683607432,794197985357.0486
"Tomates, fraiches",2023,4218.251622207023,26.35144900861538,4.302901894715371,77.31668355514677,0.6864214316697884,0.6835212788212459,989982715465.608
Tabacs bruts ou non fabriqués,2019,427.9988768767919,25.621081628822957,5.086608882554886,79.90400384178962,0.7258929221835612,0.6944630136986301,865857280047.4208
"Manioc, frais",2021,3652.3184855385766,26.31727402941759,3.9452698165617717,75.65914656316903,0.6559769062071159,0.6769504699272958,894977958733.5505
"Café, vert",2015,373.7129395840852,25.7293719777327,3.0772590567883245,73.83898612219427,0.5857879348062334,0.5886255244598152,674511625436.4957
"Tomates, fraiches",2017,4273.5764361483,26.62448236444565,4.120236143725754,76.14162541876817,0.6533450876083878,0.6487285006586281,788714158764.2166
Noix de coco,2022,3729.673800950742,25.94527092603723,4.849374510502518,77.71580858313628,0.6693782608764669,0.6609267733064219,936375577814.804
Taro,2019,3184.9672134901343,26.263559864630714,4.96811680679688,76.53128358229395,0.7356351822190441,0.7303745899900559,867048180389.955
"Racines et tubercules similaires à haute teneur en fécule ou en inuline, n.c.a., fraîches",2017,5159.166243698918,25.17653622855237,4.130951712595936,75.67046525115562,0.6541103123100392,0.6654401537606849,791660821554.2877
"Pois chiches, secs",2021,740.8843179975079,25.891603892209563,4.003083011578526,79.88231174015512,0.6747224132891294,0.6812596692308,888114643989.2462
Graines de ricin,2017,77.57261558325867,26.60102660750438,4.057536824470992,76.97287445362652,0.6260928030559084,0.6595655366433901,787441611406.8885
Haricots secs,2015,485.7050562050503,26.505232350874884,3.177805795517358,73.97315180490112,0.591618737030488,0.587420405302541,676705451948.2246
Choux,2019,10432.631949024268,26.354457044956657,5.175935188411386,79.26880290925943,0.7174537167154836,0.7270672695706483,865218525688.6223
Oranges,2017,4610.2,26.162273972602737,4.066109589041096,76.52139726027397,0.6475342465753424,0.6606301369863014,783338000000.0
Taro,2016,2537.968687708858,26.4267818733501,3.99829244808914,73.12588412311815,0.6013934842505502,0.6384104427770306,728169681112.1566
Ignames,2020,8904.961525768425,25.11998643971048,5.1052938946515365,81.36825361524497,0.7232225908368265,0.7585607076567003,851660658217.4799
Noix d'acajou non décortiquées,2017,1370.0142482935414,26.36321118630956,4.001748819773455,77.1345604899363,0.6322466020000779,0.6826855947882374,783396008778.9475
"Piments forts et piments, secs (Capsicum spp., Pimenta spp.), crus",2018,424.13182886377444,25.76585833922394,4.587115838262052,77.9029678357737,0.6838925977501498,0.6596643835616438,820986434602.5282
Autres fruits n.a.c.,2020,5900.1773159712775,25.6015132928433,4.952686499331195,77.3555190524923,0.7433827206858448,0.7506234067415452,856965968631.3855
Patates douces,2016,3484.5070136942463,25.619917769712202,4.036340656255575,74.12516920401264,0.6178738130475238,0.6236279616348076,738446114817.6128
Noix de coco,2019,3890.510583820041,26.09750733483522,4.994118045659125,79.61652283154818,0.7417740912694699,0.7196714247432485,853691620849.7896
"Autres espèces cultivées stimulantes, à épices et aromatiques, n.c.a.",2020,1026.6210572024256,24.827244468293184,5.085907314286094,77.54005239762995,0.7046955565284001,0.7389124532598436,849999296781.8439
Fèves de soja,2020,821.8759378988141,25.07329676220037,5.0773679685976845,77.4254780239439,0.7341798133821638,0.7074340610958513,841822532469.896
"Pois bambara, secs",2023,782.9623588230573,26.034083872684338,4.404859025852295,78.53530028665644,0.6671003256005483,0.6929256794170795,997298638695.4329
Haricots secs,2020,522.5234031614666,25.41002443884899,4.976776058167572,78.92178023252593,0.7355325092368455,0.7244331526637331,845437218661.1573
Taro,2016,2605.29273015008,27.21579344452173,3.9993291899914354,75.37742105446432,0.623027076035962,0.6301019652899743,742298911649.071
"Autres espèces cultivées stimulantes, à épices et aromatiques, n.c.a.",2018,1039.889704605195,25.639672224782537,4.5173170712889785,74.19536438356164,0.6574206416848865,0.6884641488699466,805093611862.8762
Maïs,2023,1294.7283135510459,26.601424828047087,4.687055642242639,74.82052325817196,0.6886630625719411,0.7078882850478576,1023092699733.4622
Ignames,2020,8554.256425142963,25.646500348671058,4.981347720828202,79.76284422106299,0.7378146639052112,0.7702379513875416,852038736669.4574
Taro,2018,3400.871748518643,26.037362486951295,4.51268993052035,80.46069436644542,0.6722423819317543,0.6775883273298027,813107364456.5933
Fonio,2022,843.6900094977257,26.53653161930418,4.964083315516942,77.54654674206463,0.6654138353493525,0.657149073727587,922663628587.0144
"Café, vert",2017,447.10015334386134,25.24170874916943,3.9758709103729895,75.15327436802556,0.6333948090010095,0.6561373930018811,775783166821.4854
Autres légumes frais n.a.c.,2015,5184.184860051053,25.71289376091806,3.168845564678453,72.18826149799949,0.5578527311054261,0.5750450450791429,688049097124.0685
Autres fruits n.a.c.,2020,5783.914719191784,24.556213716862523,4.9019960143832915,77.15979083615879,0.7326685335261801,0.7427448572593135,860835317582.1528
Oranges,2019,4635.085020659234,26.63624221471117,4.906979361123332,79.41474016495934,0.7215025972161365,0.7297915185502234,867656915734.8269
Sorgho,2019,889.1,25.842027397260274,5.005041095890411,79.60054794520548,0.7189589041095891,0.731013698630137,864816063151.685
Sésame,2017,316.74629227888016,25.733950614521937,4.079519466564041,76.7910975319076,0.6711308589117955,0.6610834416117987,785427020449.3477
"Manioc, frais",2016,3905.2410511507383,27.019244984858066,4.08854982135684,72.59228460019813,0.6180459288450427,0.6119003687001244,721309525576.9175
"Café, vert",2019,489.37035610331816,25.89008452547247,5.0447710588085,76.93316248043502,0.74085583657061,0.7483489079375687,876612935458.2701
"Piments forts et piments, secs (Capsicum spp., Pimenta spp.), crus",2018,408.7879453364487,25.724527278292815,4.5074348570004785,77.69583741322296,0.6868914392709721,0.6967170358398936,814278373915.5338
Taro,2019,3273.3095858362944,25.375521539046723,5.045658888636588,75.6205205479452,0.7131982622570604,0.7338844804932505,865783129036.2643
Sorgho,2020,896.7,25.55327868852459,5.009398907103825,78.95647540983606,0.7270218579234972,0.7411475409836066,856967581267.048
Choux,2021,11614.307831012946,25.897081668469532,3.998739945216558,80.1219857117791,0.6848830012784342,0.6898120036787472,890190120449.7167
Graines de ricin,2020,80.41425813693726,26.365622552518992,5.015406026975353,78.36745598964863,0.7354875112831004,0.7379313995592421,865874476440.5809
Bananes,2019,13535.66612264935,26.399007742940256,5.00924581379653,78.57390592331807,0.7130170606377473,0.7240905871621013,875415690685.9677
Bananes,2019,12971.392926791057,25.030866938993153,4.989128474377318,83.58057534246575,0.7192426429237133,0.7333904064780242,857643019953.8999
"Racines et tubercules similaires à haute teneur en fécule ou en inuline, n.c.a., fraîches",2022,5146.432546095987,26.225827598690053,4.945050382597435,74.55111741018312,0.6703994618289079,0.669264039277464,937460254753.1517
Graines de ricin,2022,82.98721354029026,25.132972382994364,4.837186099728667,76.23662870682148,0.6536672559369194,0.691279969194749,948397416784.9781
Taro,2017,2945.1719145660636,25.408988479002613,4.0352302624121,76.4081283250268,0.6570266533617812,0.6605701655720878,787849444124.4025
Haricots secs,2021,522.5411254839102,26.48524738484585,4.0973407649831,80.81831848641026,0.6806473047131439,0.69564996220717,883484113206.3203
"Noix de muscade, fleur de muscade, cardamomes, crues",2019,1017.027470770654,25.51775382380066,5.085497327468475,81.04164725667006,0.7161816491311931,0.7328441835460978,861133503990.2438
"Pois chiches, secs",2020,767.1685209642407,25.09829880788762,5.175609828259643,77.30540631244956,0.7182802118239124,0.753182390941725,853141068501.1057
Sésame,2018,320.8061368816184,24.837096803460845,4.588834413924018,80.17416002345114,0.6760862540664389,0.7077977280847304,818993473940.1796
Oranges,2016,4604.5,26.5448087431694,4.076065573770491,73.88571038251365,0.6231967213114754,0.6228142076502732,733416000000.0
Fèves de soja,2018,749.2997375358311,25.360153590191167,4.392944876078868,76.79335875005582,0.6706086276838145,0.6773186222588371,822610195871.7468
"Coton en graine, non égrené",2020,681.3744803626757,25.744580620573103,5.060011670220353,79.43506267012506,0.6949247829268782,0.7553797280330814,856643497102.6573
Sésame,2015,318.09466186469206,26.115731203322976,3.122902626239659,73.79380609947155,0.5619094049608442,0.5757553319124942,684344753141.7021
Tabacs bruts ou non fabriqués,2019,439.51164250204704,25.665973231013762,4.827321017336804,80.55808758376374,0.7080221065931668,0.7354529794207758,860794862075.1637
Ananas,2020,7724.908103424442,25.217175431515535,5.068856593951702,79.46018051985611,0.7187791939746351,0.7352880325736499,860185188658.0857
"Cacao, fèves",2015,936.9924553383245,25.803077760421278,3.2205574756005584,72.98677141648447,0.5819126872454438,0.5755386156035377,680308532830.1041
Maïs,2017,1202.0352296765125,26.71066781982783,4.073500018041884,77.01651675351098,0.637413294572978,0.6682428695103726,777568568982.2734
Ananas,2016,7998.468655907888,26.171132635126142,3.9614614230034566,73.50331011064118,0.620080574477173,0.6400700663457135,731873100177.858
Patates douces,2016,3517.3540316340377,26.898396734755003,4.022624123238926,74.353964934849,0.6131975910807544,0.6318383095117984,721544751225.4478
Noix d'acajou non décortiquées,2018,1541.7141475571289,25.853330193463687,4.485514226218516,79.76652908150173,0.668919931033373,0.7061631039329508,810935092176.6301
Sorgho,2023,913.680742072306,25.22578328059901,4.435648848485759,81.30497480399104,0.6695183195331402,0.7039433322289623,1004330791949.098
Fèves de soja,2020,852.8639568543865,25.803296393873147,4.925371107686616,78.2022275510336,0.7315079583228193,0.7507216240085467,861312648487.7174
Noix de karite,2019,4177.035279209613,26.091300141962428,5.125131044270369,81.56665466131746,0.7189189449536955,0.7275540116163771,864916643970.79
Noix de karite,2023,4244.1935904992415,26.137094868958282,4.509007244555381,77.64802929106732,0.6757092728606859,0.6839254512087622,996745759480.2611
"Cacao, fèves",2021,1176.0334369696225,25.47686139341933,3.9741300256623564,79.78529203387166,0.6680478886002817,0.7104417330249341,874216718588.66
Fonio,2022,856.4181859688742,26.43794230228717,5.055330871368148,76.76323487135332,0.6693872730643909,0.6866426052775115,947159451630.0695
"Noix de muscade, fleur de muscade, cardamomes, crues",2017,952.3050372537679,26.203741389004445,4.079235246775646,74.50450291107616,0.6430683947794478,0.6870218060811093,772746768289.1033
"Racines et tubercules similaires à haute teneur en fécule ou en inuline, n.c.a., fraîches",2016,5602.348526129868,26.446162226199828,3.9014314001518176,74.98500110086908,0.61486441293755,0.6239514945249265,734839349877.9551
Taro,2021,3303.3340629954373,25.221795411452483,4.013262126809231,78.06904232269989,0.6850706847356655,0.6730146766623926,903596415821.3125
"Café, vert",2020,506.89135281838173,26.52064104022274,4.82070028431895,77.55296060174017,0.6988397496059268,0.7601913241399907,850062393647.9672
Riz,2016,1635.4714165362493,25.910927614390438,4.208951922015323,72.53096002716335,0.6004874809035525,0.623282758140324,721624023875.172
Noix d'acajou non décortiquées,2021,1484.577881478379,25.436061047818495,3.795119337371732,79.70381046837078,0.6877367335254261,0.6767679313310537,889343680796.4567
"Cacao, fèves",2016,969.7316700975412,26.711754403058524,4.032457957648046,75.33546032921467,0.6074438569699138,0.6412489127539542,758080694785.4011
"Tomates, fraiches",2019,4169.799399984975,25.895855201188823,4.831558105210016,82.7470773270355,0.7169541289562892,0.728916316936438,863557824697.8691
Taro,2023,3499.7670525558856,26.13652630428221,4.536701126295967,77.64543656419022,0.6874954431270439,0.7066834705443994,998672638054.0522
Tabacs bruts ou non fabriqués,2015,435.7488936414958,25.959113644814746,3.2408824902649886,72.056436700015,0.5643259018262031,0.5944041927462896,668477063283.317
"Pois chiches, secs",2015,774.4759883134224,26.155770815108024,3.158615794165548,75.83526060263314,0.5734006171720261,0.5895208740457905,677326665545.3706
Sésame,2022,337.4842641881142,25.952629203503488,4.714523257947285,78.50944083620735,0.6596750122671241,0.6604970503250694,932759255413.3494
Autres fruits n.a.c.,2020,5408.528277159666,25.301418427930415,4.983985114075772,76.91793410202462,0.7389994430311656,0.7361767629820116,850638215031.2899
Tabacs bruts ou non fabriqués,2018,440.50545286919,25.25629163336578,4.421530001963831,77.7594769064016,0.6794765036284067,0.6908026957551805,823669804614.7346
Bananes,2016,12233.088136219509,26.106467077313493,4.0039915114141,71.09882583400348,0.638780905984499,0.624869028541828,722043034131.9606
"Coton en graine, non égrené",2022,682.9352320276365,25.14339656793095,4.967986395691707,77.40926004519878,0.6767840776300161,0.6670443109348203,924900213337.0443
"Racines et tubercules similaires à haute teneur en fécule ou en inuline, n.c.a., fraîches",2015,5129.729586892567,25.469985561369413,3.059666954202376,71.33470148228429,0.56228785774377,0.5971997726457087,674094592885.2151
Tabacs bruts ou non fabriqués,2023,438.8650820468803,26.970446841078264,4.698260612742212,76.62541623273542,0.6629740399269488,0.692617861755439,986317749847.3768
"Manioc, frais",2018,3901.992315115622,25.4010326289484,4.437021480870652,78.39528136731529,0.6656489971695569,0.689149291966286,812204380334.819
Noix de coco,2022,3658.1960779237893,25.957812245712528,4.908332506370194,77.33968954946548,0.6534776160255759,0.6652524150373382,943944581581.4103
"Huile, noix de palme",2021,8958.385656581846,26.345021848221943,3.8717235391794915,79.63148247323521,0.6750894455644958,0.68070671997506,891690932233.0608
Noix de coco,2017,3806.760744700394,26.030967900869967,4.095398157465388,78.2603226722969,0.6565646452110087,0.6418756388065152,771925208851.6141
Taro,2017,3090.8,26.162273972602737,4.066109589041096,76.52139726027397,0.6475342465753424,0.6606301369863014,783338000000.0
"Cacao, fèves",2017,972.2878965647026,25.963892433301634,4.24631025962746,77.1269712793257,0.6590027700864988,0.6471717170640119,802042419789.4846
"Piments forts et piments, secs (Capsicum spp., Pimenta spp.), crus",2022,422.0,25.620328767123286,4.94627397260274,77.37772602739726,0.6615068493150684,0.6768493150684932,940020690899.395
"Café, vert",2016,379.93190177938885,26.959124578941612,4.117724541765304,74.26040641870279,0.6094084108242432,0.6431526783365455,729855670881.5573
"Manioc, frais",2018,3939.673116300454,25.21947412562624,4.591393142306268,78.32497341934307,0.6719601210385705,0.6738359925882577,818521528563.1238
Maïs,2022,1205.9917321350708,24.801407325737358,4.845978498045294,76.99027165455395,0.6386053761404955,0.6643478607383778,926168380340.2965
"Cacao, fèves",2020,1134.2321491901919,26.276610164742646,5.003208255392317,77.55745741604248,0.7334845009534666,0.7506842377504738,840721124054.1105
"Pois bambara, secs",2022,738.1640381033744,26.249161366865298,4.907112747981069,78.49159755960653,0.6906711015025938,0.6714227771632558,951961845292.9789
Bananes,2017,13000.86670688189,25.585225748925026,4.042696120127938,75.87642574426938,0.6616061355583569,0.6621065440516516,786535318341.7649
Autres légumes frais n.a.c.,2023,5226.154147101345,26.206057599483206,4.498311689031592,80.08210281413223,0.6778617401973177,0.6890640147813389,993990465253.8129
Arachides non décortiquées,2023,764.0075404229382,25.56106819847859,4.418225349994891,79.46452469133953,0.6553656362039101,0.6836443089593682,990733780086.8267
Autres légumes frais n.a.c.,2021,5161.402588640757,26.392010110985833,3.91587024209679,78.34757335550415,0.6878958990439809,0.6908832482269488,900708663938.7155
Autres légumes frais n.a.c.,2022,4722.177489443186,26.175425008047974,4.946418824791018,77.733399306325,0.648486008774571,0.6608551455862945,948603909456.2554
Oranges,2016,4526.416220203688,26.417460257009434,4.059126378054493,73.28714977195085,0.6199879354494824,0.6406816240858638,735462541664.3896
Maïs,2018,1211.317352987272,24.958082511738972,4.287980820693657,76.1349703469943,0.6915473789369739,0.6915020331249461,818569641209.3746
Ignames,2021,8984.535843301393,25.776364954727352,3.918666193773379,81.47447363160953,0.653004856719144,0.6989344478662748,889175429087.1992
"Piments forts et piments, secs (Capsicum spp., Pimenta spp.), crus",2015,409.1240277064636,26.544272991761723,3.1314566922400964,74.19735637003863,0.5919835181307432,0.5879216585615913,675966056709.5762
Autres fruits n.a.c.,2017,5382.8498115778475,26.048866369368245,4.152335078660047,79.08020842894992,0.641373846374085,0.6608945088765863,781402741239.3105
Ananas,2016,8122.628551177286,26.394618304671415,3.9866034436041335,76.09982322690712,0.6185925409641334,0.621892020114525,742793175519.7002
Noix d'acajou non décortiquées,2016,1471.8,26.5448087431694,4.076065573770491,73.88571038251365,0.6231967213114754,0.6228142076502732,733416000000.0
"Cacao, fèves",2016,899.0387347241231,25.851589709550396,3.9268557883393633,73.16024661907147,0.634640956786016,0.621164034859912,727925294222.8322
"Manioc, frais",2015,3916.9,26.17372602739726,3.183424657534246,73.75301369863013,0.5778356164383561,0.5891506849315068,676983748351.848
"Cacao, fèves",2018,989.3307514570049,24.605666975288358,4.480499323041578,80.57804881518521,0.6751098580303978,0.7004504616254215,815329771600.4525
"Pois bambara, secs",2019,775.5114153128197,25.445744878194265,5.151886867029689,78.16973668326008,0.7253354938865053,0.7241974105104197,863700496789.1891
"Pois bambara, secs",2019,751.7071793255177,26.155184364016403,4.908021548122059,80.39910065055098,0.7166341349026564,0.727092437313263,857646468355.2163
Ignames,2019,8937.03627061631,25.527351463453922,4.905803091831195,80.27711170099818,0.7336129013908084,0.7464871880100449,860294094419.9691
"Pois chiches, secs",2016,699.0119843183445,27.484214005753202,4.100408155276374,75.18947312041031,0.6201003037603485,0.6247714542093605,729608418484.6157
Oranges,2020,4822.275132141519,25.83706042762225,4.982532995794281,80.30357300585752,0.7316674428396386,0.7496820567775674,847576794209.51
Choux,2020,11396.83357426331,26.83094262295082,4.9889334777315035,78.4137696021493,0.7294603819555788,0.7782049180327869,841087425547.3193
Autres fruits n.a.c.,2018,5705.67800806023,25.666072313351737,4.483553930193288,78.15656876806707,0.6535634841450322,0.6815565189375677,832046301323.6497
Sésame,2018,320.8997077674259,25.495945012040764,4.665746734504383,77.70978263059422,0.6909641562591567,0.6863632026345025,817338473530.2225
Noix de coco,2020,3749.8109100367783,25.424285318307263,5.060144395952936,80.35598048904971,0.7474070388141459,0.7466591510724171,876599564257.0134
Choux,2017,10968.707977958695,25.785871634529656,4.036697638236237,75.73627458304024,0.6636066988395762,0.6633167517361598,801311292002.7219
Arachides non décortiquées,2023,730.5213640043783,25.990272465875176,4.356463551417824,79.318299183835,0.6694554685371243,0.6648585884485727,1016145486234.955
"Cacao, fèves",2022,1097.3066711592357,24.89699158831571,5.073396433136094,77.56734335899498,0.6515736585443913,0.6714278669207183,938972407638.2788
"Huile, noix de palme",2019,8304.800155675575,25.99970580371294,4.974082338568798,78.37122618204104,0.71040202017322,0.7550685700213465,887775808670.0428
Choux,2018,11017.167956747418,25.16994619916281,4.422581469894612,78.3438082986544,0.6967281634544082,0.6827604306059436,807694518977.5941
Maïs,2019,1292.8867330416488,25.98211594563745,5.001639943362725,79.03640800704531,0.7121880778835546,0.7236861936318872,849783027447.0992
Autres fruits n.a.c.,2023,5761.906719354773,25.807091105262685,4.484209977234032,77.0766699899584,0.6465986301369863,0.697929749595862,1014204324013.6448
"Coton en graine, non égrené",2021,698.0407320763205,26.15551256380514,4.079335104531953,78.77568369917394,0.6832348105563655,0.6638737429307627,885192694862.7352
"Cacao, fèves",2023,997.0932414631038,26.368267217280387,4.491924156028663,78.13113070092783,0.6967823468905282,0.713228995549648,1003687182771.3839
Sorgho,2016,868.5528969093127,26.145519169964672,3.9452279595933692,72.95069959582513,0.6249232333151422,0.6287325686234603,757595938768.4647
"Racines et tubercules similaires à haute teneur en fécule ou en inuline, n.c.a., fraîches",2020,5549.463399582705,24.871143235623897,4.951310989079016,81.4772834130895,0.7525486131311194,0.7223008097905664,863420341456.2688
Autres légumes frais n.a.c.,2015,4905.825680140106,26.690634785215813,3.1242005324654465,73.01712313245486,0.5703579335253022,0.5971792731686443,674647921856.73
Taro,2019,3152.0049527008996,25.9386761949602,4.912620576441404,81.94702771321322,0.717042323653632,0.7308344048617197,869410917381.6864
"Manioc, frais",2019,3996.2717599311422,26.496239393360725,4.893338063442485,81.72646513635097,0.7323395457955992,0.7159214197553558,870639634351.8145
"Coton en graine, non égrené",2016,892.3139681490746,27.17069494664596,4.077420489841365,75.57007936197067,0.6299974776629329,0.6176561035476819,733984752675.7057
"Cacao, fèves",2023,975.3177860307957,26.023239394069428,4.4936192371900185,79.90531365156791,0.6659442047606231,0.7110830771485472,1007872584848.8777
Autres légumes frais n.a.c.,2021,5120.268105157677,26.095521940687334,3.9813651892982795,82.15513875884909,0.6978460444152401,0.695724588836599,889502982560.873
Maïs,2021,1245.0513714579727,25.405799015776125,3.9329740442314023,78.93543470061327,0.6669267646421084,0.6901809596498544,876573570227.196
Noix de coco,2016,3826.995381577398,26.27310046054947,3.944936544309762,74.59032439364503,0.6149148142793697,0.6334177841904727,722487488773.1207
Autres fruits n.a.c.,2015,5903.193570071563,25.52932856067172,3.305723127342084,72.28331868816352,0.5706959814595924,0.5827457969431874,679574304386.9489
Patates douces,2019,3789.736790810711,26.02224342655829,5.114088323577821,80.44929579668131,0.726613468903279,0.7247787915152103,860679052773.495
Sésame,2018,324.6713129791109,25.0212554012452,4.530982594798363,77.24477714304996,0.6717329816149915,0.6879114708247152,843718594473.9791
"Pois bambara, secs",2016,758.5161766989041,26.70383152872268,4.216415501886392,75.24093761919958,0.6364778424189605,0.6511982927601486,732972123124.5034
"Autres espèces cultivées stimulantes, à épices et aromatiques, n.c.a.",2019,1014.3581718013708,26.984448422817938,4.853588556794646,76.69720856239213,0.7066285939207393,0.7231600707234006,871866200855.2339
"Huile, noix de palme",2018,8680.1,25.62013698630137,4.461972602739726,78.10038356164384,0.6793150684931507,0.6943835616438356,819305083628.113
Sorgho,2016,842.5128169365678,26.694958465913754,4.029325244057481,74.36214368461442,0.6358205126148088,0.6163669195282628,716443536074.6683
"Pois bambara, secs",2023,782.4729240677444,26.061362599892774,4.510820766238313,79.09407627921436,0.654524962090066,0.6887573879947262,1001955308600.19
Fonio,2021,891.7834613924869,25.507556961185955,3.860518421375124,82.32806945325346,0.6835784201100029,0.7022915376252538,882956044571.4666
Sorgho,2021,877.0144638811698,26.923443877641567,3.93882049687309,82.28571857841304,0.6794422146668322,0.6992952931669775,892742590597.2704
Fèves de soja,2019,798.429574775589,25.355285865340278,4.9780080646502745,76.84123624000455,0.7538188276590359,0.7437674023260994,854428660010.1129
Choux,2018,11374.509524421126,25.73224194359285,4.541421037509699,80.00607611888927,0.6651575793426912,0.6905806514362058,813629644081.195
Haricots secs,2022,568.2941330280074,26.739762592575122,5.042020831881608,80.55851198115025,0.6749860766304014,0.6636656908020798,941654762793.5189
"Autres espèces cultivées stimulantes, à épices et aromatiques, n.c.a.",2015,988.6739946139597,25.656055692371933,3.1547154364875944,76.46130607504018,0.5747936569206197,0.5708149994306958,672109523140.663
Fèves de soja,2019,795.1681473097234,25.856436435234222,4.9242094113701125,78.83980248886765,0.717745783055249,0.7399247249480346,861737415855.2451
Haricots secs,2023,559.2645577547996,25.519656035253117,4.412839984937136,80.85071230034319,0.6835775251204518,0.7075478414047831,1003787607209.2646
Autres légumes frais n.a.c.,2015,5021.795756546053,25.78937618588935,3.1606472768287857,74.70400183632826,0.5840064160182931,0.5923443245297458,683199513586.7704
Oranges,2016,4535.2073372176255,25.925685467915322,4.091060794743297,73.51117104797096,0.6105327184389974,0.6247412433400757,740520694362.3142
Maïs,2021,1243.5178726067838,25.69521688446996,3.987809747917671,81.80952059227704,0.6978080474540477,0.6872749176549786,881442314816.963
"Huile, noix de palme",2022,8876.38815631345,26.621448295515446,4.896337711144972,76.19372552266908,0.6448104086902957,0.6807695945420854,929591980340.03
Sésame,2021,331.82828030087217,25.735777438296818,3.92706456955287,79.91731836072891,0.6472991889365933,0.7027647010875333,896278160491.8622
Patates douces,2018,3581.4745394565816,24.782496972396316,4.4892941808407585,78.05062443444508,0.6970699175407713,0.6962046011729595,821664485219.4126
Maïs,2021,1163.3743731624693,25.863894343521125,3.973003813774704,80.47327381914283,0.6880025120859561,0.6890347698036771,898062496948.04
Mils,2022,590.5048921287471,25.712717098492092,5.077241708474512,75.13226764205447,0.674026006632549,0.7090844456560836,965659882281.6199
Sorgho,2022,857.6938313013336,25.390566378385266,4.957800765191443,79.4069066206781,0.6571812161653559,0.6916858504468018,927328586930.103
"Autres espèces cultivées stimulantes, à épices et aromatiques, n.c.a.",2023,963.2588063538637,26.303805812325216,4.406132649527071,79.20605536919136,0.7009760101249835,0.6913038159815456,992825260867.4347
"Manioc, frais",2023,4089.329218967624,26.352369051291916,4.498561983210972,77.91137615977149,0.6670574841711121,0.686950237156678,1013134818999.3256
"Café, vert",2017,432.6121743648606,25.445467555633467,4.067101392328888,76.72144886173966,0.6478931914959132,0.6686165400181742,789261663580.9857
"Racines et tubercules similaires à haute teneur en fécule ou en inuline, n.c.a., fraîches",2015,5197.920096317955,27.02889972437627,3.0385758269078367,74.35607492985903,0.5669685216645923,0.5825447734078315,675983494909.9752
Sorgho,2023,919.3001759646418,25.34424119298983,4.4409459251852175,78.37457980030038,0.6724896379703591,0.6937880323948998,996068198357.1365
Autres fruits n.a.c.,2022,5703.1565413303115,25.50074163454599,4.947121358343212,77.42597439776755,0.6598131144839313,0.6865995226006164,928132880269.3795
Sésame,2019,341.9461245182279,25.78001502141607,5.149922412357513,77.08736095263974,0.7357933480522659,0.7462922919259706,874374403269.045
Riz,2023,1805.9975933176725,26.330029531310675,4.4379497191551085,77.47942340403516,0.7078257306015766,0.6857356336222566,998256423011.7921
Tabacs bruts ou non fabriqués,2023,450.567009606598,26.21575943847791,4.409060901842475,78.5461821164051,0.6718361323925256,0.7012500726379782,1003406845600.255
"Manioc, frais",2016,3779.778113545175,27.029296672228597,4.164670652532354,71.39899835368841,0.6140816047221722,0.6229163951257878,743431130673.2222
Tabacs bruts ou non fabriqués,2023,463.60507652702785,26.21100659359785,4.5893874523220255,79.21045077294282,0.6794182003892583,0.6969366174798832,1011493752460.2671
"Autres espèces cultivées stimulantes, à épices et aromatiques, n.c.a.",2019,1035.7232345765312,26.22807629167725,5.031084207680436,77.43180137799541,0.7152204427085403,0.7386043902733861,872305619095.9747
Choux,2015,10502.741046711903,25.970783127991407,3.025545846886267,72.5036894463948,0.5723449200087026,0.5922090004080341,677646292964.33
Fonio,2023,893.8701099428303,26.98175765296254,4.534308434999377,77.61002391022123,0.6747248166783845,0.6957202837339643,996382890294.965
Oranges,2021,4405.332886300616,25.623165928730753,3.8881253167265575,79.72070263029242,0.6762747839615487,0.696607868745651,887469899932.677
Mils,2015,806.3333512357032,26.150780062541116,3.198023155751104,72.6837643622779,0.5622970706997246,0.5921656642432278,670776122787.9977
"Racines et tubercules similaires à haute teneur en fécule ou en inuline, n.c.a., fraîches",2023,5094.685214607974,26.991713548804654,4.475190395632437,78.70296741714873,0.6902592488434066,0.696058564098773,1006265098781.1802
Noix d'acajou non décortiquées,2020,1521.4793101767257,25.74210305131562,4.9460536464942395,77.94320437678142,0.7309605228370771,0.7306082673833881,860924664043.1466
Fonio,2022,877.5738050904217,24.407965414602156,5.0002753781786975,74.33298992438556,0.6518643853066735,0.676645068011726,939714394142.6462
Noix d'acajou non décortiquées,2022,1568.2736174296103,24.84674513483089,4.960778358810949,75.99971967371015,0.6703739619211201,0.6867601266349199,931758402418.5018
Mils,2016,597.0776284548126,26.9412840720905,4.022901446419774,72.83194168232352,0.6493607324399974,0.5927418911709078,728986384755.7542
Maïs,2021,1230.2,25.92775342465753,3.9432328767123286,79.31665753424657,0.6736164383561644,0.6907397260273973,892399651748.501
"Huile, noix de palme",2022,8353.161097580818,25.314153851836483,5.021314156779854,74.33413528999887,0.668305554629196,0.7005166091723598,945690543747.8043
"Noix de muscade, fleur de muscade, cardamomes, crues",2019,1033.0196104003367,25.962498266661665,4.970360499790101,83.58057534246575,0.7013444748918672,0.716100275061919,868875605248.7655
Maïs,2019,1243.6350220350307,24.54992602739726,5.041359886924233,79.08654315254368,0.7217005065130915,0.7225610352148545,859303654422.8671
"Noix de muscade, fleur de muscade, cardamomes, crues",2018,1040.2891375128809,25.962335282149624,4.388944535234514,78.152584489152,0.6795624363667004,0.7042263614666868,817593443946.4805
"Pois bambara, secs",2019,769.0037753763457,25.193062417927226,4.975709778212216,77.01784601143267,0.7549068493150686,0.7462618842388772,849834840136.4623
Choux,2021,11730.433525752074,25.94420960553994,3.8815646225864224,81.2664649432463,0.6402566204159056,0.6821863344960591,880389292883.3989
"Pois bambara, secs",2022,788.330580731107,26.335710394819497,4.966924103703621,74.68270116688653,0.6534172475926199,0.6531785426587455,925746433438.3854
"Pois chiches, secs",2016,768.550324719869,26.1192125135407,4.002918476142649,76.07435531211917,0.6307806692854633,0.6326203553766382,740210787327.4531
Sorgho,2017,852.132945639817,26.868221961958938,4.1286230935410355,75.20631990418381,0.6520654621103813,0.6591944200619583,769936398115.6125
"Huile, noix de palme",2019,8561.816571648156,26.244981378300817,5.007352326530313,81.36986203901513,0.7268609876585148,0.7248216093615514,885810221461.7
Haricots secs,2016,477.7822324454113,26.82924898822102,4.279868852459016,74.59502977396836,0.6242526791468341,0.6308274562976417,726582373056.9819
Patates douces,2022,3622.7,25.620328767123286,4.94627397260274,77.37772602739726,0.6615068493150684,0.6768493150684932,940020690899.395
Fèves de soja,2022,1021.4750388769355,25.974785558560665,4.921198635861298,73.87851630767909,0.6476191834782196,0.6924101774015049,941147272244.7507
"Coton en graine, non égrené",2016,822.5563698043496,26.410221953417626,4.183000033371476,74.95199507485512,0.6382128701654606,0.6196381012941626,735360243230.1875
Tabacs bruts ou non fabriqués,2020,445.7,25.55327868852459,5.009398907103825,78.95647540983606,0.7270218579234972,0.7411475409836066,856967581267.048
Ignames,2015,8323.070013886807,25.709688378784563,3.2291142277953866,74.59965504494774,0.5830228898393222,0.586861164299365,672497557825.3142
Maïs,2020,1277.5264478072788,26.522903926020003,5.05447777944879,77.877745338591,0.7408784235981686,0.7252829873413977,852461901641.9272
"Piments forts et piments, secs (Capsicum spp., Pimenta spp.), crus",2021,407.5148543922959,25.82723872876446,3.999618814687336,80.8256285153394,0.664587870515945,0.6932633410374287,903527256616.2618
Ignames,2021,9397.519421144178,25.838732762495653,3.879671274847895,77.37424253090047,0.6711428364627493,0.6767729988819677,904393687217.5886
Sorgho,2018,860.3905970601627,24.808486349258697,4.3935858508151355,77.04675092291669,0.69984476262465,0.6982622386736171,834999040267.143
Noix de karite,2020,4066.3028204678185,25.419516198208168,5.141375204025252,79.87699322579184,0.736723574080594,0.758380959858469,858073767573.6301
"Café, vert",2023,538.9047842621683,25.27053408150994,4.49646367833091,78.47995913214348,0.6859751070845885,0.7206146216068959,999789348638.146
"Pois chiches, secs",2019,778.4225668111843,25.726203655440607,4.8535533491658684,79.93856776497134,0.7295744571255796,0.7276503875806449,879981920762.8314
"Cacao, fèves",2021,1099.7446245408635,25.878504778737685,4.009355376940291,79.22611917471062,0.6724129439622322,0.7000489526740262,894811487605.6755
Bananes,2019,13273.722724217438,25.684107906334123,4.97839961724386,80.33027294990752,0.7047232772561347,0.7329059765114553,856991861929.635
Noix de coco,2023,3650.0193335831545,25.282953231695405,4.587680909498106,78.0278082985006,0.6789588637235726,0.6890899877443588,1010950938328.0095
Fonio,2022,810.3920413327049,25.352337682388143,4.8396385872077525,76.97652873540198,0.6583687884322269,0.6515096012071079,938287894386.1532
Oranges,2019,4565.878414785572,25.959839796952583,5.028338658632423,79.61635514614177,0.7375268571558691,0.7193023890785685,872140599080.136
Ananas,2017,8043.424709770635,25.924465328436348,4.038272223145871,77.02501102697835,0.6456607907553884,0.6331704505871822,782386186516.3372
Autres fruits n.a.c.,2016,6019.908791094962,27.417065264114402,4.125531008387877,74.08231654186311,0.6365057059848731,0.6479593983661067,728374246075.47
"Cacao, fèves",2018,1004.2130550790766,26.3842979636376,4.351986255266797,78.10361174319686,0.6886311032684895,0.7015123553685904,824064073786.669
"Racines et tubercules similaires à haute teneur en fécule ou en inuline, n.c.a., fraîches",2020,5087.974382005118,26.037066066827276,5.160463904026628,80.16454160939466,0.7104326781280574,0.7342601638348781,865529392418.4779
Choux,2015,10473.732148708566,26.41042355080616,3.158632044035499,73.69491715441241,0.5981677944512174,0.5720908278640561,673379518412.0493
Choux,2020,11158.396905079833,26.305294611775423,5.05600617567443,80.86905570950893,0.7310476624035589,0.7550614359578,863294594700.6393
Maïs,2019,1303.0588795591455,26.56201859285363,4.99210155792694,76.38170677963652,0.7456707473418114,0.7195501084933572,881071506606.4167
Ananas,2017,7888.205807688503,25.752305150072324,4.065324714917784,74.54796753150423,0.6458037537873899,0.6519697207727159,801825673873.773
"Cacao, fèves",2021,1061.0573425664445,26.311081337159564,4.02984813496902,78.59379562678993,0.6831784133687335,0.6936013457580238,903848438066.1377
"Noix de muscade, fleur de muscade, cardamomes, crues",2016,974.3167528460463,26.384057917937678,4.214092124192874,75.98503589228127,0.6182530118085241,0.6305892791784382,745840008718.2563
"Cacao, fèves",2022,1118.9499152262392,25.079006791861733,4.8702476553631415,76.8966353467959,0.6620126705070821,0.6699662266716061,935023990147.8723
"Pois chiches, secs",2020,776.6886124389158,25.622499138284756,5.074696865799367,81.02397869651634,0.7144094540503583,0.7432132182923028,857747256443.7689
Tabacs bruts ou non fabriqués,2021,457.9607681950871,25.943959789793002,3.95691466263154,78.28458340763625,0.6642346246540601,0.70048823714932,895658880373.6298
"Coton en graine, non égrené",2020,676.8389249871427,24.97550242518496,5.102508931607709,79.91921631115802,0.7364361731415464,0.7782049180327869,847519747221.9966
Oranges,2016,4511.241444397596,26.34541816551515,4.124260316809407,74.19945664413733,0.6418866616038209,0.5987904998288086,737563909737.0887
Fèves de soja,2020,810.6508211391622,25.147131386827002,5.065817121400293,77.34486437425329,0.7370547335944749,0.7587937073114149,868227002017.5111
Ananas,2017,7731.856919258361,26.58986196236056,4.016287014955988,78.58972361811469,0.6563079371672974,0.6644254217165346,782792962491.7366
Fèves de soja,2015,627.2355198513009,25.969395148456357,3.0465593146871157,72.45752759053822,0.5631586837501792,0.5678885318673619,677285719759.8706
"Pois chiches, secs",2018,728.1763860034082,25.83959313903836,4.391326700840627,74.19536438356164,0.673400868511203,0.7012198022331513,822862763484.4564
Arachides non décortiquées,2016,690.7554755701777,26.070274176815055,4.143825605101887,75.43346398860207,0.6228640875716506,0.6316907148750681,741631016377.5931
"Coton en graine, non égrené",2016,857.9536761414131,26.14283502709771,4.1108004053682805,72.57391504359256,0.5920368852459016,0.6264618242139447,726018983271.6368
Noix d'acajou non décortiquées,2018,1457.4441779234724,26.014991111491256,4.423720937117006,77.98961810661022,0.7029474604861147,0.6912085976346037,816643502436.3809
"Piments forts et piments, secs (Capsicum spp., Pimenta spp.), crus",2021,430.0816534166992,26.038502901336507,3.921839767364292,78.46612530118676,0.6844999098351626,0.6905097490397905,889149160528.7769
Taro,2017,3111.044087576343,25.79125412928022,4.045478149004044,74.40862370588148,0.6408879491688957,0.6560571237638334,781752781192.036
"Racines et tubercules similaires à haute teneur en fécule ou en inuline, n.c.a., fraîches",2017,5069.330162699292,24.855500873351936,3.9898470585222183,76.54172072774047,0.6438460378937246,0.6679224136711602,789313588210.8829
Mils,2020,592.1671058296753,25.589091736003148,5.054601644523964,80.24921266197427,0.7333564543788458,0.7443072891016328,860626359345.0364
Tabacs bruts ou non fabriqués,2023,434.75581402728983,27.202557085500846,4.3692886857833315,80.60563394824726,0.6947993426502332,0.6799267511535827,995913125144.6326
"Racines et tubercules similaires à haute teneur en fécule ou en inuline, n.c.a., fraîches",2019,5219.1,25.842027397260274,5.005041095890411,79.60054794520548,0.7189589041095891,0.731013698630137,864816063151.685
Fonio,2018,871.0660083099323,25.42694378552589,4.37988600446942,79.68912866735691,0.7080779104990266,0.6949762564923903,816042566916.6627
Choux,2021,11734.44674872589,26.50283043567879,3.9644157166485265,77.7111544710642,0.6672874168946212,0.680304432475045,899347319346.5115
"Coton en graine, non égrené",2018,769.8310410798024,26.144815865044468,4.48116578178868,80.04217514851032,0.6736063326792502,0.6851498587037431,811584706309.5697
Haricots secs,2018,562.3658681946528,26.336127921082365,4.53870701918447,76.61967480177138,0.6947280671811964,0.7022546127309605,816160302978.9452
Autres légumes frais n.a.c.,2015,5049.605062003812,26.05646880142355,3.2390393292551423,75.08555234026663,0.5674598908827346,0.585259105930562,676702137943.5232
Riz,2019,1554.9028900429525,26.12766825103308,5.087363990978644,80.74632830574559,0.7271764456983906,0.7252852348043253,876350218752.9071
Noix de karite,2023,4354.023813946944,26.1437252204658,4.434253505782187,76.63905556727775,0.7050458501550351,0.6655489328853097,1000598984413.7052
"Huile, noix de palme",2015,8783.614683493535,26.37868931587648,3.132829478226062,77.21187852107062,0.5689658694625067,0.5793203961725942,677399147568.6278
"Cacao, fèves",2016,989.7007678096824,26.555422059182565,4.068704051468347,73.14185482285815,0.6500100441297096,0.632925131031893,732429330396.732
"Racines et tubercules similaires à haute teneur en fécule ou en inuline, n.c.a., fraîches",2021,5343.112788520424,25.481555405841593,3.8911442980551634,78.65247729177302,0.6467972637844717,0.7119494377559092,893562136749.5309
Bananes,2018,12844.487099544525,25.616802022850017,4.372105452807429,79.40272399282419,0.6642927442158966,0.6956641955767859,820517789770.2993
Arachides non décortiquées,2015,659.6138998166617,25.860908290424863,3.284652686695012,72.07717082485266,0.5793175465856397,0.5883595985281547,681545206076.9808
Ananas,2015,8123.628461497793,26.490267610759048,3.1124081470970224,74.63922351522218,0.5971882594301271,0.5754605602309125,673440750648.8912
Ignames,2021,8936.085641369491,25.945152690404907,3.7956883175600855,77.78081431186015,0.6598418037234326,0.6846046412510506,897606004686.322
"Noix de muscade, fleur de muscade, cardamomes, crues",2018,1024.6,25.62013698630137,4.461972602739726,78.10038356164384,0.6793150684931507,0.6943835616438356,819305083628.113
"Huile, noix de palme",2020,8795.898550267135,26.468117881313937,5.033977787382394,82.90429918032787,0.7244638153553516,0.7490211350365418,859471769614.0338
Bananes,2023,13047.718776592814,26.164301297677998,4.45268206785481,77.60066888766916,0.699481793107917,0.7277999478119138,982166164886.1329
Noix d'acajou non décortiquées,2015,1481.8200907774847,26.453505462090106,3.1145420992440602,73.43819080704097,0.5671297729146152,0.5944949466322573,671980957196.939
"Manioc, frais",2016,3857.008411025337,27.141305938374035,4.0906202897107296,75.10088132403587,0.626456989143864,0.6183026771241876,735426743685.1531
"Pois bambara, secs",2016,744.8424388554427,25.98868015478074,3.989182101220852,74.08740124683824,0.6117373263250581,0.6140015377790526,727323073434.0537
"Racines et tubercules similaires à haute teneur en fécule ou en inuline, n.c.a., fraîches",2017,5237.193534288309,25.751308368659988,3.9805152988039323,76.05665584866085,0.6341124876059202,0.6387555506670836,781516118939.8507
Fèves de soja,2022,1060.3281743885761,25.446096446693883,4.888110440351793,80.23802128013685,0.6473049043467275,0.6914149831643991,949383307870.9556
Graines de ricin,2018,79.6,25.62013698630137,4.461972602739726,78.10038356164384,0.6793150684931507,0.6943835616438356,819305083628.113
Haricots secs,2017,576.2747833603136,26.398216863856607,4.070552823756111,75.1974472406617,0.6375630185884211,0.6539075935228199,795685104491.3627
"Café, vert",2017,458.1488025286548,26.993379347854646,4.092609344503355,74.81046077878783,0.646819577487538,0.6480816021901903,784530403166.6383
Tabacs bruts ou non fabriqués,2023,457.390448912844,26.148889030838504,4.502088529875413,80.35937365332684,0.6728706897461965,0.6770245854938397,1015029518802.6683
Fèves de soja,2019,809.0111020747222,26.39472431096086,4.878740849801241,82.61505367621399,0.7246603331621474,0.7293906515706194,854211560865.3965
Noix d'acajou non décortiquées,2015,1500.6,26.17372602739726,3.183424657534246,73.75301369863013,0.5778356164383561,0.5891506849315068,676983748351.848
"Pois bambara, secs",2016,693.4158095530539,26.383308955625914,4.078870618261544,73.71006358370609,0.6289313145040988,0.6052815732581963,733352101783.4464
Tabacs bruts ou non fabriqués,2017,466.3886926959834,25.47653799237771,4.0401669188228695,78.76654979255825,0.6517272395262086,0.6736088141619238,795157684777.3752
Ananas,2018,8165.2939869506445,26.246849022389245,4.512552202077321,78.00675855170857,0.690911463892588,0.6942522199712731,810813650572.625
Graines de ricin,2019,86.68,26.115553374135946,4.949746067304852,79.00884567668733,0.736720524998665,0.6944630136986301,876394363780.7013
Patates douces,2023,3426.324041454487,26.137457004775825,4.4330703626466015,78.62105952307812,0.6974562308929624,0.6959708633462437,995933691363.3431
Haricots secs,2017,523.7333891455498,26.344924084190385,4.17678822214781,76.69715518660847,0.665397638083189,0.6752617359457611,775745582259.8363
Maïs,2015,1299.4653126439,26.273788307456183,3.197062856215753,71.87032436408816,0.585652280961027,0.5596931506849314,676328106568.8021
"Manioc, frais",2021,4076.075988275404,25.734712183452647,3.9276292281775675,80.33698022979475,0.6929226090124474,0.6875043673618324,906675441947.3795
Noix d'acajou non décortiquées,2019,1487.2,25.842027397260274,5.005041095890411,79.60054794520548,0.7189589041095891,0.731013698630137,864816063151.685
"Cacao, fèves",2019,1049.6087029522805,26.00638386993571,5.170626563035525,78.56097555273591,0.7098072254915222,0.7343737878977775,882839212409.383
"Racines et tubercules similaires à haute teneur en fécule ou en inuline, n.c.a., fraîches",2023,5213.7,26.15476712328767,4.51827397260274,78.15893150684931,0.6806301369863014,0.694904109589041,998973479941.652
Bananes,2021,13170.409267516765,25.524890253034112,3.9205041940667495,79.90975849035507,0.6795636590429375,0.673570469636347,896530535672.9517
Taro,2016,2571.4704236955354,26.80827379790827,4.200135874824043,74.84777749868513,0.6193503806286146,0.611796398673025,738114296896.6005
"Noix de muscade, fleur de muscade, cardamomes, crues",2015,982.7550440238215,25.34013572394377,3.1170806094422536,72.54266018443218,0.5769915655665939,0.5976416016744561,680962074435.295
Oranges,2020,4452.821252217408,25.100737094508847,4.886896137391828,81.18345472728771,0.7293578410322006,0.7458392132540562,853934322686.6388
"Coton en graine, non égrené",2018,719.8030650889528,25.07288061972665,4.3057849973751,77.50648480837476,0.6744790964430577,0.696156545662949,821233720426.6809
Patates douces,2021,3598.8903439611813,26.707520278798732,4.014193098729336,79.16594008715477,0.6706801122089957,0.6757222934300634,908201312072.727
"Tomates, fraiches",2016,4311.162036571833,27.14707146763964,3.967663332580662,72.75262735124575,0.6239286895831653,0.6140521527265245,716517749286.8864
"Cacao, fèves",2016,905.5368368687007,27.235821032641844,4.0539233808385235,73.56057500961457,0.6155510728621808,0.6029708657311319,738301282953.5597
"Pois bambara, secs",2022,797.8100075017471,25.50522676469677,4.9118523259749685,78.14885396102495,0.6596257210753539,0.6774358031397097,939938916290.7151
"Piments forts et piments, secs (Capsicum spp., Pimenta spp.), crus",2017,423.9316560767915,26.743553843821466,3.9698604333632903,75.57555236536426,0.6507258491208189,0.6744794556228737,794058283300.2908
Fèves de soja,2023,979.7124198251624,25.896836459554994,4.5247723590433955,77.54291086408656,0.6853172177431622,0.707361784641596,1009833083546.7244
Fèves de soja,2022,1053.5481563296846,24.998492303552506,5.15098746573688,78.74283479710675,0.6376814971563326,0.6896821940968678,938176796120.5488
Bananes,2018,12951.168911388757,26.3818150717528,4.441639876725099,78.59021770160271,0.7085867997277473,0.7051029428605137,824741888191.7598
Mils,2016,644.9603347631436,27.24043923320855,4.087454261883087,73.46034595981466,0.6043262275504634,0.6128814535248464,723698340061.9208
"Pois chiches, secs",2017,745.8119822905193,25.530659100407323,4.159352404678595,75.31715550649658,0.6424709708474161,0.6704729484260965,769390134872.1405
Ignames,2022,9323.43529377422,25.559477023949704,5.044424753403536,76.50177718952582,0.6648088395607649,0.6772308990438755,948632479549.3007
Graines de ricin,2023,75.73961161002347,26.44589921830818,4.506113143224111,79.91432680658845,0.6886141751267706,0.7042681889162619,1004275856465.9669
"Café, vert",2019,472.466142862802,25.81483937769064,4.994886862043117,77.49442114927729,0.705572625916614,0.74690257138598,872676774607.8262
Ananas,2015,8095.942370510577,25.787160254353196,3.1970905485811243,75.42526285690079,0.5989399550505724,0.5765149927877583,679591978495.7146
"Piments forts et piments, secs (Capsicum spp., Pimenta spp.), crus",2019,404.45027580009474,25.728488898402013,5.0616359418952,80.17388568813615,0.7474122593071408,0.7231484791202284,871511027334.3988
Choux,2023,10417.76999123619,26.123089956511862,4.4824872979742745,75.29811127048315,0.6935358485698134,0.6946885630651477,990521162713.1095
Oranges,2019,4615.9387889000245,26.37600826648743,5.095230763541295,80.33434767299154,0.7063257419465586,0.7328395115110483,863460259474.1947
"Coton en graine, non égrené",2023,653.8284946725488,26.7817393344277,4.475744460465894,77.75883369771951,0.681760881585173,0.7019613958840104,1003855179656.1902
Bananes,2020,13325.173215114331,25.743733181705522,5.050452069704463,80.0925631796901,0.7302042078176851,0.7430568196222627,842594948497.2427
"Pois bambara, secs",2018,756.9257882422143,26.01180693301345,4.545492451283287,77.52676165217235,0.6933657464184342,0.6928439139416069,809953629379.783
"Racines et tubercules similaires à haute teneur en fécule ou en inuline, n.c.a., fraîches",2016,5145.051906192143,26.607045196091814,4.173443867152301,74.38650136185586,0.6309564786802244,0.6220376417727486,726285761470.2496
"Pois bambara, secs",2020,793.3005716910817,25.491133727526723,5.018101577059826,78.79545293349662,0.7452157789230461,0.7690667556152916,851712164808.9341
"Huile, noix de palme",2020,8853.703173591888,25.19513346519608,5.012216765738803,78.45999164684123,0.7257178704783058,0.7547646001568772,856472596837.7487
Riz,2020,1678.9194153859312,25.975844410736322,4.94158691260026,78.24432243319768,0.7384930652390918,0.7610492743694054,864615837896.4878
"Tomates, fraiches",2021,4044.7120302424382,25.36029334005828,3.9283974088165072,81.24178982950544,0.6673110312234178,0.7004882863469787,886416217530.1537
Ignames,2019,9070.156045285636,25.5101621264011,5.182123287590416,80.83849060949302,0.7111875428128197,0.7082354417495663,852758356981.6322
"Noix de muscade, fleur de muscade, cardamomes, crues",2017,962.975681799564,26.060615798017484,4.114938465026015,76.13168237332553,0.658716958505038,0.6498306023988439,766226558631.9423
"Cacao, fèves",2021,1146.0515119780778,26.198112645456767,3.9561443634711937,81.74156189294388,0.6631445757254447,0.6791201210972798,898218276089.9099
Oranges,2021,4754.914286201785,26.362755184845835,3.833053968406188,79.42160470699028,0.6621917869922243,0.6924004600064187,886234995334.5212
Sésame,2018,304.3739612020183,25.632711508408214,4.504335958684073,78.78680184900728,0.6788278479949262,0.6753631335218712,836471269382.3601
"Autres espèces cultivées stimulantes, à épices et aromatiques, n.c.a.",2021,1011.8686330907852,25.885475238147226,4.027285219386599,77.83660253232092,0.6462807311646542,0.6660850226917214,896230301122.9857
Mils,2017,586.3450874788856,25.313833594856636,4.269415068493151,77.27281499242504,0.6493387840952385,0.6666691701143175,778975814306.1825
Taro,2023,3297.9910535246427,26.120185912011202,4.558349027536961,78.40152880970979,0.6598751064571798,0.7080006032244351,995972065914.5312
Noix de coco,2022,3607.833654365224,25.778716749800264,4.843248591496462,78.08516745254778,0.6471426322150433,0.6737428385061905,933508419525.3438
Autres légumes frais n.a.c.,2023,5109.9,26.15476712328767,4.51827397260274,78.15893150684931,0.6806301369863014,0.694904109589041,998973479941.652
"Autres espèces cultivées stimulantes, à épices et aromatiques, n.c.a.",2023,1076.2572168808636,26.42569110227773,4.435379170674501,77.58425216833419,0.6722434081919004,0.7005012102886264,981194235466.8192
"Autres espèces cultivées stimulantes, à épices et aromatiques, n.c.a.",2015,1030.3936054344217,25.65510081426316,3.198617913666375,71.8650454773311,0.5949719439544964,0.5863860792895027,672796916280.6521
"Tomates, fraiches",2015,4164.435642279078,26.20151079855667,3.1145351323544648,72.92577406107335,0.594123832635399,0.5840538984911751,673412194628.0154
Arachides non décortiquées,2015,649.8347437322893,26.71197499627104,3.1896593426082025,73.73682137970683,0.6067273972602739,0.5929555247066289,685379224193.8931
Riz,2015,1707.9695764564526,26.167541370326052,3.194002686717173,73.96435819541183,0.5605519518297473,0.5871596473538946,672491179067.5391
"Huile, noix de palme",2016,8866.00597914491,26.71489215085048,4.081405341732815,76.01217792677686,0.6243203661696165,0.612146050913476,725535334509.1855
Riz,2018,1682.4753553523146,25.846390329004162,4.487697848700933,78.21101106497527,0.6957376041319863,0.6872625072972134,813857176974.6597
Ceréales n.a.c.,2015,935.2163487105643,26.168304217397978,3.1212395080140034,73.25219122507613,0.5886606162245724,0.593520753743936,667231110242.8827
Patates douces,2017,3541.6210296658273,25.64041691821704,4.067017017764362,74.42657647496593,0.6308466145228697,0.6695638107403519,781457341087.5662
"Huile, noix de palme",2017,9097.833891374845,26.057614676974783,4.096042242186589,74.87725589637313,0.6696947481425547,0.6485706789516587,775505507417.0725
Mils,2017,593.1,26.162273972602737,4.066109589041096,76.52139726027397,0.6475342465753424,0.6606301369863014,783338000000.0
Sésame,2020,326.0973248780572,25.264470897092796,5.037890887122921,78.78277076734078,0.7198685043943897,0.7469431628590254,846914384694.7397
"Autres espèces cultivées stimulantes, à épices et aromatiques, n.c.a.",2018,1026.7572221166047,25.083768153760627,4.460259227433612,78.79158619411996,0.6870173932976473,0.6913755467363851,832304558414.5947
"Pois chiches, secs",2018,773.8754998875277,24.78185669544013,4.25128972332205,79.12438284702556,0.6828006651968626,0.6768044573065372,797271153687.5725
"Piments forts et piments, secs (Capsicum spp., Pimenta spp.), crus",2023,429.4978155753636,25.720092087368048,4.404641547684417,79.16943639434763,0.6981747937563034,0.6995680709237341,998722772329.1154
Noix de coco,2020,3688.2941579756907,25.972462382487954,4.985660111232119,80.65416393807384,0.7337529046403966,0.7502158659481848,862283199149.0865
Arachides non décortiquées,2022,759.0471162117155,25.326810966965766,5.193587671232877,79.40538062372394,0.6476590934199633,0.6860669369470964,947831927131.7372
Maïs,2022,1237.8755549897096,26.32181037233392,4.9953780639007626,76.19217312294109,0.6832563846574539,0.6875402137294844,955728811103.3943
Choux,2019,11517.629766353257,26.13687939287106,5.172798139919063,79.46409958795881,0.7285012850735363,0.7321609492631492,855124758613.9733
Graines de ricin,2017,78.45254106937723,25.67524106269631,4.200745836517447,79.56488616051828,0.6370258119987618,0.6655918390807691,786621101458.5864
Patates douces,2018,3686.0906873333756,25.14182762994929,4.406297519780194,76.4592022161533,0.6724919290121354,0.7228791027638019,824020080559.2717
Arachides non décortiquées,2022,762.3356180762626,26.252681980079473,4.758691824610084,78.19304657314127,0.659364597934842,0.6840791035422303,946929684937.7372
Autres légumes frais n.a.c.,2022,4941.09128978827,26.485960210081263,4.952913802205074,78.52912202166142,0.6687310701443965,0.658335109562515,942658746673.8741
Bananes,2016,12053.880133204744,26.53760744860552,4.108475509937385,73.10222602867695,0.6227746398954555,0.6137647388586515,725741432320.5194
Arachides non décortiquées,2021,794.5996318970155,25.741862153688885,3.9866842753844094,82.06344399506578,0.6734343442338365,0.6852715797944081,902661135216.1844
"Autres espèces cultivées stimulantes, à épices et aromatiques, n.c.a.",2016,995.1811026625372,27.083666939633364,4.128449721916397,72.71888468311036,0.6223579175840112,0.6417992751872993,730681694647.5823
Autres fruits n.a.c.,2017,5799.4032839898655,25.902469179425534,4.103716428124181,79.95432212106822,0.6564012398577733,0.6608628325819978,782388885241.638
"Huile, noix de palme",2016,8682.9,26.5448087431694,4.076065573770491,73.88571038251365,0.6231967213114754,0.6228142076502732,733416000000.0
"Cacao, fèves",2020,1081.2224788432136,24.968243136650777,4.9147968427093245,77.95731090274614,0.7334666700177362,0.7186568323588145,868951887083.2806
"Pois bambara, secs",2023,772.6319482402512,26.898941469946468,4.528964550668282,77.82047933823767,0.6824122040959623,0.683378056064086,1007154709411.3018
Bananes,2020,13691.048299225084,25.658036831370367,4.876934947812779,78.72139586187602,0.7257761566519996,0.7555124075356768,870311657676.0548
Riz,2016,1645.7480074038172,27.098721370169443,4.0572149892822456,72.48674440098054,0.6143843907983519,0.6217747858504135,737744860909.7144
Haricots secs,2017,569.9481229754714,25.795780601780635,4.057312508040505,74.58082653529492,0.6583781692363445,0.6619319246736116,783863300077.2639
Tabacs bruts ou non fabriqués,2016,437.36556856337717,26.637743594396976,4.18654411611678,73.93383504659222,0.6351442794127352,0.6214889771309416,732953841664.9303
Patates douces,2016,3529.2747870468797,27.22181253436359,4.040381976680547,75.72854992199653,0.6358601036212176,0.6159371726132549,734910784470.8467
Choux,2022,11823.26018975316,25.504999579744847,4.832731360197936,78.3298930387217,0.6585147656831333,0.6886930385634852,933032895236.3031
"Racines et tubercules similaires à haute teneur en fécule ou en inuline, n.c.a., fraîches",2019,5445.439480809898,25.70604728038009,4.9050540682837465,80.05511996047065,0.7136680208531536,0.7463995243677921,865966645859.0939
Graines de ricin,2019,83.03301675763834,25.5651499939964,4.943134170722473,76.91496125370932,0.7061230664458822,0.7542910533055024,878598021350.0376
Bananes,2017,12870.446731140628,25.530778726242545,4.023385885077695,77.1554548645737,0.6547137970535516,0.6690428227396796,781246784416.7926
Arachides non décortiquées,2021,749.96780624946,24.631365753424653,3.8973310124089613,77.0798699945775,0.644017674814221,0.6779787618429172,875120648688.1407
"Manioc, frais",2015,3984.7352976366683,25.031449092403196,3.1686050698260324,73.57286938657798,0.5812526034489036,0.5934843400970042,664100396694.8336
Autres fruits n.a.c.,2022,5541.099962549569,25.02942786443649,4.7818389080569235,78.60579737469867,0.6474172544246426,0.6692145668803152,936110409701.2916
"Noix de muscade, fleur de muscade, cardamomes, crues",2019,1020.3023011285927,25.61148827430434,5.044149007344343,79.76070311243838,0.7043254838626803,0.7379611202708701,856470914286.1045
Bananes,2016,13419.586262273291,27.010280023752866,4.029748581520856,75.77761208343246,0.6246006915775626,0.6054028574457488,738128104094.5118
"Autres espèces cultivées stimulantes, à épices et aromatiques, n.c.a.",2016,999.6807436308117,26.719644515195593,4.260707141351307,70.86735572949199,0.6191890636530669,0.6103678449213885,734243685527.0481
"Pois bambara, secs",2021,775.5808669513708,25.820096697568193,3.8841867992082717,76.34146251358916,0.7048019740925866,0.6722912820022104,882675006336.4856
Noix de coco,2018,3861.7768401127714,25.33861476699558,4.685071232876712,79.15498088296005,0.6645528717529697,0.6987920729518873,824155427419.6415
"Café, vert",2022,578.0794779745668,26.029656153493953,5.000396491348426,73.66334596870215,0.6548937993372275,0.6779167227329784,935717666288.6554
"Coton en graine, non égrené",2022,671.1750783960059,26.472875083341453,5.051556940371382,79.15376393504542,0.656344000076596,0.6851443571039398,940864468258.913
"Tomates, fraiches",2018,4152.272786374061,25.041727574655464,4.376197232034124,77.20148824341142,0.6785172816028342,0.6903303127864001,832584811432.3447
Ananas,2015,8013.112197633727,26.385259375322363,3.252758417440559,72.44961720122386,0.5676208337395207,0.5736661910485976,670178704710.314
"Noix de muscade, fleur de muscade, cardamomes, crues",2019,1045.0,25.842027397260274,5.005041095890411,79.60054794520548,0.7189589041095891,0.731013698630137,864816063151.685
Noix d'acajou non décortiquées,2017,1425.9030991022373,25.40760934600176,4.0507304186734965,76.16514308883811,0.6600216491007302,0.664200040595892,769875229843.6312
Patates douces,2015,3679.9004211784477,25.962532445805003,3.1768419054808144,72.03365696142356,0.574311491402879,0.599449434971785,672393909296.6758
"Cacao, fèves",2018,1038.3424723368341,24.489089750840094,4.556713318209288,77.53352766663589,0.6916378220137459,0.6976191070259001,816729771523.7839
Noix de karite,2015,3948.195140632018,26.045138009608863,3.222255328593749,74.26319576565913,0.5671439849538674,0.5658377725763178,676086899971.0581
"Coton en graine, non égrené",2017,682.3844979977017,27.324864496060243,4.029189813550162,76.50145078592166,0.65761572193177,0.6519330699169081,783856382527.3486
Patates douces,2023,3715.596974568493,25.90374589145989,4.456710377844909,78.613143188203,0.6809069402782327,0.6816436004403712,997531136657.1045
"Manioc, frais",2021,3977.8,25.92775342465753,3.9432328767123286,79.31665753424657,0.6736164383561644,0.6907397260273973,892399651748.501
Patates douces,2023,3594.2798536878636,25.552783889104017,4.443671784738863,75.96478910652603,0.6765166106105416,0.6824927251923888,1012738589079.8359
Ananas,2017,8245.983431217504,26.675222639736894,4.0933085519513925,74.95721723454248,0.6480879211228042,0.6640277509857674,788464838454.8605
"Autres espèces cultivées stimulantes, à épices et aromatiques, n.c.a.",2019,1001.3198964457972,26.15593863508567,5.097256611909046,79.8662995117841,0.7009657488479973,0.7185446342649078,866520843037.8004
"Tomates, fraiches",2018,4352.386806127285,25.488242058218585,4.545306529987275,76.10545061721649,0.6571850601901005,0.6862146242505055,806485765404.4778
Arachides non décortiquées,2017,703.0583897522282,25.425268491811934,4.05494151481054,75.08447412372662,0.6345424283724,0.6328945528978378,793639076613.2892
Noix de karite,2015,4131.682154965742,26.959025250218538,3.255921183075534,72.98717765519662,0.5811695483260526,0.5912881564169685,682246742761.8315
Noix de coco,2021,3665.6158484480234,25.78438299648478,3.9272139973899924,78.70984882027614,0.6751779265324634,0.7064529971049033,891057531295.7079
Choux,2015,9852.36537830224,25.88564524702027,3.205216081804114,74.35240157213448,0.5731620860563966,0.5889548930255113,679830874690.3604
Noix d'acajou non décortiquées,2022,1550.217377515915,25.097560885768512,4.9042072445536435,77.5541879067081,0.6672926477172048,0.6620449665174245,951041149946.3351
"Pois bambara, secs",2020,775.5164319846525,24.97584093812538,5.061938527112835,77.44027074477796,0.7293817416529413,0.7360916208291184,855710753404.3115
"Café, vert",2022,558.2921933406516,25.465135185213718,4.941956841940104,78.24107347947283,0.63760596020417,0.7106917808219179,940957109327.1317
Ignames,2019,9156.425675115164,25.193355550135017,5.097152107384217,79.93519251673702,0.740108098955683,0.7256769444183141,872105333964.2942
Mils,2019,575.3571121743771,24.975038364675317,5.137693818227326,80.38293981674484,0.7240176507294981,0.7309225228501087,865530839561.0095
"Pois bambara, secs",2016,754.3422611885234,26.270974658710728,3.932421847989588,74.08075099756158,0.6159491204750693,0.6172404647068411,729287008186.7004
"Noix de muscade, fleur de muscade, cardamomes, crues",2018,959.0014343523612,25.143362866921535,4.499478984900767,79.7273461617871,0.6721074432169047,0.6756204533519546,808418524345.8768
Ceréales n.a.c.,2016,828.0252713795245,27.307421107491233,4.094267165690532,72.26444586601043,0.6075671850164346,0.6258449207548931,730595484511.4209
Riz,2017,1736.4393020180653,25.11929796126526,4.1898327623311555,79.00525259414978,0.6259389749981462,0.6720587201163671,795878597921.9849
Sésame,2015,319.5929052110154,26.60139626167413,3.0416918702378206,72.72847889817224,0.5928486251786799,0.5821696254715077,667848080747.0958
Autres légumes frais n.a.c.,2017,5144.295118118426,25.393004024927166,4.092356914004991,76.73579129932997,0.6432192030235244,0.6700230813681685,788478344047.8575
"Tomates, fraiches",2018,4190.756066373741,24.73286233930997,4.4316766947888375,75.26878868784283,0.6919888147267871,0.7070518372591275,800588195449.9934
"Coton en graine, non égrené",2023,680.3968733346437,25.58527843688115,4.602829429427814,76.94343375728876,0.6747158128519635,0.6833553637644082,1002467252916.1779
"Autres espèces cultivées stimulantes, à épices et aromatiques, n.c.a.",2022,1051.8283782284195,25.488535290649615,5.034390824944905,76.32866301571467,0.6520093503789652,0.660910986983254,938160659911.7386
Noix de karite,2016,4032.129533476405,26.65057105955641,4.148851301512383,76.43486731745708,0.6144109498497037,0.6270873036254319,731979256705.0823
"Cacao, fèves",2019,1011.53147404538,25.910620690604222,5.136255972402167,81.17709409537561,0.7181863747867125,0.7420446442931239,875058083123.8789
Maïs,2022,1214.5954168669516,26.121937151574265,4.976195284665644,78.0165868693284,0.6507580956454997,0.6779520890449464,937454640555.4517
"Racines et tubercules similaires à haute teneur en fécule ou en inuline, n.c.a., fraîches",2019,5317.451672923703,26.452075559349076,5.035960405141381,78.93214885543024,0.7375845910249558,0.7123127098208923,872520056090.6849
Sorgho,2020,869.7286431510878,25.15993390003488,5.100952680750453,80.29599899534651,0.7233602012681333,0.7356331810608835,863007041547.8628
Mils,2018,602.136181854985,24.339130136986302,4.432166906262367,77.1078311815551,0.6815115759373731,0.7110990978303633,816126017909.1256
"Racines et tubercules similaires à haute teneur en fécule ou en inuline, n.c.a., fraîches",2018,5369.863684718999,25.896434023916292,4.454039798099094,77.34193351227955,0.6844935998627779,0.6881495306466342,813464421947.1777
Bananes,2015,11581.6791250281,26.370759819214737,3.1331416682005053,72.6028244258616,0.5601114844318102,0.5767738959574957,670932270357.7963
Bananes,2021,13216.859328255712,25.99156021428643,3.8816680862014397,80.97607228477703,0.6879906540941623,0.6826468506019455,889566476221.0201
Fèves de soja,2018,747.6894168799046,25.49313042171466,4.254791014902992,76.62296679080845,0.6722276967590418,0.680232897831581,810319379500.8857
Taro,2016,2578.185347217107,26.93671166335293,4.176994479199114,74.27712964827286,0.6132375507051858,0.6342552178997144,739355060018.433
Noix de coco,2018,3741.8009425397067,26.0229286390046,4.450118358731523,81.44069187223496,0.6811186697148953,0.6947146673322049,818132816569.3093
Ananas,2023,7889.1079290955395,26.22515078712412,4.530433936959202,79.01172415651517,0.6897768526314453,0.6997127659902406,1001616381129.2451
Patates douces,2023,3536.4993767121964,25.76496988856575,4.381311071488671,78.68141717647995,0.6621989285508856,0.7242762960853294,1003911273009.8197
Autres légumes frais n.a.c.,2018,5116.112291694989,25.74058236666145,4.469687744382062,77.27404757879269,0.676077740851591,0.6949453423477072,815948204699.3425
"Autres espèces cultivées stimulantes, à épices et aromatiques, n.c.a.",2017,1027.3171695860372,25.835350006378217,4.045837892566152,78.40165716828008,0.6397423752246656,0.6560800616784493,782161084224.3506
"Autres espèces cultivées stimulantes, à épices et aromatiques, n.c.a.",2021,1005.6935586769218,26.008963596903406,4.018474470615081,76.60190559344693,0.6618261797580126,0.700920922112592,909070854539.5585
Sésame,2021,332.3411169478515,24.9920929103111,3.9735163754010676,79.88249500504128,0.6831073881305831,0.6806671748635954,888193423626.3129
"Tomates, fraiches",2016,4046.1547787805794,26.897252507213437,4.118713512792653,73.22985412871975,0.617318445967735,0.6158351752797325,730783316248.7505
"Pois chiches, secs",2015,792.021826239329,25.78241903403387,3.0481509023766553,74.27727984315378,0.5875864104462162,0.5711140156319968,674210156112.1523
Graines de ricin,2020,83.10451909134167,26.40098291311101,4.926722382561441,78.9477594758925,0.7344380805075779,0.7312075847755138,859035941836.2218
"Autres espèces cultivées stimulantes, à épices et aromatiques, n.c.a.",2022,1028.1,25.620328767123286,4.94627397260274,77.37772602739726,0.6615068493150684,0.6768493150684932,940020690899.395
Autres légumes frais n.a.c.,2023,5075.849967528887,26.53279692539687,4.6578179371039266,77.57737136544492,0.7062983872169933,0.6928267887410081,1001735080731.7345
"Café, vert",2016,400.998370149688,27.092962149799682,4.1254715290824615,75.46830758145623,0.6324102523950249,0.6153411881772581,719712264389.9249
"Racines et tubercules similaires à haute teneur en fécule ou en inuline, n.c.a., fraîches",2016,5245.934801474622,25.9807977241877,4.116441567499416,72.48177802046008,0.6188069453705964,0.6215660507371588,741541709378.0356
Oranges,2017,4356.894521295848,25.96718158305236,4.02336938450919,76.91777963222222,0.6261940000600136,0.6533709525401388,780444028215.5869
Ananas,2017,8114.290189413706,25.90944096803097,3.9925909689564585,77.40276626791531,0.6449689927683766,0.6669433203927891,780369659583.8295
Fèves de soja,2020,854.6030705241755,24.774787039528086,4.943175093571054,80.62268842177949,0.7125805966527606,0.7380741447897503,842499438461.3119
Taro,2020,3109.514725488307,25.597458016136247,4.901457455143108,79.92882786738947,0.7416407936666988,0.7465574214098333,851275338172.8372
"Piments forts et piments, secs (Capsicum spp., Pimenta spp.), crus",2017,421.37172266705244,25.967159597868957,4.088450911568857,75.16230724881164,0.6404389480683155,0.6925686373046056,787335386288.6515
"Piments forts et piments, secs (Capsicum spp., Pimenta spp.), crus",2022,422.692193225373,25.286437651454982,4.8181556989155805,78.1701117076352,0.6666443842132521,0.6812162168144892,920946803782.893
Taro,2023,3332.4569870876962,26.0463894887374,4.496398718430681,80.80083119310848,0.6732950835135402,0.6982913149656853,999868563964.9535
"Café, vert",2021,532.1146650245028,24.631365753424653,3.9890629314456425,78.67539649969575,0.6600573384859008,0.6713863206172679,898457057185.9786
"Manioc, frais",2019,3741.813957702401,26.084468080359162,4.974294643184315,78.82181213782835,0.7063641174988025,0.7283070968510503,855925984122.708
"Piments forts et piments, secs (Capsicum spp., Pimenta spp.), crus",2015,446.5157218004428,26.082752010564484,3.220802238219251,74.71437785800944,0.5757459995264227,0.6074765617404448,668164323388.6549
Choux,2017,11081.641518498425,25.76704924360948,4.126551028590023,78.82806454199,0.635215064642326,0.6538112566495989,789501408302.8927
"Tomates, fraiches",2015,4242.1,26.17372602739726,3.183424657534246,73.75301369863013,0.5778356164383561,0.5891506849315068,676983748351.848
Noix de coco,2023,3707.3279261661814,26.181491007114772,4.628162123503361,78.88419894865496,0.6736246829051964,0.7128880558573771,1015275847989.2003
Maïs,2022,1236.4250019990914,24.940824566068624,5.014422675779997,77.37280351963618,0.6945821917808219,0.6761604279877563,945730224945.31
Fèves de soja,2017,667.2487645494008,25.426350453960904,4.025511999305628,74.70909824335092,0.6198984252924801,0.6403235273263052,786521206448.7098
Graines de ricin,2016,79.51169077754443,25.910199108652606,4.118355704297234,74.04181809593103,0.6171185379107044,0.6123694152061135,730736305131.5992
Taro,2022,3060.5064166958323,25.71162377836556,5.049715425049588,74.46275830246745,0.6616221408821316,0.6631780329536997,936464962715.0204
"Racines et tubercules similaires à haute teneur en fécule ou en inuline, n.c.a., fraîches",2021,4979.811587814618,26.57565825834887,3.8579945564601306,79.79613598572449,0.6922273594425793,0.6998488624373415,904817939242.6884
Graines de ricin,2019,79.72383111663875,26.31613126181753,4.977037912294122,77.83255309613124,0.722512226825843,0.7228729096157327,855463480851.6478
"Autres espèces cultivées stimulantes, à épices et aromatiques, n.c.a.",2018,1044.7668449992716,25.72245801720956,4.381153977576088,81.25022203780928,0.6637395278191389,0.702789018510087,820972859587.236
Arachides non décortiquées,2019,789.8622653314198,25.56525311009826,4.897285955624638,79.98019639235059,0.7077533350474051,0.7127744839720815,863729194715.9929
"Piments forts et piments, secs (Capsicum spp., Pimenta spp.), crus",2018,431.7360089134963,24.878753735534865,4.417517736385465,76.2835023589614,0.6695711488878462,0.6764782603538476,819747865587.5225
"Coton en graine, non égrené",2015,736.5888772916451,25.762523078945684,3.1576632019703497,74.34885437788691,0.5946041648584448,0.572902299660707,700765144840.0874
Ananas,2015,8170.795036914419,26.527827973471627,3.3366913682129566,70.85502973805416,0.5639961270963451,0.5985362200346653,689815985502.1367
Fèves de soja,2018,751.8,25.62013698630137,4.461972602739726,78.10038356164384,0.6793150684931507,0.6943835616438356,819305083628.113
"Piments forts et piments, secs (Capsicum spp., Pimenta spp.), crus",2017,422.7667909566026,26.29122596402379,4.1397754351709946,77.23841504423103,0.6524036449427889,0.6807649402818462,784598217022.4456
"Pois chiches, secs",2022,775.9484470812693,25.66065414093809,4.914076758122642,79.04364189137063,0.6608004815810117,0.6900236983336065,945308886829.404
"Tomates, fraiches",2017,4373.191242546329,27.26661422172605,4.045515214949082,79.58402961625511,0.6260740712123407,0.6814198725098625,776862572109.4692
Noix de coco,2022,3660.8146834838844,26.05658997677953,4.961552464185082,79.50389235284096,0.6492256876265943,0.6749650420979514,951023615455.2546
Noix d'acajou non décortiquées,2023,1527.3,26.15476712328767,4.51827397260274,78.15893150684931,0.6806301369863014,0.694904109589041,998973479941.652
Noix de karite,2020,4225.57965142389,25.472322763071606,5.122899510346487,81.49242966390695,0.7002964205240675,0.7375142082537867,857722709249.977
Taro,2022,2930.8716177380497,25.393374248100457,4.8641522629057325,73.63758715661643,0.6726752425346172,0.6685096907265919,932379603894.5331
Maïs,2016,1214.9006112382267,26.59938964135706,4.048616919211011,71.24350910886155,0.6176246771590533,0.6487190621515531,732088932421.3434
"Manioc, frais",2022,4081.5132856408604,25.745234065574586,4.965273299196421,78.32136233034716,0.663413209053812,0.6756483479283596,930581201568.1978
Noix de coco,2017,3907.2153063848264,26.46213147437663,4.038484473001311,74.87687627209493,0.6488104533171393,0.6653749509941468,771124568642.777
Ananas,2021,7771.313669121682,25.870672890705112,4.025285355808971,78.43520611355767,0.6579363637768901,0.6974290196029158,899640319737.2175
Patates douces,2020,3678.8710217519033,25.029600720822934,5.128466607690833,79.42879327661426,0.7303144244513963,0.7454976886433243,843735822122.1483
"Coton en graine, non égrené",2023,640.5954303522595,26.76131450750416,4.44066756252759,77.84562975413652,0.6965122738447505,0.6792394922371735,1013889249190.4557
Arachides non décortiquées,2016,712.5121646361443,25.899241666778668,4.0781311393123,71.68543627971765,0.6274096995936753,0.6306248433724905,734430952723.2101
Ananas,2021,7956.741696498048,25.48569005335434,3.8663949569202054,82.14850090423755,0.6457462878846228,0.6892377643020043,883205611518.7584
Riz,2018,1709.6990726881527,25.454343511299587,4.302385325611093,77.06651809421099,0.678586225310159,0.7066022791081027,811257186536.8678
Patates douces,2022,3622.899891394182,25.932625091480368,4.7978761775398775,74.80747423254772,0.6575481656305814,0.6784401698481275,930602057410.3522
"Tomates, fraiches",2023,4355.141679307147,25.31086144440302,4.616584876552094,78.50614346390483,0.6839917752080743,0.6854179584172391,1000626442238.4792
Sésame,2015,316.6160335356472,25.5512489522593,3.2494939413597232,72.87996828702471,0.5625697528952062,0.613171421363777,663477031643.6373
Ananas,2016,8099.110778955371,27.729120503881134,4.0777794900025315,73.93313894822083,0.6118162263913607,0.6310498390708659,733622546052.0947
"Pois chiches, secs",2017,687.9758161913331,25.752558565791883,3.959781449730568,77.12398814627274,0.6333132479513649,0.6589347427667529,786783667235.5961
"Racines et tubercules similaires à haute teneur en fécule ou en inuline, n.c.a., fraîches",2022,5133.380936226023,25.457155232269873,4.805882418813715,75.79134015773242,0.6553174906709758,0.6630909764478046,942417956715.6611
"Cacao, fèves",2019,1053.247272776717,26.504312345293563,5.139947182552074,80.97320144808037,0.733862526523357,0.7315528146818868,876187728702.589
Ananas,2018,8201.16026467479,25.40400775023486,4.336827159861762,79.07250269046534,0.6813134887599033,0.695258111692666,815204043763.9415
Choux,2018,11899.589278951124,25.78760392635101,4.472043737517043,77.5628321506077,0.6626922109779964,0.6839202067297151,819154924660.102
Tabacs bruts ou non fabriqués,2019,462.0603010788828,26.292505930181612,5.096570670133837,78.72331919963125,0.7154413343851374,0.7357988979657436,867762395756.7716
"Café, vert",2017,448.0,26.162273972602737,4.066109589041096,76.52139726027397,0.6475342465753424,0.6606301369863014,783338000000.0
Riz,2017,1648.4942348940572,25.695408456866566,3.9692257447829955,76.53352671716878,0.6285892264580764,0.6855690297325513,794631169520.4186
Noix d'acajou non décortiquées,2016,1378.387838586592,25.621065730449818,3.8722622950819665,73.80753435147689,0.609019665975446,0.6191823735113299,725757419512.822
"Huile, noix de palme",2021,8197.321161902797,26.227305867105752,3.864116178821507,78.45854872480211,0.6496409016177027,0.6818565353108536,896414999491.8241
Fèves de soja,2018,751.460800627283,26.16476642978973,4.595165362565888,79.30668645556658,0.7015177085999321,0.6971245193809477,823136286433.4573
Patates douces,2019,3672.2329334339897,25.401930555076778,5.132273403523792,78.71320240726594,0.73417035588891,0.7377168472963678,863638439680.7183
Arachides non décortiquées,2015,680.0192038103921,26.090893569816,3.230172937786724,75.37615603661031,0.5797400340072207,0.5892089850671272,668098978546.9559
Ignames,2020,9383.99386311889,25.274082199761448,4.997308031771619,80.86676114626692,0.7477302861015136,0.7334591521329777,853175502152.1594
Autres fruits n.a.c.,2018,5596.84548313752,25.795368962807302,4.479390859207983,79.45849802011797,0.6837398892258009,0.694859552778889,823204009301.2091
Riz,2020,1612.605543162817,26.23605173752738,5.028589551222794,78.1171031971981,0.6937152588112925,0.7336287190546689,859834009013.5063
Sésame,2016,323.1470525586083,26.94311918153947,4.075828148950404,72.84525070449553,0.6346957970594626,0.6229968992762881,722463347013.6938
Patates douces,2022,3654.4287058897617,25.530718572110334,4.846236198571189,77.72632762746527,0.6546394973871754,0.6936848523914851,930189448177.9333
Sésame,2022,326.8179240017737,24.637233939594708,4.7317533392267705,76.82968469195086,0.6694979034993542,0.6756734296898298,947551971371.2338
Patates douces,2021,3511.232548715494,25.841795258953944,3.9681514537859304,78.41012828965214,0.6731680265066213,0.6657558186240431,892946032571.2668
Oranges,2015,4410.628494911691,25.45408835246739,3.1458670194320595,73.74157203654084,0.5635890240558966,0.578335367758481,676612064037.2253
Graines de ricin,2017,79.32797554043543,26.21230299180895,4.025958209393,76.37577865057425,0.6350428660578127,0.6697774526564352,773868359907.7681
Patates douces,2020,3649.7853428013477,25.575895486752138,4.827530548302755,78.69795621671848,0.706951404887922,0.7208818196762677,842627331228.0856
Taro,2020,3167.8556922975863,24.905391770815037,4.894947917427292,77.11524621370123,0.7400218625364371,0.713543062184896,855810261445.5588
Bananes,2016,13226.963233929133,27.097700194491335,4.0729158843681885,73.33865687580578,0.6259020670454017,0.6416948011582448,735264888717.6086
"Piments forts et piments, secs (Capsicum spp., Pimenta spp.), crus",2016,409.3750424537758,26.366178514597152,4.001900288501468,73.01808517380476,0.6298750817598162,0.6486652662230062,749056174240.5427
Graines de ricin,2018,75.58599346059891,24.80361385196287,4.471648827733317,76.88180993592945,0.670759126429033,0.7120687224801376,820747928018.5558
Riz,2023,1809.3,26.15476712328767,4.51827397260274,78.15893150684931,0.6806301369863014,0.694904109589041,998973479941.652
Oranges,2019,4708.983247137872,25.54163329239573,5.119153159420777,79.94854047170321,0.7217794354014376,0.7431875947251112,867087887976.9264
Sorgho,2021,911.3438782413872,25.673409983735116,3.947664322934339,80.14422605902571,0.6834375769893047,0.6815196152458922,898028548927.3402
"Autres espèces cultivées stimulantes, à épices et aromatiques, n.c.a.",2022,1018.3021289061675,25.84619536857727,4.968532263343535,76.23053610104652,0.6556872388021225,0.6637048477827936,947444206780.1003
Bananes,2017,12785.14817929198,25.84776127512343,3.991332387452774,75.87780538230025,0.6461088688558555,0.6685269317278497,787322243198.1677
Mils,2022,603.3653533193668,25.881043426800037,4.884147687019951,74.83801072745128,0.6513006963031499,0.6606247372582154,947852779511.4926
Mils,2019,575.2967471350951,25.27264121361041,4.859956406302245,78.40419694326972,0.70048406392736,0.7508461191811374,861277365397.4636
"Racines et tubercules similaires à haute teneur en fécule ou en inuline, n.c.a., fraîches",2016,5397.769554765882,26.666887746710152,4.032176343729344,73.12593670322975,0.6222173641038071,0.6120849387747297,730452069393.6348
Ananas,2021,7789.199336034764,25.53573588547397,3.9695493846153056,79.43705906259389,0.6692841136844055,0.7031245233609559,903083908061.6256
"Coton en graine, non égrené",2015,694.3137402154007,26.610612220712923,3.160618347467143,75.17215115892407,0.5875492222203448,0.5905413260404613,683281937186.4879
Sorgho,2016,828.0750285124946,27.15143381342556,4.045204316136362,75.44046802440927,0.6173445179519084,0.6247422661252016,722185671732.7051
Noix d'acajou non décortiquées,2018,1484.1514906129732,26.39375143860584,4.4806693187094,79.78371067747752,0.6822823377758188,0.7083693894585092,819539268327.4053
Noix d'acajou non décortiquées,2022,1586.0427984689904,25.8873021616683,4.985916052282241,75.94089316042619,0.6570630243175435,0.6986610038761989,942641354240.9146
Arachides non décortiquées,2017,737.8854230570292,25.441073355206477,4.05411710646956,76.95124915393428,0.6474263571559433,0.6882782493228063,784651024784.3018
"Racines et tubercules similaires à haute teneur en fécule ou en inuline, n.c.a., fraîches",2017,5322.441400869279,27.02716862610161,4.027044185844347,79.06363449130475,0.640375840976483,0.637203345360046,789215148038.8993
Mils,2023,737.0763939261159,25.48787342237911,4.518580102807301,74.9517596646972,0.6806714034970481,0.6978868569345406,1001277167681.6611
Patates douces,2022,3620.275125810732,26.047334121388676,5.115144080377244,78.10471452094079,0.6489090664136181,0.6549969674149727,924270978405.2357
"Huile, noix de palme",2017,8649.616045011451,27.158585942394243,4.075644331388965,77.05305852676635,0.6231272206925834,0.6528303591727574,783846211327.8401
Choux,2023,11386.78948409623,26.54232563495557,4.526545357300016,79.12092883695803,0.67784760924628,0.6842915162469488,1002241334784.9209
Riz,2018,1719.7363640277958,26.28464251396461,4.614148521679192,76.88620882885763,0.6629823834743391,0.7023295261938562,820077597840.5217
Arachides non décortiquées,2015,672.7859883857519,26.654124310008314,3.1584676893885266,74.55020116809203,0.5728945059401301,0.5684240091583594,678478302307.3033
Ananas,2016,8287.236541366765,26.505741292503536,4.044717955733648,75.30732571422395,0.6371053363418472,0.6159609446650643,738820929246.0862
"Racines et tubercules similaires à haute teneur en fécule ou en inuline, n.c.a., fraîches",2023,5049.028982805605,25.976511932173665,4.545999611371553,79.00646095833572,0.6659798149659186,0.7007812217338663,1005681504365.4534
"Racines et tubercules similaires à haute teneur en fécule ou en inuline, n.c.a., fraîches",2018,5200.7,25.62013698630137,4.461972602739726,78.10038356164384,0.6793150684931507,0.6943835616438356,819305083628.113
Oranges,2018,4526.714548257149,25.88924644395414,4.34441908033888,79.17963872089419,0.6746323666384884,0.6745137587002301,821627023232.0425
Autres légumes frais n.a.c.,2022,5072.559186375337,25.87554609951612,4.765793874124069,78.03551284738484,0.6571588258928872,0.6545714935174564,949131056626.5311
Noix d'acajou non décortiquées,2023,1537.343204796195,25.7459445781487,4.402203263743218,77.20960714289528,0.6823729350948724,0.6964329745612953,1002916300585.1798
"Pois bambara, secs",2017,757.1,26.162273972602737,4.066109589041096,76.52139726027397,0.6475342465753424,0.6606301369863014,783338000000.0
"Coton en graine, non égrené",2018,774.4223555519237,26.206510496381505,4.499289733567234,75.67060006753044,0.6549646155603562,0.7091791080595321,809420504435.8286
Graines de ricin,2022,74.54326464353693,25.85615909838516,5.090030687731616,75.38512992190759,0.6843006185224222,0.6775410771966998,943898905055.1008
Taro,2016,2484.7124667670087,26.22697958355068,3.943208104035517,73.76026148717375,0.6164856029392107,0.6212478741599022,730791679456.2316
Ananas,2023,8396.172439403299,25.895644909907205,4.52408032167787,76.61532252625143,0.6914853863351538,0.6950460525888379,999898727256.9554
Fèves de soja,2022,985.9371322120945,25.345719815283147,4.984315356295115,76.42206547374286,0.6734707007009118,0.6430068493150686,932049990096.4213
"Piments forts et piments, secs (Capsicum spp., Pimenta spp.), crus",2016,443.11319234093963,27.108091226715302,3.900393344096907,72.51744763948798,0.6270408697502062,0.6296231197503213,725954596908.7878
Sorgho,2019,877.6138551785967,25.6936217695836,5.255293150684931,81.94952854315368,0.7233910934216073,0.7220901066441533,865112300821.0037
Autres légumes frais n.a.c.,2022,4977.113381960577,25.48696309117649,5.141764018162187,74.11148140285754,0.6621867140577415,0.6851656313309175,948558580832.2747
"Racines et tubercules similaires à haute teneur en fécule ou en inuline, n.c.a., fraîches",2016,5179.175175645804,26.82131409200103,4.066272001800815,73.837700308737,0.6276737766038509,0.5916734972677595,742317214133.4458
Noix de karite,2015,4026.9654750149325,25.463535456596507,3.2687272375003715,74.27805808017426,0.5649505149648586,0.5894978846532625,674699022626.2422
Noix de coco,2020,3828.893398777222,26.40313990555164,5.052230949769973,79.41610357812931,0.7282569735344171,0.7323827808686574,848453394492.562
Sésame,2019,330.0976537862076,26.127478974220217,4.876523435567933,78.57629680660204,0.7233012208433915,0.7290624757033666,860906791587.6196
Fonio,2022,871.2885030920695,26.81150491858259,4.938627486161124,77.57920119847441,0.6718587586280023,0.6776257223629584,936488380349.2823
Noix de coco,2019,3927.679793462043,26.766317136447967,5.042885494932622,79.9504952102632,0.7188143328505852,0.7381825930854174,863801860759.4198
Autres fruits n.a.c.,2016,6085.866796048994,26.64433923771095,4.048380862772659,74.69282118017233,0.6176476117645243,0.6202975455437675,737398862787.1846
Noix d'acajou non décortiquées,2023,1528.4446935023846,26.296951725936534,4.449424870119948,78.16116216870088,0.6691852820171162,0.7044017812608496,996604216618.8728
"Huile, noix de palme",2016,8663.302233710963,27.133481695641986,4.149341282440545,74.23274678797344,0.6261601742885776,0.641623623220395,732218038678.8729
Graines de ricin,2017,82.80935903028903,26.832888401311394,4.091564700538211,75.35130496556172,0.6715663379511573,0.6517071240137859,773675532637.7699
Maïs,2015,1392.7048409635565,25.669360648727615,3.1533290435892942,73.98463835129172,0.5798751631290867,0.5742822003582408,678262504506.9509
Autres légumes frais n.a.c.,2017,4979.810377601149,26.0373729922771,4.165499392745438,76.15178807738715,0.6534153848461784,0.6517010874143588,783599370321.9756
Arachides non décortiquées,2016,702.7853821041646,26.649705800751395,4.114897408379647,72.03313209726981,0.6351927826720704,0.6229746993846247,740725369123.1777
Bananes,2015,11584.882013627266,25.596044148869044,3.2444102241212347,73.77809822812742,0.5809437500291386,0.5976735513621131,683438162817.3942
Taro,2021,3140.170192699904,26.42028681177125,3.9594615515134555,78.0007453343481,0.6925710095414613,0.7129678446272031,882096614637.7587
Oranges,2017,4428.608220730464,26.27976145009265,4.089008177498471,78.85099551339444,0.6342907183166835,0.6703592365458514,781636383305.0734
"Pois chiches, secs",2015,703.0130508566385,27.332916532159498,3.244604370091589,74.18675155088083,0.5661034586070297,0.5744043691984225,684500186769.7822
"Huile, noix de palme",2018,8533.399389146995,25.03301819754813,4.42497781373919,76.71700191905748,0.7043843197718508,0.6764549697950386,812870565842.981
"Racines et tubercules similaires à haute teneur en fécule ou en inuline, n.c.a., fraîches",2019,5307.028122811504,26.399505010252835,4.945120748646653,80.13630323124497,0.7180625046147632,0.739825915181589,863600280966.6959
"Piments forts et piments, secs (Capsicum spp., Pimenta spp.), crus",2021,414.76382460662967,26.064351367363777,3.9326107838331406,78.39550284107563,0.6765506074080918,0.6860425719102031,887744544027.7108
Fonio,2017,587.4238585680421,25.36380183537356,4.211568523049332,75.58468483449239,0.6393703990778731,0.6745670478033512,779052643787.5957
Autres légumes frais n.a.c.,2015,5036.265017144887,25.689237117807146,3.133103843498968,73.51564095175878,0.5722887351478916,0.5994582875185394,666866087918.7201
"Coton en graine, non égrené",2019,688.4264280995701,25.858590888727125,5.137598278453671,77.46840227330625,0.738478462107736,0.7262438993571909,862223110252.7125
Noix de karite,2016,3980.5113081259306,26.202123623519448,4.102420216605929,72.76849285521207,0.6247838337249094,0.6245628283867443,729797632382.3082
"Noix de muscade, fleur de muscade, cardamomes, crues",2018,1008.5238587481041,25.56803682159954,4.5341418588326725,79.63868852933436,0.6816571950040442,0.6816413965600789,819922065503.5864
Fonio,2022,857.759506658613,26.027092262109242,4.980304457491435,77.42437370949459,0.6758981424821047,0.6492156589895028,943224300786.9908
Noix de karite,2019,4268.0,25.842027397260274,5.005041095890411,79.60054794520548,0.7189589041095891,0.731013698630137,864816063151.685
Sésame,2021,313.0526828344794,25.159794537796135,4.015564630768305,77.54162059076228,0.6757055843898739,0.6855066224431845,895754216529.2549
Noix de coco,2021,3456.0277027399884,26.357234949459645,3.987791344912565,77.54633441600818,0.6773527674024148,0.685079875669269,878027962849.2015
Ananas,2017,7835.131621876588,27.056876798211512,4.152996657505844,76.56665031147419,0.6429536520712781,0.6727187023858757,771143133332.077
"Coton en graine, non égrené",2018,777.9940192648343,25.8542810325248,4.543357656985513,79.72143762846663,0.6886219776707388,0.6805345924523226,817284881490.8895
"Huile, noix de palme",2019,8090.295377373926,26.2877356017956,5.016849010814866,79.95549430723199,0.7090201048022774,0.732218541654599,848175231179.3512
"Pois chiches, secs",2017,726.5039839120732,26.046973907234136,4.03473860605137,77.31372329809034,0.6525032515656055,0.6397841751093604,795577342510.5497
Ignames,2015,8897.552514080206,27.482412328767126,3.146311939076946,71.4455749615471,0.5851157502252816,0.606094703725779,668593666454.1459
"Noix de muscade, fleur de muscade, cardamomes, crues",2018,1060.8439801844079,24.720822643811502,4.507114713945551,77.29929242038388,0.6941580321176032,0.6902460129277194,810524575329.2834
Noix de coco,2015,3146.9212447680634,26.65470437424565,3.185699795765919,73.59177609705253,0.55846165559332,0.5723848802166446,676869962633.5953
Ananas,2019,7872.203073291381,25.88583480762527,5.057909235716858,76.91718369575634,0.708200087463291,0.6961571493596453,883329688159.7488
"Pois chiches, secs",2020,746.6800798506512,25.532665028091422,4.906011441081158,78.52259335984023,0.720729480383626,0.742488867806521,855207169574.9658
"Pois chiches, secs",2019,805.9498819638937,25.504987405622067,4.956353803157057,78.58178493543029,0.70212369273766,0.710489084267865,857748507748.2045
Mils,2019,603.7198634125657,26.24116202436391,5.120483588529767,79.42497940713352,0.6860511235831571,0.7133990001992896,866453078867.3866
"Noix de muscade, fleur de muscade, cardamomes, crues",2015,896.3466947541127,25.934137039972125,3.207748496055771,72.72016328226715,0.5751344052482316,0.5878945820893301,679277354992.3367
"Huile, noix de palme",2018,8586.843878899734,24.85603776486105,4.551751248746788,78.61220788350506,0.6875387348778248,0.70457056076564,825083421869.5054
Autres fruits n.a.c.,2015,5875.19798028469,26.167984988260944,3.1568136402135862,75.95813560831859,0.583324523146296,0.580231391967951,683682139872.2341
"Racines et tubercules similaires à haute teneur en fécule ou en inuline, n.c.a., fraîches",2019,5315.388127476118,25.46852315363844,5.049022424485779,78.88304492869246,0.746276414043273,0.7236898514096743,868856257672.4792
"Huile, noix de palme",2017,9055.481144380714,26.939847971137905,4.233277338045235,77.62421952181371,0.6274718343099005,0.6587037015917573,782639202794.7223
"Manioc, frais",2020,4150.405279362146,26.005393403876116,5.019306487062661,78.96180424145952,0.7500704943546461,0.7396346740617578,857969216376.8131
"Noix de muscade, fleur de muscade, cardamomes, crues",2023,1025.09220704926,24.847028767123284,4.292360273972603,80.78921670213803,0.6609149089178747,0.7023308411637199,1014916882580.2637
Choux,2022,11186.458704958055,25.46425716679937,5.167854727249597,79.11177658525126,0.6526722583085275,0.6886848068326992,950046724981.2917
Graines de ricin,2018,82.63001599793974,25.57713939143271,4.3912306486661885,75.67457910224746,0.6885356014648448,0.6898942836519559,811144378834.3137
Taro,2021,3057.0839616682356,25.679637765654967,3.9084966108844696,78.81389252218699,0.6575832283302286,0.6613264335759779,890594944716.7917
Oranges,2022,4667.159460274858,25.331293583582816,4.809784342344678,76.19772353174235,0.670392816091818,0.6593151862736581,927537558038.9559
Choux,2022,11332.532548709267,24.85312041575051,4.975595798603864,77.48206799689983,0.6668411829520774,0.69728008654563,933977623775.233
Arachides non décortiquées,2020,740.5778319596541,25.636547612075468,5.084042570090909,79.92525114597555,0.7347633511637982,0.7327348599008324,873809882157.9595
Mils,2015,835.6414371833416,26.381613279124032,3.188109488242493,76.66105793388058,0.5712826880346576,0.5876218446168145,687843554223.6729
Autres fruits n.a.c.,2020,6067.704550660272,26.320305588221952,5.177391863266947,79.11218083935339,0.743065933247713,0.7291862434510409,859754559315.5201
"Manioc, frais",2022,3944.551370085995,26.90134520547945,4.870828070641505,77.77944842043216,0.6524980276979657,0.6573917229148643,937612210793.0422
"Noix de muscade, fleur de muscade, cardamomes, crues",2022,1066.9,25.620328767123286,4.94627397260274,77.37772602739726,0.6615068493150684,0.6768493150684932,940020690899.395
"Noix de muscade, fleur de muscade, cardamomes, crues",2016,1021.7075196090369,26.88854554763734,4.153275184333707,72.66916622913077,0.6340899646521415,0.6346502998277127,730161868050.3512
"Pois chiches, secs",2019,752.1644672914845,25.323742588493634,4.878197883905918,82.36905907647346,0.7103872269697321,0.7231983009587131,878579840150.9369
Noix d'acajou non décortiquées,2017,1469.2,26.162273972602737,4.066109589041096,76.52139726027397,0.6475342465753424,0.6606301369863014,783338000000.0
Bananes,2015,12330.791696152008,25.805201847405133,3.1951540566711754,73.98012908159517,0.5784415347529245,0.6185404855195682,667785393914.996
Tabacs bruts ou non fabriqués,2023,443.33034158299563,26.113967185243812,4.403071850619723,79.48606422255834,0.6709828990548219,0.6838716458699929,1001103344905.8018
"Tomates, fraiches",2019,4246.2991759469905,26.744147647956545,5.077691324838031,81.40734318274333,0.7295676430041537,0.7390354534458061,876071488677.7029
"Huile, noix de palme",2020,8764.827391666777,25.10574528544959,4.976729965638832,82.16600463917153,0.7225550705847743,0.7376345482940457,851286234623.5297
Mils,2020,629.6542423556723,25.768729344957116,4.821122805584223,77.62736532056351,0.7161474839706133,0.7360998722058908,840972340124.0237
"Noix de muscade, fleur de muscade, cardamomes, crues",2018,1085.6476142924805,26.76823510860927,4.492834677514654,78.66481082633108,0.6841141995165771,0.6734166496343882,815142390277.2046
Noix d'acajou non décortiquées,2016,1440.9774506592757,26.010275414427444,4.096620633162769,72.6299886024462,0.6179798513367414,0.6290438893297025,731242973599.3297
Autres légumes frais n.a.c.,2016,5080.4,26.5448087431694,4.076065573770491,73.88571038251365,0.6231967213114754,0.6228142076502732,733416000000.0
Choux,2022,11348.581965740372,25.105831326401443,4.991605934655165,79.24729728722728,0.6681580695241762,0.6748071355647418,911811654912.7919
"Coton en graine, non égrené",2018,770.4606422185516,26.90114383561644,4.419214407184066,78.58222682604259,0.6967509190457642,0.7049610115583349,808626875804.6371
Tabacs bruts ou non fabriqués,2022,434.8568207836664,25.37479983511521,4.994994832579877,77.95942489388814,0.6609038384246588,0.6833811321995379,937393737362.3353
Sorgho,2021,883.1883288396311,27.22414109589041,3.9459995589934147,81.97418127984562,0.6830006628226288,0.6758803535983019,889357146883.561
"Pois chiches, secs",2023,766.4,26.15476712328767,4.51827397260274,78.15893150684931,0.6806301369863014,0.694904109589041,998973479941.652
Haricots secs,2016,462.11302947827045,27.375197352165475,3.9785323651636837,74.95552935803437,0.6261964505709596,0.6136205341069304,722940681008.7352
Noix de coco,2021,3593.29225649912,26.096597433881183,4.014687320721666,81.10853132234146,0.6508068150771716,0.704582980256758,888579341893.0112
"Tomates, fraiches",2019,4048.5402143524466,25.228123202053535,4.988354257962587,79.76636091191544,0.7351274724263464,0.7471778561143442,847366667155.8855
"Noix de muscade, fleur de muscade, cardamomes, crues",2023,1040.4684809541886,26.01306322896175,4.558818217985127,78.99033066028592,0.6826175483904042,0.6798161595565425,986872096302.7357
"Cacao, fèves",2017,966.353143482549,26.2158264997072,3.941731192819982,77.06158897586995,0.6511045779670406,0.6631708258535702,792916889014.838
Tabacs bruts ou non fabriqués,2017,438.63446200173803,26.259890220409194,4.2140541356013745,75.9677615200159,0.6381750823520648,0.6525884127027072,790223291974.3113
Choux,2020,11451.40930951055,26.12548987077236,4.82373656383853,77.39555301323936,0.7253243109290871,0.7507811629938657,865709333975.913
"Cacao, fèves",2019,1074.9545464528915,26.009052355138863,4.9055790981117795,81.64263087397914,0.7233122644976693,0.7168721010949451,854799923810.9038
"Tomates, fraiches",2017,4277.601417610567,26.189163025077153,4.007011342482699,74.85046304361047,0.64234787448424,0.6541701000259075,787793982058.0674
Maïs,2015,1379.1086221681705,25.795152633835176,3.2199374257042193,76.08240205278442,0.5755358198823963,0.6040296051156601,679298101936.0972
Fèves de soja,2020,869.2202261118025,25.78236637243712,4.856418908255348,78.84391616444178,0.7186151233632573,0.7294859488829845,854292732226.3099
Sorgho,2021,882.8492997160558,25.340693027045305,4.140394520547945,79.93879102070565,0.6704667281596266,0.699732065278908,899115866649.6605
"Noix de muscade, fleur de muscade, cardamomes, crues",2016,995.5517166432767,27.24109633909232,4.254822986743083,74.64790073897464,0.6101752443568345,0.6240779294537733,738166744584.2186
Sorgho,2015,894.4264659222498,26.39120874836185,3.222779230985589,73.47866336851337,0.5562240223492978,0.5992492803011027,686833461591.4147
Autres légumes frais n.a.c.,2023,5096.0825388035555,25.459768624586637,4.524499242518865,78.30792596187808,0.6845086610212423,0.7112063951194919,989528652023.4851
Tabacs bruts ou non fabriqués,2022,466.2422548212981,25.669255047097877,4.767741818764393,76.33567913244705,0.67281214363931,0.6813366007599632,944499550858.4553
Noix de karite,2017,4258.376972548223,26.198152453773698,4.08707486235291,75.8192084039169,0.6673267464351076,0.6494350759172735,772000293869.0757
Bananes,2016,12124.384294397649,25.21756830601093,3.9412514777409653,72.31471675019952,0.6345420055067705,0.6157050255454987,736859353332.9077
Patates douces,2023,3404.1371575468625,25.735019539518582,4.4485035013540495,78.1119609265198,0.6581973211896858,0.7201209244759239,1023704161949.251
Haricots secs,2019,536.2002143332654,26.923423513144368,5.018534474012119,80.76248615261233,0.6993500080361184,0.737445721347372,874812600909.2701
Sésame,2022,321.290690567666,26.200812064213785,5.017324460644829,75.99028635090923,0.6504709662882541,0.6455495431523497,951499300289.1154
Noix d'acajou non décortiquées,2022,1565.3505784663394,25.6027162088466,4.791339177209558,79.62117896983091,0.6443296909263955,0.6914701265268622,942240331756.315
Taro,2017,3275.510503416541,25.69000507420874,3.9633203786295432,76.68671548288093,0.6469550478665099,0.6351654336806651,779861764379.0981
Autres fruits n.a.c.,2020,5887.642268713808,26.085306766020725,4.98473846201839,77.78207037813664,0.6906707650273223,0.7402456026515276,838980847766.9308
Ananas,2020,8313.703248909262,25.4059501756096,4.946828252676396,79.03512501042913,0.7036417674986839,0.7397459352225564,845146736609.2949
"Tomates, fraiches",2022,4472.750171872652,25.524590297263778,4.976258362037421,77.21188170392261,0.6539521167604259,0.6629281263876573,920276205379.3536
Choux,2022,11131.98018236296,26.27275048774467,4.867271332821278,78.57831764864954,0.6284315068493149,0.66766654362218,939366039970.1115
Tabacs bruts ou non fabriqués,2018,448.2030410147191,24.587664687146592,4.551696099892208,77.05600996542154,0.6940772547297123,0.6666623735477948,827009034188.362
"Cacao, fèves",2018,991.1576828172998,24.873325597224305,4.23887397260274,78.80332119345377,0.7060379341525365,0.709326071768312,811597218923.1643
Oranges,2023,4555.983693133238,26.044453916713103,4.432096805996899,77.37466125675844,0.672588155447709,0.7007888785818492,995055653038.7953
"Piments forts et piments, secs (Capsicum spp., Pimenta spp.), crus",2020,434.7690596487135,25.61468534986486,5.083361046769482,78.50321627777005,0.732016186235046,0.7330188608940937,846301310222.8124
"Tomates, fraiches",2022,4211.638235482928,25.39099279592842,4.883232392521128,75.8282126741092,0.6564798977838091,0.6783480911206186,946192076387.2443
Noix de karite,2023,4429.891157872684,26.557222590576597,4.534074695895762,79.62607220702543,0.6755925570076627,0.6781621816308936,986488462501.347
Ignames,2017,8908.246814299966,26.366424185424957,4.10104437099815,79.38315293412555,0.6255676919271411,0.6601327469246187,787634130490.5917
Riz,2020,1641.9224058904108,25.32692244140633,4.970094672277442,76.87475912220168,0.7315274909198257,0.7144294182129218,872577373127.6744
Bananes,2018,12888.93824397394,25.46762592937899,4.353569091139015,79.64524751478612,0.6659885692811932,0.7072629213334776,819172034461.1338
"Autres espèces cultivées stimulantes, à épices et aromatiques, n.c.a.",2017,1024.82106726928,25.770398104929036,4.082960708607395,74.95012147947813,0.6488028125731644,0.6745715722214112,784345941230.1376
"Huile, noix de palme",2017,8569.62227405976,26.324348225145858,3.988915278048599,77.03580772807592,0.6454417783974785,0.6618220863473181,789982223108.2876
Haricots secs,2023,573.2481593164183,26.320475246713915,4.602589503206202,78.04780770379357,0.6825455337774043,0.6736437850582703,990657482956.1648
"Cacao, fèves",2019,1041.096280637968,26.2535482327249,5.077828804182165,80.41214343385444,0.7092692120667987,0.7437805429913695,843769470690.5663
Bananes,2021,13003.67351718159,25.59503008407813,3.9433620615735245,80.2961101036868,0.6975693923618085,0.7057996843703492,896938469920.8175
Sorgho,2021,844.7606457870953,25.662867206960904,3.942424440486729,79.27719091583052,0.6562466201846396,0.68055912598334,883755929811.5474
"Cacao, fèves",2017,985.4502943025509,25.43757789923107,4.103773688009202,74.28534151015917,0.6332588964717658,0.665040000709978,794364660411.5657
"Manioc, frais",2019,3903.299669915033,25.65136492496441,4.895296876987877,80.55645925646525,0.7223188393317767,0.7413714044511336,867518889013.0792
Arachides non décortiquées,2017,740.7229037614759,25.797240712341587,4.159867944553226,74.0590686415415,0.6548900433815921,0.6522848790781581,776786336381.9309
Arachides non décortiquées,2016,669.1298044574834,25.609735319334188,4.129886638224499,70.51124434477707,0.6340240286290402,0.6230424741826202,732858355656.6703
Fèves de soja,2018,765.0078782559718,25.791997232772786,4.486126755518229,78.02211127232599,0.6719058180598199,0.6821101551825196,830028162634.5392
Autres fruits n.a.c.,2016,5776.463696914416,26.60314117925125,3.945052088511307,74.76753584134575,0.6377603306086214,0.6386034426072457,716829744370.6415
"Pois chiches, secs",2020,709.7661610062715,25.617251374964795,5.133397218285119,82.77541171189067,0.7472965317911245,0.7321775926039441,842919459120.4819
"Manioc, frais",2020,3773.85947716676,25.9184865905876,4.95172062145527,79.2099906699423,0.7304938944507273,0.7260643703629414,852359214574.4637
"Racines et tubercules similaires à haute teneur en fécule ou en inuline, n.c.a., fraîches",2021,5156.780069652802,25.31212185284076,3.9686634357939004,78.69699310541432,0.6667684947813518,0.6737277862281883,893152444389.3269
Taro,2018,3111.0660107505983,25.175290194074552,4.544000378392066,79.51066610724246,0.6690353297110799,0.7006829461704753,819584810762.3406
Choux,2022,11802.214079478259,25.518774749039217,4.852661634329041,76.21125823404968,0.6509958890716155,0.6727075322427664,938358600417.598
Noix de karite,2022,4187.486011835342,25.966745364856,5.141712656564444,74.41328343774924,0.6604953284235081,0.701196284613757,937129503653.9088
"Café, vert",2021,526.8429021686625,25.264115833731225,3.9072582059356935,78.49357933728662,0.6692936925014666,0.6722356325552656,899940625380.5375
Sorgho,2022,878.6575362879398,25.54326142171428,5.178781998019825,76.93040265812408,0.6577952969933348,0.6865332091117411,939211359477.219
"Pois bambara, secs",2023,758.2607631263943,26.730856578364694,4.550114689623949,78.57948023638714,0.6879835482251635,0.6850369746461528,1000036016811.7489
Patates douces,2017,3377.77483592277,26.353803094801762,4.107079447404064,74.81955531844329,0.6469880044657229,0.6786602081067035,771546137009.1511
Choux,2021,11302.600834070561,26.03910252725171,3.9093017635245513,77.87812207726303,0.6753241037800858,0.7252767123287672,899400362102.0286
Riz,2017,1741.1020046603476,26.153119195514826,3.998803026519316,73.49501728064398,0.6481693968046047,0.6588784048313906,787083407226.8611
Taro,2018,2998.2168454224247,24.730163991911052,4.438153177148585,78.13256711603421,0.7017639800080852,0.6901008621557482,816513864234.4988
"Piments forts et piments, secs (Capsicum spp., Pimenta spp.), crus",2020,422.8,25.55327868852459,5.009398907103825,78.95647540983606,0.7270218579234972,0.7411475409836066,856967581267.048
Tabacs bruts ou non fabriqués,2020,447.87026760795266,26.411485577260308,5.159182612085638,79.34506545450039,0.7277603690594598,0.7381721506203475,851772187158.015
Riz,2016,1658.6316197873707,26.344523117641522,4.100148566210338,75.46840536509829,0.6220197799096469,0.6266280186675492,734795701749.0985
"Noix de muscade, fleur de muscade, cardamomes, crues",2023,1075.5773050139753,26.55877457748919,4.546399351406477,78.27208937696393,0.6974962101561272,0.6789913860077668,997855654776.9325
"Noix de muscade, fleur de muscade, cardamomes, crues",2023,1061.3514798271992,26.52302881248371,4.5347488198597565,75.04672864039881,0.6935899822574733,0.685919700951666,994988327309.6155
Sorgho,2022,856.0326668956044,25.057393105018477,4.952612805496597,78.50281453522985,0.6708522289943184,0.6842446037359188,933338139438.8671
Noix de karite,2021,4150.737652224215,26.50207519148133,4.070396474737531,79.02730554509706,0.6420009453288418,0.6997676885975352,884537330149.208
"Autres espèces cultivées stimulantes, à épices et aromatiques, n.c.a.",2017,1037.6948682089035,26.340891882620276,4.014423122244461,74.93797522451621,0.6464863194171333,0.6531948886872143,790012689715.4086
Graines de ricin,2018,83.77783648223276,26.483471319310677,4.537488704657424,78.77972711721839,0.6688287663597104,0.6905812204565083,827142674297.2742
"Manioc, frais",2017,4043.6260072437317,26.836640420339144,4.094472426847367,74.45859922353075,0.6371810966022056,0.6618318198856797,790777690470.358
Haricots secs,2023,583.2849542326483,26.19779930622821,4.730213279033099,76.77510585063851,0.6856853768491286,0.6774934916299369,1004887421840.5206
Haricots secs,2023,543.8845129574507,26.31782205361253,4.580888552095222,76.7675887695463,0.6783136593250971,0.664040658965911,995833677388.0679
Graines de ricin,2023,77.121883373707,26.582941104040955,4.410338796828206,79.46848272997056,0.6760406121939783,0.7147407647960368,997009406429.9797
Tabacs bruts ou non fabriqués,2022,430.4624694944545,26.01829766441083,4.982522461906203,75.73994261520994,0.6559185053768484,0.6808623910443857,959379131275.7046
"Autres espèces cultivées stimulantes, à épices et aromatiques, n.c.a.",2016,1069.5165184062457,26.614298355960205,3.8859376321967134,75.60080359172221,0.6125765925318214,0.6173513424155496,737709134394.6946
Bananes,2022,13469.5,25.620328767123286,4.94627397260274,77.37772602739726,0.6615068493150684,0.6768493150684932,940020690899.395
Noix de karite,2018,4324.000373376812,25.488577578025456,4.455270364078064,78.80030035758871,0.6865046630843457,0.6833833031848141,802354249154.0336
Taro,2015,2466.5131321426043,26.114720162943165,3.131133824520323,75.43742353631316,0.5666160411636891,0.5810494353719522,679318355558.1776
Patates douces,2015,3541.6252190398463,25.752762933146627,3.1055384776546977,74.97607396414125,0.5651637078461078,0.5785420534135393,663922125185.175
Choux,2016,11001.54284635337,26.83740166834151,4.0561024761284346,73.03991207916336,0.6186832576280809,0.6224055485046602,740435471462.6053
Sésame,2021,337.0641568315617,25.09309827046479,4.045288214826474,77.40534978704385,0.6681341787636773,0.7056648447569732,882981081922.8546
Patates douces,2020,3789.240020143233,25.724663141536634,4.865026768148627,80.31538152393075,0.7231604169739941,0.7365277355566417,852202666451.0992
"Racines et tubercules similaires à haute teneur en fécule ou en inuline, n.c.a., fraîches",2017,5226.8,26.162273972602737,4.066109589041096,76.52139726027397,0.6475342465753424,0.6606301369863014,783338000000.0
"Huile, noix de palme",2022,7833.511782866239,25.06608697916943,4.910544255719782,77.31020933192492,0.6617463885743249,0.6543622441953117,963005178403.8115
Oranges,2023,4633.731670893463,26.0599270738532,4.439540619920056,79.89489844753473,0.6723445277658727,0.7016430672304081,1016037275061.1919
Ignames,2018,9128.099973367265,25.44474513403333,4.278778055436271,79.08374465484094,0.7011916024768603,0.6929052591864359,813610549931.1887
Haricots secs,2016,462.70525535290784,26.410654510938148,4.0120763106934,73.45827630522086,0.6318160548808618,0.6169490426748921,740773913797.5262
"Racines et tubercules similaires à haute teneur en fécule ou en inuline, n.c.a., fraîches",2016,5314.597424037456,26.554425765861954,3.9784677454323094,73.89097661439503,0.6328550096429578,0.6102650267188094,761725492515.8102
Fèves de soja,2015,626.7860990116917,25.58343282488317,3.2004411184661317,72.20330686990269,0.596167866162971,0.6101088410097874,677655355923.3837
Bananes,2018,12958.680751530226,25.61912755921544,4.580654155820541,81.00235657146081,0.6593699550807998,0.6877257993859722,821965379142.6123
Bananes,2019,12911.780011746509,25.277220876143193,5.173628973530373,80.87359177400407,0.722716148299281,0.7375518611619505,861648935133.6649
"Piments forts et piments, secs (Capsicum spp., Pimenta spp.), crus",2022,437.3709723909068,25.990991062331332,4.982143903073364,74.5374760524278,0.6436270317560984,0.6831935565672556,930361762370.0469
"Pois chiches, secs",2018,733.5476156094556,25.176691104640273,4.384107511583204,79.44751837436667,0.6968144970021366,0.7093936953228747,811666663541.4431
Ananas,2018,8147.987053974584,26.003807782689965,4.391179794333678,79.89694890795845,0.6801422598977076,0.6858079443664933,811276947469.7521
Noix de coco,2020,3764.7471062979944,25.170574109210143,4.868874622838975,80.92682159648682,0.7204123364564895,0.7304920784375216,855542197074.3182
Oranges,2016,4665.539936000789,26.873386253715314,4.078409720621966,74.00970643448389,0.6199143316841138,0.6124789718475613,729250533297.5714
Haricots secs,2018,548.0,25.62013698630137,4.461972602739726,78.10038356164384,0.6793150684931507,0.6943835616438356,819305083628.113
"Piments forts et piments, secs (Capsicum spp., Pimenta spp.), crus",2022,414.729640855444,25.719191237792618,5.116445125571255,76.82061868504067,0.6681053801693367,0.6624855887927111,948692930002.1525
Tabacs bruts ou non fabriqués,2019,444.0472904683635,26.2946791843061,4.964873835441309,79.14166999300195,0.7195214413324182,0.7481560044567069,872426262309.2817
"Cacao, fèves",2020,1100.7098524373384,25.24976550618087,5.013342649940978,76.87058697294894,0.727585497386137,0.7458353608542836,855164639828.1221
Fonio,2022,887.1738885902658,25.273612066588733,4.909315229749006,75.70992507121208,0.6881513643379905,0.6763054518702752,938484410046.5045
"Noix de muscade, fleur de muscade, cardamomes, crues",2022,1133.6022373975675,25.220972565459324,4.882780125724243,76.67489389602952,0.6705114354930354,0.7106917808219179,930696945570.0308
Ignames,2015,9163.323480065825,25.74384134864132,3.2025089871818366,73.76405664677256,0.5606820709492889,0.5808797588214119,668931778082.8451
"Café, vert",2023,525.3,26.15476712328767,4.51827397260274,78.15893150684931,0.6806301369863014,0.694904109589041,998973479941.652
"Cacao, fèves",2022,1164.0632210527285,25.48129200775548,5.045949696025414,77.82892570236763,0.664104409234018,0.6750173396259322,924358363808.4144
"Manioc, frais",2021,3628.241075803558,25.58572840331206,3.843539107688584,79.62821828999188,0.6806460155988229,0.6847187891315488,889801990433.1665
Arachides non décortiquées,2018,749.0002526558656,25.756367895755375,4.263937328871773,78.62388735234609,0.6701973277938333,0.6932581049794052,819887448103.9666
Noix de karite,2017,3984.612207249778,26.217256044591092,4.055494041056587,76.95592178964085,0.6338071093087055,0.6473841939631056,793629366095.3641
"Noix de muscade, fleur de muscade, cardamomes, crues",2019,1089.9290277638488,25.50701780063163,5.106299256637425,80.77822929248197,0.7127579747069924,0.7351766713246927,872098583970.2944
"Coton en graine, non égrené",2019,661.2592975666713,25.465323425706128,5.1990269584081155,80.63161324408766,0.7137078136154854,0.7155126059261924,843986283673.7095
Mils,2017,594.9602584997067,25.88428164156964,4.087903467591172,79.8176697838558,0.6498436361994854,0.6538540869564726,789086895154.2207
Bananes,2018,12885.4,25.62013698630137,4.461972602739726,78.10038356164384,0.6793150684931507,0.6943835616438356,819305083628.113
Tabacs bruts ou non fabriqués,2023,465.19312476043973,26.267669204265726,4.621169131111587,79.26979845965343,0.6727965287127077,0.6853130397950904,994783764285.205
Noix de karite,2019,4304.168131529695,26.36045984475059,5.015548324441861,80.33544454112297,0.7177248149372726,0.7111976739303216,873901177468.2927
Patates douces,2017,3363.587813258417,26.551293717809003,4.152880732906377,79.99097148859956,0.6573318924820258,0.6547788150690019,790593326475.4272
"Noix de muscade, fleur de muscade, cardamomes, crues",2017,1062.9004166307195,26.174623956815285,4.106963601102847,75.02644246150214,0.6370939208618891,0.6588398016245607,782922160976.4941
Arachides non décortiquées,2023,768.8576677981865,26.3713782796764,4.529593694203223,76.48413197045545,0.6663159756232448,0.7273927756664379,1005996294778.0492
"Tomates, fraiches",2020,4156.02135680366,25.247959833079832,5.07193382761705,78.15516980769472,0.7283000088391274,0.7543406195970894,851538027693.2125
"Autres espèces cultivées stimulantes, à épices et aromatiques, n.c.a.",2023,1024.1328996933603,24.847028767123284,4.592866147482623,79.0954097981457,0.6863500574562134,0.7296493150684931,1008102899703.3794
Sorgho,2016,859.6168975642364,26.487170464609875,4.082154163180458,74.32753895211395,0.6260168297986812,0.6003696971545222,734808613115.7566
Maïs,2016,1235.4200904118113,27.124417353231166,4.279868852459016,73.97044846123438,0.6435816822402294,0.6161878662634018,736573704831.306
Mils,2022,588.6051055931143,25.89496367594458,4.891430349572131,75.65752889908957,0.6658712732031473,0.6760618914206143,937334211839.2882
"Huile, noix de palme",2018,8761.665904582109,25.877225659146294,4.4563066676408365,79.18371623774131,0.6797832598046553,0.7072396626254275,822463947054.5131
Oranges,2019,4540.650241553555,26.660081061253837,4.880235679979263,78.14908925183829,0.7441425360146937,0.7362084535014614,865483017884.8036
Bananes,2015,12121.28959343457,26.134928035645718,3.1858001026345457,73.63907782955079,0.5659788699084359,0.5956417990598522,675943266646.0798
"Cacao, fèves",2020,1130.9389632413422,24.682145208211967,5.026662676309146,78.75191973143494,0.7407236174934029,0.7300728226850797,851315974086.0514
Sésame,2020,326.6,25.55327868852459,5.009398907103825,78.95647540983606,0.7270218579234972,0.7411475409836066,856967581267.048
Ignames,2021,9023.06484768225,25.822534861494013,3.872366838480986,80.03627171775825,0.6725334578542562,0.6997315645393456,886360455702.4213
"Cacao, fèves",2022,1088.3909398925243,26.190644295004923,4.899064661015909,78.15620634899399,0.6708812734844124,0.6740006402890873,938258450470.9595
"Noix de muscade, fleur de muscade, cardamomes, crues",2017,965.6117884873355,25.48936168122104,4.025127690921089,74.10600573982506,0.6517892972224134,0.6707432094479578,786162679082.7645
Graines de ricin,2016,81.78673207343314,25.564039747735407,4.147353173007683,75.82018386886202,0.6311618394539412,0.6263777857075307,731281834569.0776
"Racines et tubercules similaires à haute teneur en fécule ou en inuline, n.c.a., fraîches",2021,5515.634483994875,26.091008665847372,3.8819402443221955,82.08009449414571,0.6684456383560896,0.685600024234093,895660921183.2235
Fonio,2023,860.4464326722065,25.855243280814832,4.642685496656181,77.3678316639628,0.6824209522142353,0.6866423809973641,994135721325.6605
"Autres espèces cultivées stimulantes, à épices et aromatiques, n.c.a.",2018,1014.918601688935,24.95524922779839,4.616461383665774,80.36713776789797,0.7036268970807622,0.6797617852347156,825350246097.509
"Piments forts et piments, secs (Capsicum spp., Pimenta spp.), crus",2021,417.14525340929845,26.397057844926415,3.9539338772669104,77.90446435008144,0.6738903651393369,0.6887116879039388,886885642378.0144
Autres légumes frais n.a.c.,2022,5105.2,25.620328767123286,4.94627397260274,77.37772602739726,0.6615068493150684,0.6768493150684932,940020690899.395
Oranges,2022,4621.151554098596,25.998608206796316,4.997312601976184,77.29824462429569,0.6532155671053863,0.6758815050013256,944260877497.2284
"Cacao, fèves",2021,1081.9593383814577,25.188728475232878,3.9646333354576395,81.85552807167367,0.6891351745761136,0.7130486085877212,894474117015.4274
Taro,2015,2478.8912485435617,25.60105535396048,3.1882651430577615,70.44163220489237,0.5916804160320664,0.6031435228443093,679276611842.2786
Ignames,2017,9423.91433859462,26.2555929923556,4.024252169117042,75.10908691188361,0.6520663934504334,0.6571119935187986,780984269087.5953
Mils,2022,629.6306843615827,26.40525540176914,5.020254502821451,74.12873557447224,0.6598331351339988,0.6917239098212071,938094885644.2701
Patates douces,2022,3560.9964394831486,26.12487868321718,4.833424951046444,76.73211733200654,0.6766247893406464,0.6847334332627171,935110197904.7407
Haricots secs,2022,537.2689197608452,25.476559731742974,5.1349510754964625,75.43334632734081,0.6674811548340897,0.6764160528975319,939678982031.3151
"Racines et tubercules similaires à haute teneur en fécule ou en inuline, n.c.a., fraîches",2021,5471.445818968762,25.865520848421284,4.025299557002105,77.56335667558062,0.6727490065547428,0.6807805271624119,889651320166.6442
Taro,2016,2594.95725510033,27.640639467471704,4.13730870170531,75.0832977044705,0.6241616109393164,0.6447695608346669,723549411652.8711
"Piments forts et piments, secs (Capsicum spp., Pimenta spp.), crus",2015,418.5,26.17372602739726,3.183424657534246,73.75301369863013,0.5778356164383561,0.5891506849315068,676983748351.848
Sorgho,2023,876.9518784828844,26.904106214617226,4.6026319291640885,78.69657032059284,0.6630626448842,0.6800652282283073,989998897925.6575
"Tomates, fraiches",2022,4152.07864818574,25.538955084739626,4.951235509225116,76.90571408840242,0.6681266216200881,0.6798117288530967,938648894668.8954
"Racines et tubercules similaires à haute teneur en fécule ou en inuline, n.c.a., fraîches",2022,5388.808412863675,25.715527634947723,4.951106447409746,76.86330502174401,0.6699351664722264,0.6658385266756671,953461512559.069
"Autres espèces cultivées stimulantes, à épices et aromatiques, n.c.a.",2021,1006.464054415452,26.874749544937092,3.9274474396187657,77.29494094845839,0.665605877447647,0.6889057790777853,898021092867.9982
Sésame,2020,324.8407134337723,25.52255467599811,5.059904231684313,81.10674688516563,0.7216251464410934,0.739145545163842,853556113995.8789
Sorgho,2023,897.2908554439233,26.15907555592462,4.629633349190772,76.5242243717752,0.6699861400676472,0.7102247967257702,1011290498738.2723
Autres fruits n.a.c.,2021,5730.303610820385,25.083631016528795,3.885200445070123,77.03212231009958,0.6836276024449904,0.6865518659434701,898388193412.9393
Tabacs bruts ou non fabriqués,2020,454.2901429408121,26.022647674173978,4.967496464935531,76.30059769696993,0.7357053463425737,0.7363202588662402,853115070001.5079
Patates douces,2018,3428.1742503956075,25.82150982301396,4.3596238464493835,78.03468363981582,0.678393503919758,0.6895346922145963,828410759159.9082
Arachides non décortiquées,2018,732.0317757921893,25.65696236461348,4.447414766038823,78.35516110936499,0.6855878219710868,0.684353305466087,827339411852.0833
"Coton en graine, non égrené",2015,731.0596613695045,26.605883175352634,3.247689253779162,74.15843545474767,0.5629828381353394,0.5895725686804902,666899406297.0007
Patates douces,2017,3502.603885495647,26.32102158192119,4.012745283693221,73.54063263593885,0.6334230714028036,0.6672122596885925,796425773592.0212
Mils,2022,589.0045491013959,26.27376072754816,4.996181763595956,77.06056365373449,0.6642032555743514,0.672789880297851,931021869097.1593
"Pois chiches, secs",2023,811.5593663417009,25.900168317076112,4.469789264023972,78.5783231412761,0.6967094899836866,0.6873081532304929,1008303032905.954
Graines de ricin,2022,76.29373333616826,25.750312954798368,4.9723823879193665,77.38961839075665,0.6701210740511232,0.6778155706052542,929450806248.5673
Sorgho,2017,901.3804640016252,26.42271870084515,4.084943903312802,76.90816742811724,0.6507241596787012,0.6565812748638407,793564895496.7844
Noix d'acajou non décortiquées,2023,1639.4944809677743,25.664503617880506,4.572964536080108,80.47300922028681,0.6470296881667171,0.6856623555119618,1002665336751.1385
Noix de karite,2015,3921.284823982933,25.825620537190808,3.207506012672595,75.52547404389418,0.572914906259017,0.5939822654334443,688876528290.0732
Choux,2016,11306.454897323158,27.262892872190413,4.197971099202944,73.18363122939148,0.622774459920607,0.6201584205471957,730169148737.0397
Fonio,2018,846.0945751756394,25.83693473771998,4.667595429818742,80.07183398345511,0.6839069814342715,0.6708657613823681,829122578630.6936
Oranges,2021,4581.854308711187,26.154410723180277,3.956635061529285,79.7264770595523,0.6919245640622979,0.6871075365524482,904428451126.7773
Patates douces,2016,3256.2094564684053,26.0782270954591,4.047462790450428,74.61137773516532,0.6168096504474815,0.6271202031723737,734706115391.4553
Noix d'acajou non décortiquées,2022,1398.9191851697426,26.297441669692656,4.914003513350198,77.72687294716393,0.6659020536719266,0.6798420711632628,930494480107.8815
Graines de ricin,2019,78.8,25.842027397260274,5.005041095890411,79.60054794520548,0.7189589041095891,0.731013698630137,864816063151.685
"Pois bambara, secs",2018,741.7809212561183,25.655746259370723,4.284529457445546,78.63060449374063,0.7132808219178083,0.6993150427916062,811817372899.1499
Oranges,2018,4737.940188332574,24.617240810569626,4.47061063857016,77.7487595045891,0.6815880388495743,0.6916573331161144,832130947275.2152
Oranges,2018,4376.372799473101,26.282061788528672,4.502168863155704,75.53016586059938,0.6453493150684931,0.6613729640733255,815079758012.6417
Patates douces,2019,3467.5951488415394,26.07871227659012,4.996597043867849,82.5022578827542,0.7024118159460753,0.7209434445513517,867021611160.6147
Oranges,2023,4486.617614219342,25.427900414581877,4.292360273972603,77.90513415898829,0.6750637188841494,0.6914778331755338,1019617437305.1826
Autres légumes frais n.a.c.,2016,5016.787096839526,27.02921581168061,4.035887978750722,74.90024577222269,0.6037044356979341,0.6269203706593697,737986964814.5367
Noix de karite,2017,4115.5,26.162273972602737,4.066109589041096,76.52139726027397,0.6475342465753424,0.6606301369863014,783338000000.0
Sésame,2019,315.5505023382649,26.40410066219261,5.0034332672600526,82.68749339354603,0.7250148587747978,0.7015100697019506,874055884796.4452
Ananas,2022,7901.677923563932,25.808790105706702,4.698960273972603,79.39690939833356,0.6745241621711077,0.6957075588192656,936747746419.1965
"Pois bambara, secs",2023,791.8510652300415,26.172245060032978,4.44581279189853,76.6565937863327,0.6676813806648916,0.699240361143969,993790333210.2999
Noix de coco,2018,3655.7754818327585,25.380868073926333,4.51760381664404,77.0229044667617,0.6877204169415745,0.700732404906665,817781753640.0195
Patates douces,2019,3715.9847296844646,25.52469191051751,5.0545777851951135,83.58057534246575,0.7313184420103473,0.6952563870908463,846164865183.1594
Mils,2023,715.6283223168782,26.07787822638715,4.365089442064816,79.71707477720831,0.6845814548644477,0.7086709727605082,1012260417559.9202
Bananes,2021,12648.61216048818,25.212829807575634,3.8838587642713445,82.75331894591449,0.6626002160302636,0.6798857779814396,909040119350.2161
Fonio,2018,835.2931836018058,24.79639256403154,4.549651720147937,80.22555748278545,0.6568656996219008,0.6811220251190815,833304856258.176
"Cacao, fèves",2022,1086.1694458445368,26.634910521256334,4.943777348699443,78.33034392153405,0.6586290540425018,0.6703595869181381,942084108921.5238
"Noix de muscade, fleur de muscade, cardamomes, crues",2022,1061.3577310817634,25.73093238661809,5.060526608969365,76.92098034043009,0.6803324296071376,0.6800408496489972,936037470528.9629
"Tomates, fraiches",2022,4231.2013494437315,25.403727560386354,4.96449356902321,78.29118381552173,0.6687062198988258,0.701768465744963,960844976542.4564
Ignames,2016,9398.742830233185,27.333541044336705,4.129718517076954,74.72912864778907,0.6147739251327834,0.61583829608467,735429106201.1638
Tabacs bruts ou non fabriqués,2017,458.4484287172883,25.729808022018496,4.061298754901841,78.16879810002553,0.6522720946598449,0.6497981697387674,768782718957.8475
Maïs,2023,1258.1328890292984,26.93117391084147,4.543190460515319,78.50682760374973,0.6931665213832084,0.709967321251581,999744329598.5717
"Autres espèces cultivées stimulantes, à épices et aromatiques, n.c.a.",2019,1005.954496218019,26.620814809780043,4.75478904109589,78.09796048378824,0.7229105927439056,0.727293109456904,850303673376.2067
Maïs,2017,1187.93109578718,26.191007918763674,3.862804109589041,79.16170060892775,0.6472702442103112,0.6664260026346269,781247950913.058
"Autres espèces cultivées stimulantes, à épices et aromatiques, n.c.a.",2018,995.7399899629626,24.867818160654693,4.554304203785939,77.6400958704227,0.6838483286788203,0.7007643842830232,826172391482.6274
Bananes,2020,13403.117977023678,24.68356922146106,4.957203678673515,76.54360474980035,0.7138032153534137,0.7339979530485721,854381940723.0492
"Noix de muscade, fleur de muscade, cardamomes, crues",2017,994.1839289687208,25.559287843987917,3.9765382892064474,76.45776459608788,0.6535785939018223,0.6544922266450799,779394782330.1256
Riz,2016,1626.5175153540908,27.267370154516485,3.9158047019979363,71.72116309573083,0.6405686813635374,0.640000931469042,743073263376.188
Taro,2020,3251.033090408334,25.85195172153484,4.790267537263634,76.49287146119397,0.7208631372679624,0.7383249972604379,864206685224.1049
Oranges,2015,4633.477643110715,25.901572268772,3.0267431308722283,72.42062498226434,0.5756953173664305,0.5801800722456979,672716837200.8972
"Racines et tubercules similaires à haute teneur en fécule ou en inuline, n.c.a., fraîches",2019,5264.398703568588,25.737982812815044,5.06374602482827,75.76091286502349,0.7506313665480462,0.74998659435528,853467161714.3593
"Huile, noix de palme",2021,8593.335028285874,26.11387521259541,3.928999752543824,75.92402180263946,0.6812902012941365,0.6884481344484918,893225556245.1337
Graines de ricin,2021,79.24087858260428,26.410043710877595,3.8763533755632045,79.81193337030518,0.660709970811002,0.7025799914678661,887987428345.3019
Bananes,2019,13196.252062189818,26.485164125273524,5.134994254279708,80.61337109237782,0.6973720197975648,0.7478728024024494,874305830019.6731
"Tomates, fraiches",2020,4092.4650227249567,26.308582518639998,4.989484377497629,78.35437078209944,0.7039024944528111,0.7623901138807956,857715355966.2021
Mils,2020,610.8162085641076,24.422144962293434,4.996201088794859,82.75244242512967,0.7344245315780997,0.7372677002478952,856463413377.243
Ananas,2020,7996.669011008356,26.000136594151854,5.1352396584206055,82.52903156894645,0.740607825255293,0.7500465972776785,849873451757.8937
"Pois bambara, secs",2015,831.4677718609186,26.433957757187294,3.273861136864396,76.48821603607885,0.5623811006814,0.5984390292486809,686102391068.8293
Noix de coco,2015,3226.0465253161783,26.27041459739392,3.162487482668024,71.3169225045337,0.5708053456312872,0.5844864208026977,675350119093.2179
Maïs,2019,1276.7752344684327,25.41262107798962,4.931570602820791,78.91275851384734,0.7242768090422801,0.7327630676009804,853934689041.4386
Riz,2015,1665.4013810678175,25.71809181896054,3.210128625974753,72.60842576265748,0.5768468221280969,0.5985170841999115,675453497520.5417
Sorgho,2015,881.0684850881386,27.374474016593698,3.148597962248268,75.05941058238692,0.5777081821300292,0.5952380523798834,677089285804.0717
"Noix de muscade, fleur de muscade, cardamomes, crues",2018,1013.0383581338974,25.79942144770775,4.556200585853031,76.30615914645473,0.6725241687137745,0.7103766604272629,826873080225.2886
Noix d'acajou non décortiquées,2022,1472.52877022892,25.487384698647965,4.79310452683082,78.05851456651001,0.6526026308994174,0.6828224984161934,941065866197.742
Noix de coco,2017,3769.9,26.162273972602737,4.066109589041096,76.52139726027397,0.6475342465753424,0.6606301369863014,783338000000.0
Graines de ricin,2023,82.7411528327376,26.203473510232843,4.59650866972097,75.66440166085965,0.663003602244001,0.6885403500432024,989348968337.1239
Graines de ricin,2023,79.1238826976987,25.384347640680208,4.573375687818813,78.76330513459219,0.6824756311335158,0.6850732287688923,1001364763400.7891
Mils,2018,568.7060193679034,25.44889731335194,4.413325378194471,78.79733242148565,0.6670609761084019,0.6936976208180043,818448777785.5084
Ignames,2020,8902.131148563794,25.096142838184306,4.961345589665264,77.93535316777242,0.7311747220570493,0.7346717015979487,864287107970.0215
Maïs,2017,1230.8,26.162273972602737,4.066109589041096,76.52139726027397,0.6475342465753424,0.6606301369863014,783338000000.0
"Cacao, fèves",2020,1065.9017825273938,26.122924514586526,5.094038727748507,80.14768049499601,0.7302508782967202,0.7216397698890995,849703447532.3649
Noix de karite,2017,4048.38630905108,25.892203218413027,4.019796727924231,77.8095304862902,0.6271957844322641,0.6536593318248687,788217359937.366
"Café, vert",2022,566.1,25.620328767123286,4.94627397260274,77.37772602739726,0.6615068493150684,0.6768493150684932,940020690899.395
Mils,2015,760.3787811879135,26.213246730161806,3.179645926145272,72.98921780435464,0.5753004834162558,0.5771246058523893,670782032871.4747
Ignames,2017,9514.1563467111,24.89083186125464,4.158079680680372,78.15337917575246,0.6536526686290242,0.6656284072100733,795656248895.3275
"Autres espèces cultivées stimulantes, à épices et aromatiques, n.c.a.",2023,1080.3278903572786,26.293614399766742,4.559888157959358,77.65545489553925,0.6941370977868578,0.6934364486598938,999373370482.9508
"Cacao, fèves",2018,990.9896605569307,25.675332888427796,4.313109430596717,77.33923565352777,0.668684793700358,0.6935446564223338,822860249697.6022
Choux,2019,11611.162554777671,25.699837404416296,5.151139340416767,81.0715503685114,0.7223475423054716,0.7064999227649961,872934483960.1207
Autres fruits n.a.c.,2017,5791.949312411509,24.956625440111118,4.211669215217189,75.64416828443204,0.6434192435157383,0.6518403414212295,793364363034.1228
"Huile, noix de palme",2016,8583.167428028917,26.95338011235006,3.971514955174986,74.368090534382,0.6137633857952516,0.5947539078221238,722184219718.1451
Choux,2016,10990.545059231417,26.08257858745096,3.9894194273064802,74.1777594028926,0.629136902713619,0.6307509274835061,746385478909.6833
Mils,2017,582.0792848034644,25.28401762872073,4.1302871497658185,76.31065810270205,0.6289313269567591,0.6860005955975257,774416024098.8645
Taro,2021,3198.990112940085,27.22414109589041,4.00198061429398,78.67351273003396,0.6795938420225769,0.7006770212187955,888431912825.1503
Haricots secs,2021,532.5483837204972,24.874228739249364,3.9851083646143257,79.51016304336864,0.6576440822298875,0.6797143350681144,888766762531.1403
Noix de karite,2020,4330.714416417002,25.091592118541975,4.940877184339413,76.92789492820326,0.7409290339461185,0.752218830888877,857627323768.8649
"Pois chiches, secs",2023,731.5044286217628,25.180602423646594,4.611438334285227,77.10804489919987,0.7037105845170257,0.6917592027332503,1015030456867.6226
"Huile, noix de palme",2023,7817.773619246062,26.260806558390055,4.545224033619354,78.83259394709957,0.6796061423705345,0.6712387826802801,997327632104.7812
"Piments forts et piments, secs (Capsicum spp., Pimenta spp.), crus",2020,427.43776447310995,26.32359380901341,5.007841540223142,80.81393115750932,0.7314481047204628,0.7236086027546131,861109244597.8363
Haricots secs,2022,532.6031554388173,26.328205020557345,4.938060588459127,77.47343251245293,0.6534277621919754,0.6701058679538914,935923170743.7217
"Racines et tubercules similaires à haute teneur en fécule ou en inuline, n.c.a., fraîches",2015,5390.805821189683,26.89720109817272,3.2128615506102736,72.02131489248714,0.6043888334731631,0.589981279586653,671261389005.1458
Noix de karite,2016,3967.435416925645,27.872049180327874,4.182768031659039,72.35974713728748,0.6333135675082109,0.6000981581370569,734595421990.8566
Choux,2019,11166.7,25.842027397260274,5.005041095890411,79.60054794520548,0.7189589041095891,0.731013698630137,864816063151.685
Ignames,2017,9118.8,26.162273972602737,4.066109589041096,76.52139726027397,0.6475342465753424,0.6606301369863014,783338000000.0
Mils,2022,567.5463362718655,25.610623689705353,5.1081633886799285,78.92996817782503,0.6559508886715881,0.6995752470279131,938893903110.5892
"Cacao, fèves",2023,986.8,26.15476712328767,4.51827397260274,78.15893150684931,0.6806301369863014,0.694904109589041,998973479941.652
Ignames,2016,9279.262722045552,26.625802261733423,3.9550906538279134,75.14093608337177,0.6202838498224742,0.6389456091937861,731512867627.4054
"Pois bambara, secs",2016,695.3675086339458,26.43012726227784,4.051424190828144,74.7047810278259,0.6444048458249397,0.6300645458185393,729136815340.2444
Patates douces,2023,3754.7288927589602,25.560317409986446,4.447432853577059,78.27799019631438,0.6915652017453919,0.6906350051731104,999762510896.5951
Choux,2023,11028.041195435278,26.349391550013546,4.632915088176503,77.98954508256809,0.6586858079419542,0.6984067466256284,982914321714.3556
Graines de ricin,2023,82.12611659230701,26.00098461219139,4.512428817910239,75.9204194904935,0.7000648975411278,0.6857703161007009,992849094825.2819
Maïs,2017,1260.146421259577,26.501948583291206,4.026186269458417,74.4115344506925,0.6302288300050196,0.6440996577733552,792329386052.7969
"Manioc, frais",2015,3853.735074050793,26.01358340484622,3.144174976059843,71.3054392172792,0.5947128702610774,0.5850510143568428,674010975955.8615
"Huile, noix de palme",2022,8279.848613827602,25.257594630763673,5.184587946873173,78.29758051390148,0.6691492271458592,0.6775136840528556,949519046202.5961
"Café, vert",2018,468.07222396112775,26.24362044578551,4.394437854322855,76.3415286809987,0.6658084232680517,0.7046340546438208,823689237353.9913
"Tomates, fraiches",2021,4385.060074786526,25.455899346352684,3.927647596673127,78.83466033824045,0.6591697917067915,0.6945900951427816,895496152214.8978
Mils,2016,610.2030610706579,26.46961946365646,4.1458891581278,75.41856071466201,0.6223503571820467,0.6272398754994436,737548619990.5458
Ananas,2019,8158.202926413761,25.680511339252778,5.080327602162995,77.44646846796641,0.7189063387536325,0.7336353056279835,854357096373.2212
Noix de coco,2016,3903.335841731596,26.252569162023747,4.055008234545917,73.40105809618021,0.5920368852459016,0.6250961661111725,724764024654.607
Choux,2023,11336.526189321317,26.333998348118673,4.423421573389237,78.29371139351106,0.6632298069880262,0.6940593902074265,992813273428.9926
Sésame,2020,325.893779119354,25.259302868842457,4.921137759872514,79.00557960096744,0.7196107826675834,0.7449705780919188,857292549897.7692
"Cacao, fèves",2015,940.0658495607793,27.19732425916832,3.177155115564758,71.61936757176069,0.5854429515253098,0.5722176225786486,682096238087.5686
"Pois bambara, secs",2021,829.230048856744,25.86454275923934,3.837954818291806,77.10815373817569,0.6725090660046331,0.7078020553764155,914023906816.3446
Taro,2019,3182.6133308203935,26.017646406356203,5.049903227564177,76.0718760055352,0.7131047052816152,0.7329825717263737,871886959599.3937
Noix de coco,2020,3634.2032456534307,25.92147804611667,4.928792644530505,78.62421841121623,0.736398377326817,0.7414677434716374,862653725435.4385
Oranges,2019,4477.957575598827,25.83532527090402,5.055745009831347,83.0362775052244,0.7168080989161195,0.7141844270479204,860751661930.9915
"Manioc, frais",2022,4013.1,25.620328767123286,4.94627397260274,77.37772602739726,0.6615068493150684,0.6768493150684932,940020690899.395
"Tomates, fraiches",2017,4052.712426324389,26.24353755130953,4.018861118046659,77.23661890238048,0.6360613590570774,0.6464313257261558,796485028952.6416
Mils,2017,602.7651301845536,26.11756155604721,4.137361583973835,78.84358611018808,0.6515206617695208,0.672329771707836,776064554636.83
Patates douces,2019,3692.2169960245533,25.79910637650639,4.903791114220638,81.78902103533862,0.7213792120654416,0.7193146935650065,862175772470.0851
"Autres espèces cultivées stimulantes, à épices et aromatiques, n.c.a.",2020,1063.5844954740885,25.05116641709324,5.008732109570863,78.14197004691441,0.7039828706281916,0.7614155857601769,857743666997.1074
Haricots secs,2017,549.5919347839327,25.66511476736685,3.962264551612704,77.0959315262055,0.6566292622918659,0.6564052689495558,789924528947.1464
Sésame,2017,322.9518547477751,25.59478931815219,4.184963981873057,74.95265469630594,0.6372942347143322,0.6581016582205149,780581886710.8141
Taro,2023,3116.2149360150297,26.44948991520761,4.358471591231821,80.52111528164203,0.6599224780344346,0.6987295786656579,982560424675.1749
"Pois chiches, secs",2023,748.8187475544238,25.37948150973117,4.5362132091394,75.41162936225743,0.6841186303442875,0.6813655595166871,999390971994.3546
Fèves de soja,2023,960.4947723607492,27.041520413571597,4.6276794038214355,79.2250828065303,0.6915049227090151,0.6957018165534199,992691248231.767
"Café, vert",2021,539.8733641227316,25.613969930256253,3.957476988883395,80.4518983059868,0.6979954988605455,0.7071224492560231,880054050675.38
"Piments forts et piments, secs (Capsicum spp., Pimenta spp.), crus",2019,436.0861184577129,25.908606811588385,5.001147834799501,81.33085136708314,0.7317344583609416,0.7251311496411654,866849873929.3422
Patates douces,2017,3497.993859811838,25.873479652571646,4.011144206993481,79.31312495286143,0.6799109589041096,0.6759104940954855,774919745797.3208
"Tomates, fraiches",2015,4148.366903731167,24.865039726027398,3.201366235079873,72.46076279184491,0.5856241576605739,0.5756822750098853,665058691108.3146
Noix de coco,2019,3707.7517194692364,25.317827968704705,4.917075582575771,81.77263945787284,0.7239926598553814,0.7077315660353434,864439279510.1915
Haricots secs,2022,518.25594474474,26.782875128775075,4.852463775079753,78.0145976878459,0.6708523458242043,0.6874800337105306,953270978785.0475
"Tomates, fraiches",2021,4183.11067891502,26.351512295509337,3.9130376348785343,79.38345605280064,0.6692966852492502,0.6791017493859252,891640968210.5168
Taro,2021,3051.536744847112,25.56377988895416,3.839633314675659,77.89949677647108,0.6698420883630601,0.7125242536699585,898109882042.6555
Maïs,2019,1266.2488199485092,26.284312848786865,5.134916881145418,78.28235561317054,0.7471796067258291,0.725979835775312,855153918329.1215
"Coton en graine, non égrené",2015,712.5365605854633,25.615387664748972,3.1705783965401,74.9730770812985,0.5638475196909734,0.5822185571408046,680002945261.7214
"Autres espèces cultivées stimulantes, à épices et aromatiques, n.c.a.",2017,1025.2,26.162273972602737,4.066109589041096,76.52139726027397,0.6475342465753424,0.6606301369863014,783338000000.0
Fonio,2017,624.2342331217466,27.077929421831332,3.8647613151798286,77.42634747800676,0.6443205060767577,0.6733454429474989,803117739368.8992
"Piments forts et piments, secs (Capsicum spp., Pimenta spp.), crus",2022,404.4448132358665,25.4988047128353,4.988474950819112,75.79491293061794,0.6642642379732072,0.6915435176434026,946414872866.3301
"Huile, noix de palme",2017,8403.801371563894,26.309886764471354,4.084860568316425,74.86942812424519,0.6515914708304359,0.6468508536323656,787350106450.7415
Ignames,2018,9241.804904756857,26.33636103747359,4.385596909280475,79.87113582352396,0.674183975402359,0.6977168240522652,822814743268.93
Fonio,2020,812.7984375769577,24.897058576853283,4.858202523153481,80.09546361790133,0.7292626268130639,0.731109358334294,842155891364.0458
Arachides non décortiquées,2022,748.1719339888151,25.2345809837858,4.930477938093896,76.02454421753056,0.6769023478674141,0.6638943890795028,935403152975.8265
Sésame,2023,331.4742839845746,25.863394593904555,4.390860340383943,78.7169787987937,0.6649196677294801,0.697679645033189,999424970821.2708
"Huile, noix de palme",2016,8416.075451516193,26.86810114924557,4.1163830306095255,75.1872211134732,0.6275032091561078,0.633702905718606,731339107270.4907
"Cacao, fèves",2017,998.4473820214823,26.54757562571517,4.00170019855733,78.23859975873457,0.6430141166403606,0.6806308224481602,795069798302.2499
"Pois bambara, secs",2015,818.6,26.17372602739726,3.183424657534246,73.75301369863013,0.5778356164383561,0.5891506849315068,676983748351.848
"Huile, noix de palme",2015,8305.032612193658,26.20535208640032,3.096844893263611,73.18074290143245,0.6027907036811729,0.5872607732877123,679304925547.3915
Riz,2018,1719.4428536112644,24.840675593660947,4.509285457622392,76.99373407918583,0.6710069694428974,0.7145840641127742,816415484745.7626
Haricots secs,2017,536.6098176236706,25.978968932444953,4.069742501847661,75.80762793128332,0.6404186927899449,0.6619696813514647,790143630206.2299
Graines de ricin,2021,77.99107292554675,26.41444382951932,3.9332113015331234,82.95624197157419,0.6635737188705857,0.6875677500678864,895792093822.9271
Fèves de soja,2021,1056.5612990981535,26.936159606430447,3.826753226216177,79.63846295309295,0.6728015808400202,0.6932109068121428,902942737887.923
Sésame,2021,324.50309002317755,24.93207338106518,4.071036077381414,77.13392998661996,0.6898842409196515,0.680355086075151,896277223908.9492
Riz,2017,1665.0,26.162273972602737,4.066109589041096,76.52139726027397,0.6475342465753424,0.6606301369863014,783338000000.0
Arachides non décortiquées,2020,743.6,25.55327868852459,5.009398907103825,78.95647540983606,0.7270218579234972,0.7411475409836066,856967581267.048
Bananes,2015,11355.792424303725,26.721596351699503,3.2410281675683015,77.01340542852941,0.5892015658978252,0.5782464526983601,673338442822.3466
Sorgho,2018,846.3183270319838,25.791857744342643,4.416822522262202,79.02419879873437,0.6818600105397382,0.6820610740284545,817887666597.448
"Café, vert",2023,520.4387436662262,26.446925520423203,4.471298929642928,81.29527392734602,0.6765106111606053,0.675648789543565,1024619186880.9409
Noix d'acajou non décortiquées,2016,1439.757169358231,25.968120398272628,4.099016390506076,73.8967942753658,0.6250046852218314,0.6279199335524268,741571534310.5613
Bananes,2022,13077.44874991053,25.709423147316777,5.011137565037008,76.58560526921399,0.6529571668786618,0.6612419556512078,929281633845.5208
"Manioc, frais",2021,3931.0838996120874,26.001139484387753,4.012878582560339,79.48446528521727,0.6467027584440516,0.6833632437371437,884475534841.6873
Noix de coco,2018,3835.5,25.62013698630137,4.461972602739726,78.10038356164384,0.6793150684931507,0.6943835616438356,819305083628.113
Ananas,2022,7904.818347969118,25.18669629242563,4.844954043960126,77.51438815385302,0.655028317040741,0.6873694481316996,916069748291.7339
Autres légumes frais n.a.c.,2019,4973.828986989349,26.763050930101148,5.131488323614077,78.53242562040339,0.6882597885017475,0.723488884368707,864371355891.2211
Ananas,2015,8004.022643883412,25.856851416327114,3.2756905743226583,75.42060736662565,0.5705038167059329,0.5945477539114724,674872477872.6843
"Racines et tubercules similaires à haute teneur en fécule ou en inuline, n.c.a., fraîches",2023,5176.5276677744505,26.587123388103056,4.681016023685362,78.51444757381788,0.6869877518713007,0.6906979350945676,1019665133405.6447
Autres fruits n.a.c.,2017,5817.0361843238,25.910042944272675,4.015655161307283,76.4831058803463,0.6438347569130863,0.6474456765773157,789974549033.7944
Ananas,2015,8015.069205797921,26.175644506670096,3.208403989307324,73.46649226153838,0.5646438082203874,0.5870982198365249,668823913723.6382
"Cacao, fèves",2018,977.1793566207435,25.361699019411382,4.453316565281277,78.85503694169202,0.686794125532023,0.694580585474687,828316293994.1636
Mils,2015,787.6451320027455,25.546360874068277,3.3176424117887637,72.41930672773735,0.585528121199424,0.5933704933584114,679995436383.0698
"Café, vert",2018,432.37512970421403,26.0510637466703,4.41219531885049,80.10726552971428,0.6803865156799638,0.6955564484411226,829424345311.859
"Manioc, frais",2023,3994.0538866696443,26.773513223565907,4.465570984631621,79.17768464899659,0.6848971162878864,0.6760394638351332,993068893514.5363
Arachides non décortiquées,2021,758.0699624450014,25.87171098865979,3.8401570073129703,78.2742938645554,0.6865055739695406,0.6943013189326913,896994659191.7303
Ceréales n.a.c.,2015,949.5425213045472,26.22776050782743,3.1648166625463374,70.58678170683473,0.5834020644284078,0.564946632563557,672344852841.6034
Noix d'acajou non décortiquées,2023,1516.9725263173123,26.926046672408887,4.570819021942796,80.5988103257829,0.6990275790692763,0.6802806939412944,993009929308.3024
"Piments forts et piments, secs (Capsicum spp., Pimenta spp.), crus",2023,405.94505009507355,26.04902647827508,4.43847978711468,77.42988611365017,0.6914796760386689,0.6785310036070916,1018872775756.009
Maïs,2020,1261.261937462112,25.959313600511035,5.061440403045557,77.4941338974092,0.7261550638804924,0.7536908889692111,850259983918.0883
Patates douces,2018,3618.709370432771,25.38949167819919,4.39211845395799,74.91354485966568,0.6631348490869154,0.6893455223291337,833812750134.2568
Oranges,2021,4537.9318167358515,26.05939032019801,4.036186530688081,78.06277161409727,0.6796845321239215,0.6944793727103946,885721988416.1663
"Manioc, frais",2022,4111.384784706107,24.694818791972352,5.083014376762385,77.5787972431984,0.6517843400609992,0.6592565012948638,932104110377.615
Fèves de soja,2023,993.8404741421188,26.26419518700956,4.4011229520931145,75.93000329980961,0.6714212362966664,0.7064822269602319,1001662532071.7849
Taro,2022,3334.6382114930216,25.717690178456387,4.746137357531085,75.3985596376689,0.6553114313828151,0.683301325167842,945893612478.042
Maïs,2016,1288.2240474096575,27.14296887375077,4.057482822314927,75.1839870935488,0.6093352381569347,0.6166427581731657,740899578095.292
Mils,2022,586.0607457574537,25.2508910573773,5.089944299826222,80.81156918497328,0.6893871024845054,0.660519735855694,935945233444.7903
Sésame,2022,328.8,25.620328767123286,4.94627397260274,77.37772602739726,0.6615068493150684,0.6768493150684932,940020690899.395
Choux,2023,11221.6,26.15476712328767,4.51827397260274,78.15893150684931,0.6806301369863014,0.694904109589041,998973479941.652
Oranges,2023,4656.43495661585,27.138916716820116,4.566739885868853,76.67363086920382,0.670063809001104,0.6966532192414033,1006850717305.3544
"Pois bambara, secs",2019,770.9324146017425,25.359324008959696,5.11284704859153,80.97966155260265,0.7042497840211942,0.7310599049488363,858497908045.7847
Tabacs bruts ou non fabriqués,2020,462.84771197595035,25.49440179324897,4.999332727200701,78.67103587367987,0.7317732019975492,0.7681315672509298,845261115909.3333
Maïs,2018,1262.500549986211,25.973656730214078,4.386457386887115,76.66444902181846,0.6827288935523859,0.6960122365709904,830206163833.273
Haricots secs,2021,528.0936822452913,25.318340346866933,3.8881602385780707,76.36146843488811,0.6596511878647806,0.6840319587721977,881785925225.587
Patates douces,2018,3889.31538223029,26.71548939902072,4.545474357524368,74.66386805559326,0.6781490741872442,0.6732494200261256,832108308164.1724
Graines de ricin,2017,78.13536823371489,25.8565435010189,4.01531125298174,77.2328828663305,0.630573552999275,0.6711808222722347,784625273734.535
Noix d'acajou non décortiquées,2015,1531.586898844752,26.19393883142319,3.1143743994395083,74.82128646668353,0.5799935970336498,0.5818590100242093,677222548193.0165
Tabacs bruts ou non fabriqués,2020,444.61075199093875,25.906107171594027,4.952949122168374,82.20346667698242,0.7110159685327905,0.7334578087813105,861641006862.8921
"Manioc, frais",2016,3897.683879815309,26.203195810787292,4.114465091212116,74.43532404753019,0.6351198772877784,0.642111726379742,737328521890.6416
"Pois chiches, secs",2022,754.0156754609504,26.374028699934197,4.89104541314674,77.87393176613737,0.6714345158561819,0.6763171292982088,944322500717.9952
Fèves de soja,2016,586.3505975538275,27.514555146321566,4.0772611738568,72.94619574200048,0.6414619752488642,0.6150005894618271,752821156107.8877
Riz,2016,1637.826683613249,25.526803643280115,4.279868852459016,71.33661927428393,0.6246382711078488,0.6084566387664817,727601620871.5961
"Huile, noix de palme",2023,8080.5379383647905,26.282859244183648,4.575879616655854,79.83459278242795,0.6646478947384624,0.7003912353240327,983223474892.7129
Ceréales n.a.c.,2016,823.4315873428377,26.940145842084522,4.1000983938401125,74.08727348722459,0.6168667803456004,0.5916734972677595,731482154964.2183
"Tomates, fraiches",2019,4271.307024171453,26.4340843354755,4.938195740553785,78.13082662341928,0.7297431076236413,0.7099227234935362,874289852497.8737
Arachides non décortiquées,2020,747.2743480181839,26.076671987646385,5.005470561884887,79.60843321383726,0.7382436045608516,0.7475364801181034,854517794481.9608
Ananas,2019,8003.887129171167,26.200827211919744,4.889575914854194,80.09493553836862,0.731428884910564,0.7475169156116709,859653367703.1764
Fèves de soja,2023,977.6800171399303,26.507767781774756,4.522069900398762,79.39689446817012,0.7001052627344625,0.6896288036597903,1015183811985.8945
"Noix de muscade, fleur de muscade, cardamomes, crues",2022,1082.3531025984207,26.405592142501426,5.109229728110334,75.20206796411533,0.6723696170778329,0.6683987750319987,955819545663.0787
Patates douces,2023,3666.658998932288,25.961814313142547,4.531638785536968,76.7691053966281,0.6950817823671238,0.686734670524912,995791485468.1918
Ananas,2022,7916.622278509532,24.942405419155097,5.073805888188494,78.3539209889325,0.6525342754371775,0.677034784266162,945100718354.6078
Choux,2022,11207.6,25.620328767123286,4.94627397260274,77.37772602739726,0.6615068493150684,0.6768493150684932,940020690899.395
Haricots secs,2021,542.4768886084951,25.84316558578215,3.9628803127611736,79.21214462364463,0.6463822700148592,0.7252767123287672,897915792187.1637
Sorgho,2020,859.9584031615177,25.55756710445824,5.084525902391313,77.91101685290771,0.707340551314279,0.7443215371356033,859836243035.7072
Sorgho,2018,908.0409042538705,26.217634109023233,4.446685456062697,76.2093347183513,0.6884684813420413,0.7056739231074934,819505414186.2773
"Huile, noix de palme",2018,8736.630751771327,25.33389227346633,4.432205804932391,79.71565824467075,0.6774363794724008,0.6897383750825797,819165905230.5181
Noix de karite,2018,4025.8665024408233,25.241737889348077,4.420437885621404,78.60055476446131,0.6938319942221352,0.6942478080930752,824044051879.5044
Sésame,2018,330.8553037728684,24.888391677847107,4.384429893068985,75.07203254393019,0.672513809289986,0.6862087393823747,827733484911.5789
Oranges,2017,4639.469644393039,26.10811783757219,4.10897722637917,79.11411673771914,0.6491699641779324,0.6446550568666398,773450688376.7852
Taro,2018,3155.8912897359974,25.62385837883508,4.6720740668276255,77.94391946917223,0.6903880255877707,0.675185506774458,833056170800.2493
Noix d'acajou non décortiquées,2018,1428.5521685763533,26.234476646471208,4.553003049721409,77.05607020186515,0.697935961747871,0.7117079038565922,829421024449.2202
"Cacao, fèves",2018,1015.8667091883299,25.30595199910315,4.526581083019243,77.29933119253572,0.6740609582307224,0.6858253722005402,817196196806.7494
Fonio,2018,853.7645453351703,25.931903512935584,4.46563874118862,78.20737741979588,0.6899374771885849,0.6636110141994621,818666454331.231
"Autres espèces cultivées stimulantes, à épices et aromatiques, n.c.a.",2019,1055.3743765955405,25.467205672554865,4.916131580906149,80.32186853275847,0.6911687250723277,0.7385608416715495,867739363560.3087
"Noix de muscade, fleur de muscade, cardamomes, crues",2022,1066.774618865666,24.84269441410024,4.758581584185024,75.85165695361431,0.6527761077258084,0.6954536258211018,937668904194.416
"Huile, noix de palme",2021,8319.526071226508,24.783041682818247,3.9220220270945987,77.48452844858005,0.670313872668167,0.6864791988567094,881896808483.7781
"Racines et tubercules similaires à haute teneur en fécule ou en inuline, n.c.a., fraîches",2020,5090.572158319092,25.42306669245186,5.021500275365093,80.23894168191408,0.7266186192799913,0.7265529554745207,844324331452.798
Autres fruits n.a.c.,2020,5677.918161703523,25.474813901853228,4.908382756165383,79.24743501900248,0.7548287190130689,0.7420893195151453,855562969344.9899
Ananas,2018,8033.594375521186,24.339130136986302,4.356774702885677,76.87227481215436,0.6667754814184264,0.6988854094507477,802716645785.771
Autres légumes frais n.a.c.,2018,5027.476972270321,25.684616604453524,4.460153175204474,74.19536438356164,0.6710279772110472,0.6841232256394277,824089130990.3744
"Autres espèces cultivées stimulantes, à épices et aromatiques, n.c.a.",2015,1070.1397711405352,26.13137921683666,3.1444471595809236,77.1073335015588,0.5872782756991868,0.5829579914517804,668980569925.3031
Noix d'acajou non décortiquées,2016,1395.992759228494,27.203377400813388,4.00052638698164,74.24636840590657,0.6120884711959182,0.5962268839051462,735330100042.6096
Choux,2020,11119.935132765359,26.015562153310274,4.767262146853896,77.86083876275829,0.7418808114351235,0.7303644427740915,851497134709.6338
"Huile, noix de palme",2017,8643.493556495869,25.704540008949568,3.9816406806896327,76.92560856242781,0.6505668556710587,0.6680258953678309,782671806143.7083
"Piments forts et piments, secs (Capsicum spp., Pimenta spp.), crus",2017,423.85916637460616,26.790156360122392,4.1044144675747205,77.13130523109304,0.6364976362509819,0.6603702216005969,786661214889.6515
"Racines et tubercules similaires à haute teneur en fécule ou en inuline, n.c.a., fraîches",2021,5320.334063499031,26.61249967560359,3.799018285996578,77.79089634867611,0.6894434346301556,0.7134564650266205,895148140534.181
Noix d'acajou non décortiquées,2023,1504.695455435802,25.913333863900217,4.617228417292714,77.64310996429433,0.6782216043193098,0.6912637777758401,983819741009.8691
Riz,2016,1669.1054832921325,26.139205760635207,4.176687084833949,75.09088103274316,0.5998236018376479,0.6302754912540827,729993147517.3
Ignames,2022,8966.35335276932,25.55115106521099,4.88293276977911,77.64979159301929,0.657057260726666,0.662387528461809,937918093173.3926
Ignames,2021,9300.700776566944,25.303390643188717,4.052909479050513,81.27966597407338,0.6876430916840935,0.6894373973323581,883867430634.7787
Ignames,2023,8753.999564010308,26.289027588716337,4.347763467952042,78.70041277810293,0.6839910213237265,0.713023003309629,1020534088888.5757
Graines de ricin,2016,76.58278104514393,25.992048424536073,4.039591425771968,72.01392040888318,0.6154716810691107,0.6332656867981348,720965687696.718
Haricots secs,2021,540.5,25.92775342465753,3.9432328767123286,79.31665753424657,0.6736164383561644,0.6907397260273973,892399651748.501
Sésame,2019,322.3165278991397,25.189882282174853,5.050074450137783,82.00612453072212,0.7291694485584137,0.7247930134592341,868319716505.0441
Noix de karite,2020,4107.623932927906,25.020691609514085,5.057698655907505,81.46541117615558,0.7118273692485335,0.7387004660354114,861917828746.5894
Maïs,2020,1183.0736961056332,25.166088902435632,5.12565693159491,80.39654599054161,0.730690168566044,0.7322024107726975,844297328427.1777
Autres fruits n.a.c.,2020,5333.957200730372,25.31735878871501,4.994098345052772,75.7076110668086,0.7002047510995426,0.7398865808532771,871983768496.073
"Pois chiches, secs",2015,736.2626406835916,26.364042539972083,3.280136445423632,71.92509951655248,0.5604558638767924,0.5861229890214463,679741268898.9993
Noix de karite,2021,4165.69675872821,25.99184247143232,3.877910719916551,77.14936463920073,0.6733533343977044,0.6809531551726887,895328461092.3986
"Racines et tubercules similaires à haute teneur en fécule ou en inuline, n.c.a., fraîches",2022,5121.2685729976865,26.108303508005378,4.892449522671187,77.99355026152175,0.6631348006439266,0.6707658345988342,935301900287.8475
Haricots secs,2021,526.0497029342753,25.834567719948158,3.944618113754392,80.20057253417966,0.6706890661988913,0.6912369707580892,878845392057.1063
Autres légumes frais n.a.c.,2020,4853.117415057993,25.57374847132357,5.067474116372686,80.26366423223394,0.7352727282055662,0.7247669294649989,838067771293.1265
Riz,2015,1698.214560647132,26.62519200577987,3.2337879801535987,72.05804156789752,0.5823118302218692,0.5857395149713103,677530291544.7395
Autres légumes frais n.a.c.,2020,4867.254529953375,26.39699783817706,5.017814069905231,81.298201679288,0.7266472686194202,0.7578702171533236,854065330966.6416
Sésame,2018,323.2555811310279,25.464078073561588,4.506469412504951,75.54920841145885,0.6998926667187904,0.710750037285181,822323661107.0198
Haricots secs,2015,480.39280813370937,26.421569029823576,3.2231941231210826,71.94798666286826,0.5945331489038335,0.5919441875101183,674210608871.5947
"Noix de muscade, fleur de muscade, cardamomes, crues",2021,1031.3109759415597,26.068988381847294,3.983422358278777,80.71198873913225,0.6810391764843639,0.6903574442979944,880451889635.8597
Arachides non décortiquées,2023,729.073041101747,25.889837410874588,4.5333247039737445,78.13970434952985,0.7066996575994129,0.6979974635415402,1013401696187.3319
Fonio,2023,877.2674266341464,27.252294144582088,4.668667257274441,78.470013648727,0.6608238149425135,0.6862796253921477,1016931005985.9882
Noix de coco,2019,3575.1134651155553,26.17775270907424,5.041540476575357,80.79254637664302,0.7360017424307154,0.7343781884334164,878549364852.1912
"Cacao, fèves",2017,998.0092963848905,25.76786701505993,4.205004280642537,78.97094346511038,0.6652164425259818,0.6393255205862676,791846203052.851
Taro,2023,3363.8633366733434,25.928051763525183,4.532475879208601,78.06916971577877,0.6691329578408272,0.6663647532477999,1001660050619.255
Bananes,2017,12410.005275719095,26.679756486515288,4.050850882673701,75.02619357467506,0.6401225125897079,0.6547514823454643,785213264560.7152
Haricots secs,2017,506.53988704524187,27.427331249853445,3.9868338121455467,75.08846761575738,0.6775602330295425,0.6749809129621157,774255274854.1389
"Racines et tubercules similaires à haute teneur en fécule ou en inuline, n.c.a., fraîches",2015,5301.081730504893,26.359203852521496,3.096793952938249,72.92604992502962,0.5937661765282549,0.5860605846511228,678306271861.1791
"Pois bambara, secs",2019,739.5953452484655,26.20963994803379,4.989208467523135,80.51747155892204,0.7240465515331634,0.7003379376411083,871777475270.836
"Racines et tubercules similaires à haute teneur en fécule ou en inuline, n.c.a., fraîches",2021,5321.049665079709,25.9743861882868,3.9207185701849143,78.86482977362938,0.6784755687964384,0.7006254727318307,913167390270.7853
"Pois bambara, secs",2019,789.8897240067139,25.912207011370604,5.131777050656611,78.45266620943109,0.7206856571119493,0.7303811605101175,857095385182.6053
Riz,2022,1713.3754402031213,25.628816454822342,4.791117012204901,76.23967284581965,0.6388416951367366,0.6796888422401595,951674832410.7924
Mils,2015,812.4412932266255,25.637575872208927,3.120884959889053,74.62777917634902,0.5758795954340117,0.5908569662643192,670496789415.6754
"Racines et tubercules similaires à haute teneur en fécule ou en inuline, n.c.a., fraîches",2023,5373.573516082482,26.197466347992457,4.654080359592011,78.10258696810706,0.679894232556257,0.689767375918257,1002025794604.1127
Noix de karite,2015,3823.197361128807,27.116430054240677,3.177228673223599,73.82139612030565,0.5793767163968552,0.5920875192588216,674528675743.3923
Patates douces,2022,3579.1389221325167,25.864513773408845,4.900373137801178,78.22629722458015,0.6775371981295996,0.6756479756464598,935010617248.1135
Noix d'acajou non décortiquées,2021,1538.8,25.92775342465753,3.9432328767123286,79.31665753424657,0.6736164383561644,0.6907397260273973,892399651748.501
Patates douces,2016,3341.9,26.5448087431694,4.076065573770491,73.88571038251365,0.6231967213114754,0.6228142076502732,733416000000.0
Ananas,2023,8106.553556395555,25.880122288447854,4.588235515025933,78.66492217382117,0.6830862356530906,0.6897598666420541,978896837057.9192
Ignames,2016,8925.9847830603,27.073204072911764,4.068456451307438,71.43389615129664,0.6276488777392373,0.6323453716926837,731195196827.9121
"Huile, noix de palme",2022,8234.8,25.620328767123286,4.94627397260274,77.37772602739726,0.6615068493150684,0.6768493150684932,940020690899.395
"Noix de muscade, fleur de muscade, cardamomes, crues",2015,944.6306903581971,26.04626003363544,3.1032524771675383,73.16715695531175,0.5531522460301505,0.5844373634933872,673034213968.7075
Sésame,2020,342.6222869803447,25.085914630120364,4.918026189668018,79.41337796913233,0.7140227312263745,0.756286927114137,870410156143.6361
Riz,2020,1608.8211414794205,25.316182519731456,4.9960802447400825,80.64746677268265,0.7215528062907358,0.7476274743270775,859214708298.6675
Sésame,2016,331.1603688074913,26.67901657217849,4.037078223334324,74.22114590535556,0.6213657728798231,0.6257388061705463,724267114578.392
"Coton en graine, non égrené",2015,741.8523105308889,26.29713466794483,3.109112954586404,74.63742441073514,0.5870188249377641,0.5964852390022973,681900913433.0701
"Huile, noix de palme",2015,8235.739231407624,25.449935596553836,3.1381031179333214,73.02734587595613,0.5721544762951668,0.5886796545607258,668961574780.5964
"Manioc, frais",2017,3771.617621715355,26.22916747605059,4.05834711664403,80.34746712328767,0.6609286116864977,0.669615666583256,784709774845.0684
"Coton en graine, non égrené",2016,857.7027797438273,26.36107301864061,4.243221295670586,74.32670613380131,0.6107240040003185,0.6238159723563712,739851653887.0625
"Coton en graine, non égrené",2015,746.2831056319667,26.441514700487566,3.07384318867074,73.38841181171593,0.5818002176435455,0.5917277853037741,676923579506.5471
"Huile, noix de palme",2023,8260.230162402017,25.56793845684655,4.461020066932219,79.23883813723812,0.6667272023698293,0.6889725901982852,1000325107702.7135
"Huile, noix de palme",2021,9114.380731694117,27.180005488057464,3.9488926571576908,81.29302686442254,0.6735052675011753,0.6877539533923674,898113351147.8586
"Pois chiches, secs",2020,716.320327855059,25.677435630748427,5.1956414431198965,79.31036521806158,0.7295433865989639,0.7634402807817264,855731656452.6006
Choux,2019,11509.461247074076,26.24053656921949,4.92320721468084,80.88671278029564,0.7148374000985913,0.7192762181740244,870195136272.8887
"Noix de muscade, fleur de muscade, cardamomes, crues",2021,1027.5422374922252,26.147247075113842,4.011930371989497,81.4545351260587,0.6650931256529715,0.6945019836380966,893135145636.0698
Oranges,2018,4438.686928337467,26.315418959382576,4.524816736713232,79.66210607797726,0.6755929221037882,0.6962486930088829,820787294959.1333
Noix d'acajou non décortiquées,2019,1454.6494671460816,25.303009088893084,4.972937343588657,79.14800781490399,0.7310813278265059,0.7463860210877341,866932540382.5626
Graines de ricin,2022,79.84216570948834,25.84857911801693,4.787003771171903,74.70266386223136,0.6532158630381557,0.6433536329594435,940498591863.8135
Noix de karite,2015,3831.5160536856547,26.247465235683034,3.1691558313968518,72.91260072146245,0.5773393730680163,0.5718467638989967,677513120658.2816
"Autres espèces cultivées stimulantes, à épices et aromatiques, n.c.a.",2021,1019.1972881547244,25.488780886956256,3.909545941834723,81.34952407270268,0.6847994016799367,0.6638632798231927,894992776211.6202
Arachides non décortiquées,2020,793.4781043400137,25.97187264021776,5.02233287052191,79.99155539411085,0.716854908273344,0.7393621484879277,851830326617.6075
"Café, vert",2019,470.25757090397724,25.444748423245183,4.953387754877166,82.43590237835504,0.7255590216157806,0.7170775495852741,869261480438.0524
Haricots secs,2022,549.0,25.620328767123286,4.94627397260274,77.37772602739726,0.6615068493150684,0.6768493150684932,940020690899.395
Sésame,2017,329.85074202743533,26.201419008699386,3.9810750818533673,77.61585936903165,0.629451648283999,0.65702646757554,789840962365.1057
"Pois chiches, secs",2019,758.5621349712954,27.071684077651692,5.089260704667531,77.79060677766876,0.7011198449301153,0.727491889522166,869909713967.3818
Bananes,2018,13663.83354669737,25.948038904730733,4.38865343480166,74.80078005723536,0.6897333715137954,0.7030790746553488,822018389231.7053
Ignames,2015,9062.9487702259,26.80911186976578,3.172618026583423,75.02423862730686,0.6062610346453875,0.5933912014981481,680979232936.0736
Autres légumes frais n.a.c.,2021,5502.354045947662,25.916214071521743,4.0325075549589116,80.79725735512078,0.6675716275370929,0.6873239669245671,883666369134.0686
Arachides non décortiquées,2021,772.0099174172313,26.383034600572746,3.9824053640646833,79.60888511049353,0.6559892591950931,0.6764410588615817,895000541567.05
Fèves de soja,2021,991.409361645391,25.927990306403778,4.098331376389302,78.06067870013723,0.6906992407356184,0.664771404039683,881093088748.331
Oranges,2021,4450.130192130855,25.059494139262156,3.7762652983406033,81.38220614466837,0.6743871117313748,0.6865843479745973,884848558663.1586
"Huile, noix de palme",2019,8503.305577199817,26.661105298826882,4.9432968896218386,80.73787260084612,0.7323825507240108,0.7311150633212102,857672954491.1805
Graines de ricin,2020,81.9362914364758,25.97795627348361,4.97997861991342,75.66377913721774,0.7138150162760434,0.7519332749279335,869805733222.8129
Autres légumes frais n.a.c.,2023,4984.161314977979,26.011855853334744,4.292360273972603,78.93475493375797,0.6865471240829374,0.6929195842457435,1003493077630.9598
Tabacs bruts ou non fabriqués,2021,451.4185314542276,25.1996272518702,3.824643968540922,78.9271805806069,0.685128586379617,0.6874920053554725,886853045902.7239
"Huile, noix de palme",2017,8685.6,26.162273972602737,4.066109589041096,76.52139726027397,0.6475342465753424,0.6606301369863014,783338000000.0
Riz,2015,1749.9290156892646,26.157273333956272,3.118627659365349,73.53162616516423,0.5803841857172262,0.5926046762031317,676231361107.034
Mils,2023,715.2314969144397,26.328204918031503,4.457227988831495,77.56581410069045,0.688430237703197,0.6836653935777016,1005123753264.6239
Sorgho,2020,937.8117638922358,24.84380297866702,4.855130671201266,80.38519562282234,0.7011335590433538,0.7528893114860892,848874668156.684
"Coton en graine, non égrené",2023,631.9409784160638,25.020380162790243,4.351395030491118,76.84348891664968,0.7022756595383731,0.6975797928994759,988683120249.0251
Fonio,2020,895.2265087328855,25.382508539633328,5.078714614460886,79.11569160241656,0.7075583017807552,0.7336977992039463,851784399341.2607
Noix d'acajou non décortiquées,2016,1408.830425692074,27.5181832140187,4.012993871081997,74.34295921404437,0.6155985397968669,0.6183680499742337,738793983347.1875
Haricots secs,2023,565.7,26.15476712328767,4.51827397260274,78.15893150684931,0.6806301369863014,0.694904109589041,998973479941.652
"Autres espèces cultivées stimulantes, à épices et aromatiques, n.c.a.",2022,1065.5875742470796,25.439859378665393,4.698960273972603,74.49840276704911,0.6593944073918415,0.6735898477682029,941138344963.4474
"Autres espèces cultivées stimulantes, à épices et aromatiques, n.c.a.",2021,1027.7,25.92775342465753,3.9432328767123286,79.31665753424657,0.6736164383561644,0.6907397260273973,892399651748.501
Sorgho,2018,816.7194666028687,26.000911399248317,4.530609769141634,78.77119543790897,0.6891579493540876,0.6782213099519043,822887107613.0708
"Huile, noix de palme",2023,8385.792818800142,26.63668943878466,4.486567047035103,75.91404231235812,0.6994629048568515,0.682888004913475,1021386998911.2233
Fonio,2018,842.3945507014646,25.796829111358797,4.492291812695545,79.8727459644014,0.7065690631675792,0.7041036111077756,819707487698.467
Tabacs bruts ou non fabriqués,2015,435.6297659466759,26.957186864455846,3.1088439736870055,74.57597341905291,0.5767407505410559,0.5867820437879034,673890643988.569
"Pois chiches, secs",2017,784.9390135555481,25.20777915259288,4.047977684004426,77.0252954721858,0.6638791054065952,0.653529062851604,789437170319.0287
"Racines et tubercules similaires à haute teneur en fécule ou en inuline, n.c.a., fraîches",2022,5280.708908484593,25.212197642386716,4.937739102113682,78.36442116460312,0.6686656784859552,0.6670106237440159,932236191165.1631
Arachides non décortiquées,2019,725.9737366640379,26.044457822993376,5.113045021877293,79.62064672793583,0.7182443653000243,0.7055464924194398,858288422469.0049
Ignames,2017,9054.523471386407,26.663671042624106,4.026480683680539,75.22923257346459,0.6299956934393393,0.6661210862288378,789395176625.4686
Noix de karite,2022,4340.2,25.620328767123286,4.94627397260274,77.37772602739726,0.6615068493150684,0.6768493150684932,940020690899.395
Graines de ricin,2021,79.2,25.92775342465753,3.9432328767123286,79.31665753424657,0.6736164383561644,0.6907397260273973,892399651748.501
"Tomates, fraiches",2016,4116.495145944432,27.04987601480302,3.954737566044908,73.41134638383997,0.6468776827727863,0.6252524679944801,735050370342.2751
Bananes,2019,13250.788058326381,26.702311539872202,4.988115645885444,77.66291423959345,0.7267382580665556,0.7601239036058518,858954686654.728
Noix d'acajou non décortiquées,2023,1480.3374983569984,27.462505479452055,4.6568593949575465,77.2501451904533,0.666534037001094,0.713565474771099,1002976013156.5393
Ananas,2015,7590.611112104068,25.38964669767548,3.142763716880683,72.8010371425763,0.5622042135025828,0.5926333186022422,686283719912.9349
Haricots secs,2019,542.791882660861,25.68271990450841,5.037861020895281,77.61030640049906,0.7052750622173488,0.7423541920455323,866396659121.0114
Graines de ricin,2021,79.82767179860296,26.364636791276638,3.9401245752912217,79.24760065812671,0.6624336437151715,0.6821102264012108,878282554082.7781
Arachides non décortiquées,2021,772.7806054140714,25.575196760226284,3.951717011318218,80.54579927107194,0.7008836835740826,0.6944924871028307,897677455926.1025
Sorgho,2019,871.8853169552525,25.776721135022683,5.143355425791488,78.3723849686322,0.7189473041577633,0.7326155398090407,868404248205.4517
Fèves de soja,2021,1035.0202027867317,26.664564904831053,3.886865044803698,80.82151966378626,0.659516659501602,0.6949670976099191,889883156676.7443
Noix de coco,2019,3841.504028894146,25.047887916587847,5.05195102094504,80.63326470497246,0.7296745964562343,0.7620149786772705,864761542704.1019
"Cacao, fèves",2018,1023.9557047966435,25.604155933563295,4.450370555047489,79.70009103979795,0.6576161888364708,0.7075113074372853,833681963902.5781
Sésame,2023,333.9151099394201,26.320301451055915,4.319907287353063,78.75604133296103,0.6664392660515674,0.7022004810488457,993583120870.482
"Manioc, frais",2018,3886.8897887166836,24.5578682301878,4.3516781422450155,78.34708553326898,0.6885971919559473,0.7045794311711898,822149898797.7336
"Pois bambara, secs",2016,776.1969149336927,26.5693645979042,4.084207073044374,72.671855573093,0.616061645974475,0.628430554024046,722007594768.1804
"Racines et tubercules similaires à haute teneur en fécule ou en inuline, n.c.a., fraîches",2021,5178.3815184233,25.63148096310103,3.8555255383482705,80.25406351243248,0.673141487213611,0.6892242280072466,892083432234.7712
Noix d'acajou non décortiquées,2017,1425.7187836724465,25.768069973596575,4.040645405814789,76.11928716559369,0.6673960352684026,0.6545241390718215,786960546563.8259
Autres fruits n.a.c.,2021,5762.867057664084,25.53437362035055,3.988598905935419,75.99119343225568,0.6645062824265288,0.6874941998904425,902743417425.5306
Noix d'acajou non décortiquées,2015,1534.6661246894673,26.109631185124265,3.169064067296134,74.30264874914288,0.5833872694170243,0.592869485480012,681954172615.288
Sorgho,2019,907.740764625093,26.198230908016377,4.952855890658285,76.63141138686574,0.7271093978128852,0.7407845322022346,875420120370.0253
Sorgho,2023,925.6580604284502,26.84593506788246,4.567396176566708,80.1101841044616,0.6834024748081178,0.6892342089562445,1004161974392.091
"Café, vert",2023,527.8391658236873,26.29255388168609,4.458029988446911,77.4197550203199,0.6692515472736038,0.6917738574188824,989128743158.0614
Sorgho,2015,849.005634990278,25.736870508278834,3.156746830096696,72.94281767633375,0.5900352906389424,0.5786052260481926,670378637719.2336
Autres légumes frais n.a.c.,2020,5161.555484894609,25.981293212959045,5.04310790457116,78.72300196491152,0.6939038687001978,0.7308071313801972,844499266828.6125
Noix de coco,2023,3744.6818169521925,25.323211048827428,4.3510399455128725,76.53815409508633,0.7034275037247673,0.6908067526383175,1005270138211.1569
"Autres espèces cultivées stimulantes, à épices et aromatiques, n.c.a.",2019,1021.7621457775085,25.111720696339148,5.05415775095546,78.01402193063517,0.7315628346088424,0.7461333612043357,863292781626.4159
Noix d'acajou non décortiquées,2020,1477.5396348245906,25.570018406062204,5.259868852459016,77.83472837664755,0.7238631525530766,0.7307873339081241,838873743993.3287
Noix d'acajou non décortiquées,2017,1459.5719457264659,27.213721857748464,4.048607158487584,77.43073249453036,0.6405561507069201,0.6365198955683138,791410463723.3595
"Coton en graine, non égrené",2016,899.5096741779712,26.63660851402527,4.128568208456821,73.21113222699769,0.599585030963144,0.637550177813793,728702359995.2142
Autres fruits n.a.c.,2017,5433.7877727223395,26.534625089230328,4.136623709374666,76.89054903252016,0.6459343578038562,0.6530883104797486,783264189357.4838
Mils,2021,603.5154639121752,25.730481492952986,3.8907306822406325,80.0385950993498,0.6745268037649531,0.6963499311331602,895164845665.9977
Oranges,2016,4680.501470022499,27.06138872398934,4.095402804656868,76.59363881852906,0.6299003338890229,0.6448183049412111,733372353011.0133
"Piments forts et piments, secs (Capsicum spp., Pimenta spp.), crus",2017,420.3813462279662,25.935199485983308,4.060616411483827,75.90495871879187,0.6544280366471643,0.6835098029525388,787797766101.3081
"Coton en graine, non égrené",2019,651.0329887838898,25.328413086112366,4.958574319995875,77.59004692291981,0.7308878030884136,0.7326701087393246,880538178526.9845
Patates douces,2023,3566.3,26.15476712328767,4.51827397260274,78.15893150684931,0.6806301369863014,0.694904109589041,998973479941.652
Sorgho,2018,854.2507420508628,26.15373502521275,4.303937712460845,79.84915855329606,0.6832385960275174,0.6858638809324015,819703757524.0009
Oranges,2019,4619.2,25.842027397260274,5.005041095890411,79.60054794520548,0.7189589041095891,0.731013698630137,864816063151.685
Choux,2019,11436.690050619813,26.533288186427615,5.085169871646787,77.76752025818195,0.7126450528611525,0.7233371559300396,861905108221.0725
Patates douces,2018,3715.9733815291015,25.634879491780136,4.475669839702375,78.19247937777448,0.6880862849527916,0.6806418055572343,807930869194.5907
Choux,2019,11166.060880139896,26.06719065605849,4.965922978222374,76.2817223366861,0.7267014562381715,0.7336628681354956,863184952634.2306
Taro,2020,3114.8490274636883,25.197364807548897,4.932830392168949,78.162911524336,0.6923338695523363,0.7719212351679311,865816716821.2014
Riz,2022,1657.7069847457776,25.465924298869762,4.819024320466501,79.37953047815991,0.6624554245173251,0.6699872261631697,954303278104.7715
"Noix de muscade, fleur de muscade, cardamomes, crues",2022,1089.7119145696506,25.307542805499676,5.099946411633454,79.09414422674121,0.6526539046361256,0.6617666415831103,938900489708.4976
Noix de coco,2018,3699.1880508130166,24.747657302958466,4.474132939618772,79.11587274672,0.6461014177304106,0.7087050198905607,817279873738.8914
"Racines et tubercules similaires à haute teneur en fécule ou en inuline, n.c.a., fraîches",2023,4970.493883892491,26.26085924297462,4.557004007683547,78.25039196986025,0.6919964107974039,0.6766274731180791,988332114448.9342
Graines de ricin,2022,82.37175877090303,25.208131769336262,4.820653788877576,77.16525051625668,0.6699597740738062,0.6766498823354947,926909770499.0963
"Tomates, fraiches",2015,4199.339423833914,26.01116697502544,3.1413119605417448,75.25173314113842,0.5661667711356817,0.6140406450289639,689878218499.612
"Huile, noix de palme",2020,8766.311062968844,25.46012214138461,4.930154470488389,82.90429918032787,0.7146034968499329,0.7232506215664664,869189293294.6534
Ananas,2023,8180.982245871318,26.526095703613713,4.572197330639862,76.2376367070118,0.6830720567249843,0.7175567512818385,1023294476449.8578
"Cacao, fèves",2019,1053.1,25.842027397260274,5.005041095890411,79.60054794520548,0.7189589041095891,0.731013698630137,864816063151.685
Bananes,2021,13123.913376025494,25.56334375781479,3.9402903517496264,79.93499263679686,0.6867286410037575,0.6848985247133663,883363491790.0939
Sorgho,2022,929.0068416330104,25.81193304192103,4.958848123263422,80.07679368692267,0.6798960617616755,0.6687504682006548,951879855713.9745
Fèves de soja,2018,764.7240163050454,24.632757780125807,4.387819865963579,78.05700347741899,0.684754803874374,0.6761418673774063,816804178122.7611
Choux,2016,11365.618956544344,25.875367275352033,4.068159008731371,70.6062714861575,0.6287430397918696,0.6151044369820854,745517587048.4323
Autres fruits n.a.c.,2019,6025.358768218719,26.033021262088436,4.946557470811243,78.47417835283974,0.7176004292575556,0.7329707121217661,854601112129.5929
Riz,2021,1716.109613775159,25.542444530035016,3.85389194460588,77.12073948099079,0.6757259659277479,0.6927031319641531,887151253453.4729
Haricots secs,2022,533.7887035197406,26.3058814195159,4.800762943782324,76.76939116090664,0.6551296322393014,0.6720391545383126,948965373428.9751
Noix de karite,2018,4198.0,25.62013698630137,4.461972602739726,78.10038356164384,0.6793150684931507,0.6943835616438356,819305083628.113
Haricots secs,2020,515.0797035834892,25.932173318654122,4.9475366623328965,77.21495567726964,0.726686428255574,0.7266724306974799,855396596524.745
"Coton en graine, non égrené",2018,776.8589757927483,24.355283922940973,4.486874109000216,77.32836185172198,0.6876532590381137,0.7077951243229934,819898047678.0593
"Cacao, fèves",2016,942.4309552627827,26.569762853568445,4.087275420304466,73.58635290701375,0.6348437962544458,0.619440549339956,728732927351.1573
Autres fruits n.a.c.,2016,6075.911132473253,26.650466460437418,4.194603649094149,72.59882802880577,0.6133768445141484,0.6118480626996943,726371967102.8397
Tabacs bruts ou non fabriqués,2019,449.4712016579166,25.70378795473517,5.027793544858447,76.29334873815897,0.7154119440006885,0.7233094241487025,861698733266.0824
"Piments forts et piments, secs (Capsicum spp., Pimenta spp.), crus",2021,436.5109340672291,26.16119274449888,3.957523698902026,79.7945527460421,0.6868858085627824,0.685126563049551,895241486743.8405
Tabacs bruts ou non fabriqués,2017,448.0523245793004,24.99871696447496,3.98504991378794,78.6810926202607,0.6433949411028138,0.683142696094102,789424976969.8575
Riz,2020,1689.8533691399516,25.102599116919237,4.83814464543777,79.00134778429005,0.740352391996755,0.7309243478558005,844133219293.2778
Patates douces,2019,3669.666251692499,25.713301466889774,4.90825462629258,78.46093341905765,0.7112436506398039,0.7170356726443446,873691271862.5446
"Racines et tubercules similaires à haute teneur en fécule ou en inuline, n.c.a., fraîches",2021,5134.648371318804,26.737853574355956,4.008288660925316,78.68564664351247,0.6799644880217077,0.665820481922431,892689405426.5309
"Piments forts et piments, secs (Capsicum spp., Pimenta spp.), crus",2015,396.0708224928115,26.22685683884965,3.2396486969942093,73.69351605539967,0.5938176040160472,0.6010403659196459,672459342654.2385
Autres légumes frais n.a.c.,2023,5060.013851196533,25.79182098367861,4.371153936408886,79.3986537556846,0.6626032957344338,0.67800568040966,992334709019.7461
Riz,2015,1698.6910911045954,26.47038918071881,3.2520230694197965,74.42117941142999,0.5713623369120451,0.5825175806961649,684942585048.8068
Ignames,2018,9200.507531558826,24.574841027312583,4.548168342387036,78.13976159456165,0.7025462846152216,0.6956672927379761,813663263758.2343
Noix de coco,2017,3862.2697405869185,25.955110623788265,4.052511335310786,76.3464473724272,0.6434668867823355,0.6569546709455655,786910293140.0554
Graines de ricin,2020,82.78359004136536,25.79388018225756,4.9209220641990825,77.6929563542214,0.7273340266980217,0.719004270969814,856151806361.8768
Patates douces,2016,3366.0119432589845,26.36037847573667,4.095195643316203,74.56333403593257,0.6164357454267282,0.6333083617847762,730286208643.8724
Noix de karite,2022,4275.840161940034,25.33864707923575,4.971425606259452,77.92994199287251,0.6676834310166708,0.690407332129637,936040159708.901
Graines de ricin,2021,79.5589023913709,26.082965046577552,3.9912114110275763,81.63464941419313,0.6683190752907698,0.6899884765911162,887134252813.2128
Ceréales n.a.c.,2015,966.2013128934495,26.830864688912097,3.1919708879948625,73.44660946847023,0.5809438440765571,0.5951517689572684,669608387212.8348
Choux,2023,11234.181467301347,26.077053591057087,4.433386956094179,78.21651224712592,0.6807779912602763,0.6854946942056707,1010679312662.1307
Riz,2023,1902.3013483656637,25.580036815116,4.520433575541807,80.52161190812865,0.6638834130606995,0.6952658780091062,1009576048951.8535
Autres fruits n.a.c.,2019,5681.090806855409,26.17112938077341,4.955471085292659,79.59222018724495,0.7154350946265969,0.7465558231870238,865456311707.5087
Fonio,2021,858.6,25.92775342465753,3.9432328767123286,79.31665753424657,0.6736164383561644,0.6907397260273973,892399651748.501
Autres fruits n.a.c.,2019,5890.735277843779,25.011270303772477,5.137843720299946,81.64182559216287,0.7279525956592873,0.7372155146837042,878839336105.5535
Sorgho,2021,881.6964246152135,26.708599742310934,3.9868431834301052,79.89916782625785,0.6466462770627461,0.6824895242496353,891810253838.9375
Graines de ricin,2023,79.1,26.15476712328767,4.51827397260274,78.15893150684931,0.6806301369863014,0.694904109589041,998973479941.652
"Coton en graine, non égrené",2018,817.4694047129566,26.3783233339642,4.59349688732928,75.77742329114419,0.6669021283125769,0.6906505759852485,816395200077.3783
"Piments forts et piments, secs (Capsicum spp., Pimenta spp.), crus",2022,410.1773415052463,24.674875282048863,4.996015651167195,75.16738330308367,0.6434874388046642,0.6824001424620391,934768827829.2821
Maïs,2020,1285.900475882872,24.59486404154803,4.969896543908051,79.36823959924308,0.7431283753420199,0.7421353980176381,871564902738.6094
"Noix de muscade, fleur de muscade, cardamomes, crues",2019,1086.4001495089296,24.6922199424742,5.04211882408153,80.1599279404145,0.7178602813066747,0.7191937084063035,872819123190.2644
Fèves de soja,2019,798.2367542078109,25.1647490207862,4.92378636820402,77.9993173505856,0.7189226186044988,0.7195519343794952,866637596098.541
Choux,2017,10827.246365286612,26.45851517725607,3.9676895280909332,76.05523073838816,0.6412012213043419,0.6460851732482586,784431409053.084
Mils,2020,608.2758043241,25.38295555208704,5.019556552422369,77.8717858488517,0.7199877698804178,0.7475300384340581,850884076738.8849
Noix de coco,2022,3411.929591773631,25.865845073163023,5.063010649053867,74.57671775927375,0.6366266620947019,0.6612542602656486,922127262470.8501
Choux,2015,10867.956515174828,25.766049666281084,3.2984553003063355,73.60848340611736,0.5830430438393381,0.6068958393995035,673374202131.0696
Fèves de soja,2019,764.7910295520718,26.167433621285024,4.98898622898612,75.6205205479452,0.7130471828065928,0.7282737203693168,874923672223.5314
"Noix de muscade, fleur de muscade, cardamomes, crues",2023,1096.0951495348995,27.004860007872608,4.5108118907388794,77.91063862561344,0.693199850810475,0.6861757003862686,995628460340.1979
Oranges,2015,4568.036962114527,25.762112011585106,3.2256250436221348,73.706247509154,0.5718290403792271,0.5956933419200714,676834759181.3954
"Manioc, frais",2020,3963.9397231045327,25.31883349207684,5.042505518633237,81.54800926270113,0.7476082340658328,0.7248356559291168,866022215942.6627
"Cacao, fèves",2020,1130.3673120850178,25.594643588910397,4.862066747208226,78.40820777594278,0.7373521004481218,0.7424482784921194,852069994345.8495
Sésame,2015,303.080433346303,26.259764961328333,3.0823879477444924,74.81727571075531,0.5895140303841887,0.5784868161799179,677900398746.6444
Bananes,2015,12528.787925225066,25.864758902827525,3.100114033625331,73.88376196234272,0.6040883457518883,0.5773172206768467,685912836688.4722
Ceréales n.a.c.,2015,957.3315087703262,26.031636721649775,3.31111488610064,74.33280351054947,0.5748724860626584,0.5899163685552715,680268017230.7317
"Noix de muscade, fleur de muscade, cardamomes, crues",2022,1062.074154821829,25.701285382244386,5.1734087176627765,77.79478304871328,0.6651953328703096,0.7106917808219179,953823605997.8218
Noix de coco,2021,3560.923209826533,25.936391863218553,3.9935907765238343,80.44064383703693,0.6753886906884652,0.6889216267844503,895846665336.0824
"Huile, noix de palme",2023,8430.491576930024,25.9735057390348,4.467525314808631,77.08177941775867,0.6662375960975375,0.6694735763978217,1006598546870.0479
"Café, vert",2018,453.92498173120356,25.23273411789325,4.370212741348817,76.98214721088016,0.6835565350261197,0.6901862487774808,827723372581.4377
Mils,2016,646.9584158739663,25.495508119786344,4.1316659611861315,73.67128748922623,0.6363501682357666,0.636260979215005,744236849565.7961
Ceréales n.a.c.,2015,921.2686378936368,25.511494857797647,3.2553691059773637,73.01112493573376,0.5669294223335046,0.597515762478809,667104769587.923
"Noix de muscade, fleur de muscade, cardamomes, crues",2018,1007.5227728722358,25.58138121115487,4.458207172490725,80.74362387816831,0.6998047923327815,0.6935568276422669,809058457539.3431
"Piments forts et piments, secs (Capsicum spp., Pimenta spp.), crus",2017,401.8550665465849,25.594967021726205,4.144992767341979,76.20497022494511,0.6555892254248515,0.6431255887153114,793972693615.4199
Noix de coco,2018,3795.4268746206353,26.054004054105764,4.484856367063161,76.68231490215942,0.6795600088498127,0.6977155971524063,816948715144.173
Sorgho,2016,790.1015828084564,26.441105611578006,4.094633091545741,76.64068874721423,0.6420331226421034,0.6504517342249796,736019222574.8625
Noix de karite,2022,4396.095714482318,25.331391606460215,4.964960475105958,74.82287889358304,0.6764218995157127,0.670100857652446,939164220440.5856
Ananas,2023,8187.611319199576,25.630562330501174,4.440766152162509,78.52782803589079,0.6985410438232015,0.6845140675695325,1011031028436.7625
Patates douces,2022,3669.64081869691,25.81998183821721,4.937288102316552,77.47340696533344,0.6692222899319336,0.6875578170185,933047171048.356
Noix d'acajou non décortiquées,2017,1503.6406602103268,25.240468425666126,4.004709855820533,78.2443866744966,0.6591989753655855,0.6619582540164481,792880881436.6383
Autres légumes frais n.a.c.,2023,5290.481308774135,25.716473230251985,4.513094683655478,75.32197759646468,0.6713628770340081,0.6789753671608046,1012717824913.7867
Graines de ricin,2020,80.94376801916465,25.848857682887477,5.1084618523593175,77.41135185928428,0.7555311057402633,0.7452242187171796,871057870800.1377
"Manioc, frais",2018,3788.1688831654646,24.90407272605513,4.464100841664538,77.15519672664341,0.6802204029088329,0.7080760749869709,816664967181.1793
Sésame,2017,336.7845604586754,26.477939583619847,4.017845939741025,77.44733279488375,0.623499732319394,0.647753543960246,780914138693.7623
"Racines et tubercules similaires à haute teneur en fécule ou en inuline, n.c.a., fraîches",2023,5155.829561853181,26.73948159324738,4.649125826782841,81.68188618785877,0.6976176574451919,0.6926911176568813,989776301142.7993
"Autres espèces cultivées stimulantes, à épices et aromatiques, n.c.a.",2021,1022.6369314955409,25.934942209245644,4.117526235252967,79.73321061706173,0.6550342864384601,0.6856533424209906,881705295982.6538
"Tomates, fraiches",2018,4243.8,25.62013698630137,4.461972602739726,78.10038356164384,0.6793150684931507,0.6943835616438356,819305083628.113
Sorgho,2016,889.9756906193633,27.181074049757555,4.137104091366403,73.44132096379704,0.6395059981479791,0.642392185552808,731128252589.9233
"Coton en graine, non égrené",2017,699.7858435401887,26.132466926651833,4.117520831703481,77.52611449458897,0.636802984243591,0.6573681390661685,790306759216.7561
Sorgho,2023,947.7650982665903,24.847028767123284,4.629419789928706,79.46666113712412,0.6750017433985692,0.6881999566568576,998450700554.9884
Autres légumes frais n.a.c.,2016,5047.017635041066,27.29378186611155,4.072725629375209,73.04230728661169,0.6374626720669546,0.6406946177663246,742253645895.771
"Pois chiches, secs",2019,756.0,25.842027397260274,5.005041095890411,79.60054794520548,0.7189589041095891,0.731013698630137,864816063151.685
Noix de coco,2017,4071.960393372927,26.541012632212276,3.897417623530118,75.24784926906061,0.6560090026239895,0.663948004588152,772753805694.0929
Maïs,2016,1239.899735980988,27.6092087244802,4.208596417312899,74.70609174337483,0.6244094812897952,0.6120220064319573,728514174803.564
"Pois bambara, secs",2016,722.2071503194516,26.613268627476646,4.089684489944522,73.29912929615091,0.6242933158707521,0.6082409226060053,736898684832.8789
Oranges,2023,4636.7,26.15476712328767,4.51827397260274,78.15893150684931,0.6806301369863014,0.694904109589041,998973479941.652
"Pois bambara, secs",2021,816.5081192851804,25.860108719402145,3.865315235485317,82.87986397342509,0.6852584354958318,0.7080839344478179,892673208096.5117
"Racines et tubercules similaires à haute teneur en fécule ou en inuline, n.c.a., fraîches",2021,4801.47770528467,26.266572051904276,4.02947594490381,81.36373068681233,0.6760356980102452,0.6917797444467376,887333568362.7869
Tabacs bruts ou non fabriqués,2016,452.9220080660589,27.345274256734125,4.082275948340363,74.94868968251667,0.5974564632629553,0.6155531983583675,725691333423.3096
"Huile, noix de palme",2022,8453.31135868508,25.621696654493437,4.770644873926703,80.72466281672925,0.6788160879070873,0.6814446525406241,955272074151.8065
Fèves de soja,2021,1037.8372559806403,25.422786993781493,3.825373883434437,80.9520460027388,0.6522413904101207,0.7014890203838813,897516658646.0656
"Racines et tubercules similaires à haute teneur en fécule ou en inuline, n.c.a., fraîches",2017,5330.47891397717,26.632253251956865,4.171171148843337,77.53975253560311,0.6660845114589642,0.6700305944070143,778247432815.241
"Café, vert",2022,579.5579171949341,26.383969229867798,5.032801850037701,76.29223342143258,0.6714091764464865,0.6604616567735455,943703129178.8704
Noix d'acajou non décortiquées,2018,1451.8980279842035,26.16843564537987,4.402259023578246,78.46214903925042,0.6682237597353787,0.6909990179108908,822364488950.8202
Noix de coco,2020,3767.9748212988125,25.357557036420175,5.09663239318861,79.2975944064313,0.7348630763918276,0.724247365071246,848792198433.154
"Manioc, frais",2018,4019.117441914634,26.054481479934466,4.574969374012978,77.74569350026607,0.6726960372570323,0.7118358878011758,808787101491.7999
Patates douces,2015,3696.948247733692,26.12113952636008,3.234732520106435,74.83757309509575,0.5884754513914413,0.5685985830899614,663106470280.6476
Autres légumes frais n.a.c.,2021,5207.682732046069,25.91667374166103,3.9190420995038378,79.51908383863741,0.6410132897887746,0.6870587012984426,892606052649.1929
Noix d'acajou non décortiquées,2019,1455.9301660157846,24.56667552598721,4.954340753011132,79.50531315074926,0.7142767791462536,0.7223876626854752,859020591891.2134
Oranges,2017,4618.270380059127,26.671043588439254,4.096828825940426,74.25944820646347,0.6389343229238785,0.6472856418917217,786931214014.0531
Bananes,2015,12739.982251392577,26.272513168349075,3.1852930825308894,74.7155113505666,0.5794191968756001,0.5819745115487264,681950323435.2777
"Autres espèces cultivées stimulantes, à épices et aromatiques, n.c.a.",2022,1002.575041977324,25.576248808067042,5.031334066484262,79.38832484386425,0.6727706444838325,0.6725909134088174,939604368626.9315
Noix de karite,2022,4375.8908187455545,25.16791363746149,5.054551639650977,79.50927620928739,0.6516183916116405,0.6776047409372947,933566186960.6678
Fèves de soja,2017,704.843824624541,25.880029602181814,4.187396960868643,74.9518981724291,0.6432512516768505,0.6693580118155438,790582902991.4524
Bananes,2021,13041.991475162264,26.20844720828211,4.005428829356639,81.91093225827251,0.663159497326494,0.6900273693463551,898445783349.0748
"Noix de muscade, fleur de muscade, cardamomes, crues",2021,996.2829914278341,24.848428660249322,3.8575330999509805,80.49722708552633,0.6734913877639834,0.6889928944089838,880555489910.7666
"Pois chiches, secs",2020,783.6491955471948,25.369080814493326,5.058692211371988,81.25199959500816,0.745917425243185,0.7654207837514774,861535340487.0598
Autres légumes frais n.a.c.,2017,5280.798730784981,25.935640525809884,4.102591432577664,75.39336100021069,0.6531106829590175,0.6668900103802597,782231586716.7238
Ananas,2022,7889.6316993239425,24.511214724575478,4.934665871093732,76.68925793485955,0.6675669777626019,0.6899142057385288,939349152788.9893
"Autres espèces cultivées stimulantes, à épices et aromatiques, n.c.a.",2023,1045.8364077102897,25.3704085489201,4.647455447304819,78.80654544729549,0.702804103960316,0.6865563076102752,1020705474091.9194
Noix de karite,2017,4073.9997353985505,26.445018326676603,4.067825974185754,74.19133987875837,0.6520257163650138,0.6562254435627495,792142711725.6965
Fonio,2017,620.0258229285287,25.943669168193583,4.134444694919929,74.70611788877399,0.6429457534089663,0.6506491311424132,786245783040.2268
"Tomates, fraiches",2020,4174.063947667366,25.264734843981653,5.003140327118894,77.83551667192123,0.7283269316259897,0.7408280183145847,859821902582.7107
Riz,2015,1748.7308586542733,26.13393092057037,3.295479442501506,74.68223355268391,0.5643010450385626,0.5840497714831173,672262647203.2212
Noix de coco,2016,3656.5,26.5448087431694,4.076065573770491,73.88571038251365,0.6231967213114754,0.6228142076502732,733416000000.0
Tabacs bruts ou non fabriqués,2021,441.82627469086594,26.854197335599896,3.9499557438955706,77.68877210413952,0.666897183883405,0.6987318007729619,888374480412.7184
"Huile, noix de palme",2019,8437.485179339765,27.13412876712329,5.125780718311947,80.23772320147889,0.7359173590778961,0.7406241146974798,852947853427.8971
Bananes,2017,13072.466167735243,24.8541602739726,4.215286922273823,76.5667694351467,0.6677744356850083,0.6454632161921504,780083095501.0441
"Manioc, frais",2021,4022.3681727175076,25.064735067155485,3.899113915595452,80.37834795182924,0.6766356038067736,0.6995146889318188,895754565028.1754
"Pois chiches, secs",2020,757.6861526346426,24.458584213943208,5.092520867437909,80.2292452949969,0.763372950819672,0.7328428713563541,855574283185.9622
Oranges,2018,4540.089875244339,25.998997779214523,4.3791555217966005,79.23588756292314,0.6984240218089707,0.6987813791929677,810898354645.7717
"Racines et tubercules similaires à haute teneur en fécule ou en inuline, n.c.a., fraîches",2019,5407.764916951865,25.60419127933635,5.095853497250129,78.97236004204923,0.7268029910908695,0.7508018286614789,866965238136.9973
Maïs,2023,1252.9228867628754,26.345515556422363,4.391112429942904,76.08388633267238,0.709067706870689,0.6875996754947612,995356379658.7142
Sésame,2018,315.499196884211,25.73689836010912,4.453882670244025,79.85297479612137,0.6812812691650952,0.6820535588074722,822375653008.6749
"Café, vert",2018,466.72431872457224,26.19315425658051,4.4749917505632455,77.26069500951122,0.6692873169258293,0.7099194608785606,820232512750.1426
"Pois chiches, secs",2016,751.7301699555709,26.900939279331748,4.007462578547452,74.03338670819195,0.6207092852856342,0.6272933633793178,737510439269.8558
Patates douces,2017,3588.254133338732,26.46602761881859,4.0770636438057695,77.36804086301323,0.6614410002971105,0.6732474556524218,778027395006.1049
Noix d'acajou non décortiquées,2015,1563.8311754075942,26.328549169499173,3.1549774302232736,71.13420552642243,0.5989647122566726,0.6039352746771897,695340322029.4987
"Pois chiches, secs",2022,763.5,25.620328767123286,4.94627397260274,77.37772602739726,0.6615068493150684,0.6768493150684932,940020690899.395
Fèves de soja,2021,1020.7,25.92775342465753,3.9432328767123286,79.31665753424657,0.6736164383561644,0.6907397260273973,892399651748.501
Maïs,2022,1287.1677858450475,25.93791827198533,4.914052614024859,76.30786619583266,0.6456395104190829,0.667425431857042,953291788633.0052
"Pois bambara, secs",2015,840.4175443924279,24.993182008596573,3.1523597497410356,72.26889926516489,0.5564260740643276,0.5844989070441564,677990949653.6818
Tabacs bruts ou non fabriqués,2019,437.8934621641205,25.798365032061717,4.848420030269725,77.13826999954236,0.7380248269217087,0.7396498807772149,849892313904.7208
Fonio,2021,827.6610825322975,26.175518544874976,3.922533008857989,80.2735871381068,0.6733558604517766,0.6870187679300648,913006161429.5874
Bananes,2023,14668.893146302584,25.889170982378538,4.4148993584150675,74.96847296317968,0.66601872481639,0.6970298857497526,1003404091611.5818
Patates douces,2020,3731.043816610715,26.11715927417893,4.946473174538527,77.69017972739418,0.7238965999703487,0.7581020719594248,870960189834.6903
"Cacao, fèves",2016,981.6513474200893,25.997571401801846,4.1672366922928115,75.02394539888964,0.6120044470191875,0.6009368304886026,734815574603.8147
Sorgho,2023,923.1,26.15476712328767,4.51827397260274,78.15893150684931,0.6806301369863014,0.694904109589041,998973479941.652
"Autres espèces cultivées stimulantes, à épices et aromatiques, n.c.a.",2017,1014.708222986362,25.553866964923596,4.0982485576452286,77.15320440736716,0.6450934939301108,0.6489564449473034,786293280980.8777
Noix d'acajou non décortiquées,2021,1516.9063029603058,26.188117942530837,3.849148107619773,79.56422801828057,0.6788181347733208,0.6923033629059429,881212364432.6714
Noix de karite,2018,4187.869038241609,25.536991814897743,4.417192605532034,79.22242643210899,0.6695971966810761,0.6957155391439799,819799230362.0243
Tabacs bruts ou non fabriqués,2015,455.16442413889644,27.482412328767126,3.2275854128523633,73.10612786221132,0.5752376535664206,0.5868056500890826,685646590477.078
"Coton en graine, non égrené",2016,828.8937858095817,26.908100281578115,4.0636177707319066,72.80519233587017,0.6034218685079481,0.631247268845727,739107564798.0571
"Café, vert",2015,349.6832667542046,27.111311983874366,3.1249712943404697,73.16447803439549,0.5814226130332607,0.5813731700646406,687705524596.5835
Noix d'acajou non décortiquées,2020,1504.0,25.55327868852459,5.009398907103825,78.95647540983606,0.7270218579234972,0.7411475409836066,856967581267.048
Fonio,2017,611.758907328958,25.881867124705416,3.9780406094815555,74.53409084400525,0.6291402073035788,0.6683951637324332,797348460658.5592
"Manioc, frais",2017,3922.6228827024133,25.838984264002725,4.147441156205635,73.3058496234964,0.6578470957716483,0.6765960469631321,778402056312.4065
"Piments forts et piments, secs (Capsicum spp., Pimenta spp.), crus",2023,434.117894407141,25.97896991909718,4.537729167702906,78.89971266905444,0.696705434371972,0.6933343142131811,998199272043.4277
"Noix de muscade, fleur de muscade, cardamomes, crues",2020,1064.978665750719,25.73491703167328,4.858201699291556,80.08227142935213,0.735210402964162,0.7623486632382996,859686749046.0548
Tabacs bruts ou non fabriqués,2018,441.7293669631199,26.502607214752654,4.2900936443299535,77.2513141546417,0.6697056620894984,0.7240038553685532,812329519518.1444
"Huile, noix de palme",2018,8383.004526704819,25.665774174769485,4.514258946165491,76.77018247894856,0.6578107534642347,0.6765962388666893,819938891541.8829
Sésame,2023,324.9527531687438,25.981821809029928,4.619159045309324,76.98479965841489,0.7023849318026455,0.7149914695716799,1007684173505.0409
"Tomates, fraiches",2016,4659.913177750509,26.712543416810203,3.9194000790102463,75.61158094126297,0.6467914822284621,0.6336814083149597,728964429214.8534
Fonio,2018,879.0955671982807,25.353564167910143,4.5014575501447895,77.82241120498016,0.6783909565413155,0.7028425576136335,823940156175.5131
Tabacs bruts ou non fabriqués,2017,451.140096774237,26.2094284442053,3.9638579245879506,74.98566746279597,0.6291724697047737,0.6723064003455641,778982150247.8632
"Manioc, frais",2016,3802.826237682337,25.973711508443234,4.0609155695407955,75.10028800438548,0.6077343739836849,0.6366037277035539,733554564684.1367
Ignames,2021,8892.066443644022,26.037861779657838,3.997698928158548,77.68786250428823,0.6693506514670203,0.7085903347153472,901569064926.2034
Noix de coco,2019,3821.870785987507,26.06787634314314,5.0555198989455485,78.02081903530294,0.7346203886430566,0.7451053701611298,862888320642.2808
Taro,2016,2711.4581022262537,26.511762565413797,4.119581775529671,75.60958523566106,0.6209794988485803,0.6281214431575369,741213262485.7731
Noix de karite,2017,3813.269153407831,26.046207924601333,4.132882393333085,75.93396837247387,0.6345033260458333,0.6684756728955048,783380138360.6635
"Huile, noix de palme",2022,7830.835344138503,25.581609003895686,4.879660866176747,78.84250311898286,0.6498951914286828,0.6983319988437515,940469281064.8424
Noix de karite,2020,4078.8779545492325,25.976631123990597,4.837782239369071,79.64510265552535,0.7515005158315775,0.7290314598718765,852190128070.0547
Taro,2015,2538.485083779699,26.17592722978453,3.2697963911121333,73.69657178705579,0.59106019263927,0.5924417009800323,673885756357.2428
"Racines et tubercules similaires à haute teneur en fécule ou en inuline, n.c.a., fraîches",2015,5257.097887480411,26.296119518676935,3.2130205474064257,71.64513550694231,0.5534380409781183,0.5867396307387827,677493859517.5662
Oranges,2017,4812.834876732728,26.48101833571365,4.0635058325002165,76.86130477228251,0.6473008510287445,0.6606939700190871,785186213756.7998
Noix d'acajou non décortiquées,2015,1477.3021524658373,25.927656667733324,3.1600657696345134,70.4998372503503,0.5927907156881587,0.5763060284154901,676156741222.7969
Patates douces,2018,3336.9710990540398,25.432961951156877,4.448385415493949,78.30969897531595,0.6899370912751546,0.6668034300493869,822219292005.5754
Fonio,2020,797.8889396916887,24.851405780157247,5.1627039657539,79.59701356151258,0.7229503062318607,0.7305320119700391,854624403914.5106
Riz,2019,1637.878678255005,25.253441593490805,5.052203658729091,83.58057534246575,0.7103640762402518,0.7327743370061435,865364238454.3804
Noix de karite,2022,4673.97825915459,25.23442885824781,4.882129957909857,78.39248903743116,0.6817729985862305,0.6848567823334182,947161706103.4039
Ignames,2023,8865.582055785122,25.803573238063905,4.553335914618856,78.96718265995173,0.6823618776737189,0.6883027690358439,977069148516.6879
Autres légumes frais n.a.c.,2015,5177.049317406896,26.536341919296976,3.1985113912632586,73.75087603213917,0.5874827952646473,0.5870885796266225,677478332173.752
"Coton en graine, non égrené",2023,644.1461511279874,25.999431722184713,4.586597085967696,77.9194099568883,0.6575204852696925,0.7067825862985258,1005493641520.8475
"Racines et tubercules similaires à haute teneur en fécule ou en inuline, n.c.a., fraîches",2017,5192.174907980239,25.469066993263496,4.126469901216032,78.56161998406124,0.6759766782639497,0.6428814969724215,784857759770.1248
Oranges,2016,4808.654543553105,27.105788629677686,4.1238294848641015,71.58999487493418,0.6305804294386524,0.6346563522617555,740139232543.3229
Sorgho,2022,888.764743554833,25.37084598566827,5.062615975109177,77.4293268322425,0.6534884976807905,0.6523303410282834,953751221849.8541
"Piments forts et piments, secs (Capsicum spp., Pimenta spp.), crus",2019,401.28547855698474,25.22174660432235,4.913241914255098,79.67881618265766,0.7106262293420885,0.7439356460058753,865998200176.9636
Autres fruits n.a.c.,2022,5919.462398956503,25.929917590108687,5.0275358972684225,79.60895056890611,0.6324272295726568,0.6719440292362957,940472375152.3312
Noix d'acajou non décortiquées,2022,1510.395685992695,25.647463920567812,5.099887817146425,78.37419453640995,0.651511742441089,0.6684354905226046,919963173070.8633
Autres fruits n.a.c.,2020,5587.2,25.55327868852459,5.009398907103825,78.95647540983606,0.7270218579234972,0.7411475409836066,856967581267.048
"Café, vert",2019,506.15630249976374,26.22968750351559,5.056532927932927,77.79441434760302,0.7137501846958375,0.7245786614105351,873112262066.5953
Fonio,2020,861.1,25.55327868852459,5.009398907103825,78.95647540983606,0.7270218579234972,0.7411475409836066,856967581267.048
"Café, vert",2015,372.71361360980296,26.064405275323207,3.183231553267513,74.13707029143598,0.5711244076962472,0.5859860427132231,678595838304.2367
Haricots secs,2018,572.4674526643188,25.660046908205445,4.428345195286221,80.68625442457683,0.6885082626452167,0.7188654122924836,827068360993.9181
"Café, vert",2023,545.3526821379083,25.547442652975185,4.438597832213038,79.24778214961574,0.707598562937406,0.7157574416113324,997970690900.2241
Noix d'acajou non décortiquées,2021,1565.3364051934363,25.0766573657111,3.864324983323136,76.864542087444,0.6703692875339958,0.7170776707683673,894807998362.5187
Ananas,2022,7793.568677721421,26.53699886715552,5.084766281618712,79.85811537394002,0.6652467751423133,0.6684954581134981,937848077666.2932
Bananes,2016,12597.156091693996,26.063478159561203,4.093680149891591,74.12660099386812,0.6458913252811876,0.619937702875679,740308919297.2872
Taro,2020,3032.156844509197,25.215177699697538,4.894668380316221,76.83212470887443,0.7276033321045567,0.7247599044066657,871400852867.2217
"Piments forts et piments, secs (Capsicum spp., Pimenta spp.), crus",2019,427.05191201162114,26.66862142721301,4.84996731933669,78.78021094122631,0.7171155487242831,0.744804712394224,866929102502.5906
Bananes,2021,13262.666246564026,26.091596703154835,4.004417648641182,77.79956369608954,0.6748173926454523,0.6828008779496157,887464528691.6517
Ananas,2022,8388.749760333107,25.757306810353864,4.895850702897466,77.39712932744436,0.6636656531964998,0.6492808036648793,937077184225.2366
Taro,2019,3191.7655062757235,26.100839961173946,4.883516849372327,79.47431696613604,0.7059664529068402,0.7294928374783358,872016067588.8212
Taro,2016,2636.119141156263,26.039861404886032,4.025066993080731,72.83721216719928,0.6090933563922499,0.636143289924077,744248206374.1202
Autres légumes frais n.a.c.,2018,5140.836774911046,26.63350298685922,4.302100819600834,77.89270103287963,0.6913862943199579,0.6957945316330572,806647545686.9298
Sorgho,2015,891.9706722021837,26.310876561100272,3.141478943223505,70.06536301369862,0.585222411471056,0.5937577350756671,668759656627.4017
Sésame,2017,308.34067134756464,25.715956066165532,4.057383259852812,79.96700011841195,0.6558823904339307,0.6609252413295198,771455096009.2361
"Racines et tubercules similaires à haute teneur en fécule ou en inuline, n.c.a., fraîches",2021,5138.53422849812,26.44818298086301,4.0184823567335375,79.91797720177648,0.6801794988329408,0.7139759377624137,906942333490.7405
"Cacao, fèves",2022,1080.6510815564513,25.475157814709736,4.814388406514331,77.94838168874236,0.6848263492944325,0.6740665404844902,925455073868.3839
"Cacao, fèves",2015,922.7055423354104,26.74518547227247,3.226695549058778,74.89126936015965,0.5695212564306862,0.5918750177836777,686929385176.8507
Ananas,2015,8410.001452390361,26.19075454470551,3.1364765563594417,71.25859566159153,0.561958490072759,0.5791921342927993,682038429393.5093
Noix de karite,2016,3905.5757609964653,26.94681523010225,3.965904964316464,73.31825361654842,0.6251788015133473,0.6318084220751919,737501505510.5917
Noix de karite,2021,4158.118976759337,26.39829572290841,3.8690250014918024,80.67560342364398,0.688340424033942,0.6872554463152687,894263270319.5328
Mils,2019,598.3830927402327,25.365914340843943,4.877603788214291,81.26330779705188,0.7258281697243575,0.7195646522339578,864185098082.4849
"Manioc, frais",2017,3890.0839130413688,25.664270086485395,4.24324088173597,75.44079264460133,0.6389341732687587,0.6690076666695493,781990014445.7129
"Pois bambara, secs",2021,830.3117530304075,25.791117321423798,3.9154678899561337,77.24723961347586,0.6720924623657566,0.6847324720953872,889676339082.509
Fonio,2023,877.370609037433,26.46679311531049,4.405259765455179,77.86029828339367,0.6767888253551861,0.6945800805812395,986786850252.8806
"Café, vert",2023,530.5093169486773,25.297040181380716,4.597879157233978,78.50632799567562,0.6764690282935244,0.6831733574262132,991832194823.111
"Noix de muscade, fleur de muscade, cardamomes, crues",2020,1065.2685000906001,24.882355835040254,4.982562129657992,78.61300412151208,0.710705593225891,0.7177924456966123,863048335986.7416
Autres fruits n.a.c.,2023,5857.722719362887,26.483874308474714,4.534277354121923,78.22549068983987,0.6893336573224935,0.696156576187952,1000789156535.1045
"Pois bambara, secs",2016,796.3162625097306,26.019594381035414,4.014378992082948,72.531516226894,0.6305804066566159,0.6492738069973407,736957432795.9102
"Piments forts et piments, secs (Capsicum spp., Pimenta spp.), crus",2023,419.04354343377514,25.570690038266918,4.6227286382831245,77.77671048374224,0.7066793208120633,0.7034250168499185,998093369323.0875
"Racines et tubercules similaires à haute teneur en fécule ou en inuline, n.c.a., fraîches",2022,5705.396286994163,26.318965242806364,4.707551160324616,75.93386860780578,0.6365590181463872,0.6909319423566246,942328444379.5023
Bananes,2023,13357.776531798972,26.709461041084015,4.336306109657194,79.46083056350243,0.6814375459888179,0.708260358484064,992906756091.0653
Haricots secs,2021,525.4503463484707,25.949420373510915,3.932115306708492,77.42749892392457,0.6671242625842458,0.7027120629688743,894267675427.6969
Noix d'acajou non décortiquées,2017,1508.8510315458784,26.186200076219066,4.021410602225488,75.02419279137445,0.6449096479918248,0.6759608775212644,765694510789.286
Ceréales n.a.c.,2015,903.9568409755175,26.667312503734742,3.1264180359844005,71.53039594434131,0.5631096783560756,0.5968256492401821,687626465590.9464
"Cacao, fèves",2021,1097.6059788476537,25.689342902851344,3.9724137404356554,80.54552743737547,0.681004681300665,0.7090923673323237,893503105439.6097
Mils,2021,591.747800351073,25.426253537049135,3.9771048104887687,79.51307574519473,0.6832256382094339,0.6759474026772447,891267509035.0245
Sorgho,2016,897.0382733960164,25.21756830601093,4.010467073174576,72.9707662363536,0.6309529041108453,0.6180681829708681,737427148869.0487
"Pois bambara, secs",2021,813.1571067301173,25.1372115027149,4.014973086908401,78.2662887512369,0.6685192618731893,0.6995764329238494,885928626198.9476
Maïs,2019,1227.1,25.842027397260274,5.005041095890411,79.60054794520548,0.7189589041095891,0.731013698630137,864816063151.685
"Racines et tubercules similaires à haute teneur en fécule ou en inuline, n.c.a., fraîches",2020,5299.865837800877,25.627797461096712,5.1081474130487265,79.14802499493982,0.722643374682634,0.7222236569499022,848914769739.3528
"Racines et tubercules similaires à haute teneur en fécule ou en inuline, n.c.a., fraîches",2021,5059.144696506458,26.16537584008048,3.957849532955848,77.88219843785002,0.6538782114881673,0.6657241543005036,896022934215.3748
Noix de coco,2019,3856.6752030770967,25.994703343131373,5.039806052431482,79.97730895983847,0.7170995905384042,0.7479954063942845,884107834561.4158
Autres fruits n.a.c.,2020,5568.583479512168,25.574577513166826,4.943649463672468,78.65883711310761,0.7544344608742038,0.7410698163299227,862872545837.3053
"Manioc, frais",2015,3939.120578361329,25.725394413139565,3.193291992128307,76.44720186003278,0.5773715923853455,0.58669008224193,670095956178.9644
Graines de ricin,2022,75.51766052829768,25.52113689394093,4.845291464664052,76.6637198073321,0.6639994050161071,0.6784350144331287,954195322729.0797
Autres fruits n.a.c.,2021,5789.8509440921935,26.26745702471356,3.9907301953411345,80.14015586627414,0.6645139903097591,0.6922248282405108,897683578434.9938
Noix d'acajou non décortiquées,2019,1480.743976809893,25.86383939096335,5.043937074421782,79.83768338984132,0.7242380979301225,0.746702232607626,866852389177.5438
Sésame,2016,324.78255397072996,26.73559199835868,4.040636416198842,73.09576606049482,0.6038863099313277,0.6486670705451074,731500462140.5609
"Noix de muscade, fleur de muscade, cardamomes, crues",2015,967.868937549043,25.978292886209896,3.227722582083911,74.85902350443618,0.5605052436685098,0.5996588490452502,688014101520.0691
Bananes,2019,13030.0,25.842027397260274,5.005041095890411,79.60054794520548,0.7189589041095891,0.731013698630137,864816063151.685
"Racines et tubercules similaires à haute teneur en fécule ou en inuline, n.c.a., fraîches",2016,5119.946813000611,26.102348775418996,4.10665824190423,76.4017381801237,0.6233203192060305,0.6111204131163843,727447123685.8517
"Coton en graine, non égrené",2020,662.2665016703951,25.20793333554675,5.0487916268431166,80.3083796316043,0.7296692319008358,0.7558171647229044,837670537641.2172
"Manioc, frais",2020,3926.008411370958,25.562948624032813,5.078228499270547,77.9770675643317,0.7077340029707334,0.7466569393064333,853013322516.755
Arachides non décortiquées,2015,681.3005669558844,25.971535662375064,3.142990975767328,72.0097566292107,0.5631346229365158,0.5711801540110814,683999894276.3547
Noix de coco,2023,3469.158822923186,25.384654546082334,4.485967952408095,78.99047357931342,0.6722382318275301,0.7159130192921058,989953759982.8533
Fonio,2021,842.0393490181216,26.492045799351434,4.111201281029849,80.26707252336183,0.6706177820564744,0.6938193173537478,877746528014.7332
Noix de coco,2016,3640.482232526914,27.256360173782795,4.088910804954726,74.15255096466257,0.6150400638711963,0.6299741678851766,732553345875.0797
"Tomates, fraiches",2020,4105.034426196855,25.84623957274314,5.119263839001293,78.1263406883015,0.7291487815314086,0.7229074782760885,863085605928.9781
Tabacs bruts ou non fabriqués,2022,427.40544341221334,26.0295128532733,4.90681832881038,78.6541461866027,0.657245786900146,0.685890198881008,945173981599.2864
"Pois bambara, secs",2022,756.5792794812012,26.091095994005755,5.025899151998691,77.31650768384122,0.6809545443957683,0.6951924192423847,943471137419.2916
Mils,2023,792.5793937915842,26.80206438561265,4.649943407305773,76.91467684226082,0.6745683764755535,0.7080096479231406,972689023988.5144
Haricots secs,2016,444.716989983479,26.783071784957066,4.144990976541948,73.88844529085027,0.6318311165031756,0.6227196666931478,731921430600.5918
Autres fruits n.a.c.,2023,5797.2187705463575,25.584712945455628,4.611178265008824,78.31049494531037,0.6777234536430835,0.6749299760665162,991186245062.0721
Graines de ricin,2020,79.50266625086746,25.7337733127365,4.970305054106693,80.71099457685582,0.7281674536670406,0.7124578388393791,867961860827.4248
"Huile, noix de palme",2018,8655.589176089488,24.683915533180233,4.400276748328441,78.47776579273823,0.6825709596446196,0.6830812775470392,816975070362.7388
Ananas,2022,7661.770470152096,25.320436572098718,4.786065115651253,76.26760066174286,0.6754071149280227,0.6823263119684587,944574436067.4662
Oranges,2020,4459.649772529457,25.99209891711916,4.9073151511794135,80.62380364893465,0.7332551823690505,0.7455956866887602,838455406568.4427
Oranges,2015,4464.515367719764,26.269967637239702,3.211472575744615,77.44066438356164,0.5937670926004865,0.5880128136624779,674451529721.9294
"Tomates, fraiches",2023,4178.897347651556,26.640137759131516,4.562622709922587,79.54879710173175,0.6720970352940406,0.7106855249684234,986890914793.7872
Noix de coco,2020,3720.930755461739,25.123839023524436,4.928990818114863,78.1230429342638,0.7139436621090575,0.7359728785838902,845799631753.9781
"Cacao, fèves",2022,1107.9855851340199,24.991785972415176,4.932830056398083,78.80865516987976,0.6473496500540276,0.6874472721158953,944485852170.7098
Ignames,2023,9257.732114323244,26.421503206715318,4.534509171371837,78.42427903888597,0.6893026534411154,0.7013222111465007,1002811440553.4384
Arachides non décortiquées,2017,755.6106746036276,25.96236953914936,3.972381179083875,77.26567051522281,0.6231970454841314,0.6545140002886749,772687064300.0941
"Café, vert",2023,514.4271686782613,26.420619746608025,4.40173237709628,77.5919493056489,0.7074119219121313,0.6893470436525042,989119333693.8446
Autres légumes frais n.a.c.,2022,5127.0704928816085,25.5928895686927,4.837936304064735,78.47610168231353,0.6575668059363138,0.6696100358951691,937080118600.4004
Taro,2019,3176.7028826084143,25.661670701120418,4.903562658127294,79.06266186412364,0.7111357031719557,0.7326893384179181,854843601526.4976
Autres légumes frais n.a.c.,2016,4952.612965895201,25.937964251883077,3.922928526717971,72.95398414114679,0.6289893191518888,0.6073655942728592,730966723297.7749
Riz,2021,1771.6477109429068,25.7197277759083,3.880237725726869,80.51157046277832,0.6789551820483992,0.6896971924716415,890580846232.713
"Autres espèces cultivées stimulantes, à épices et aromatiques, n.c.a.",2015,1063.2246744830768,26.34815968168923,3.090900779595837,71.85018585340957,0.5672096872064064,0.5875599200421637,671149868247.3027
Oranges,2021,4631.854824416396,26.317595149071398,3.864867109899714,78.32780451685403,0.6757538450408084,0.6906145476818142,894774695617.4564
"Tomates, fraiches",2019,4162.861735695143,26.18054608069683,5.171278833096908,80.09186949579686,0.7044449754743223,0.7247302130757906,864311917915.3704
"Café, vert",2018,465.28143273523744,25.623912631256548,4.388757279112457,78.77938561983596,0.6691130845496738,0.7122179850137954,824348873487.4017
"Manioc, frais",2022,4141.906828469524,25.797710373228735,4.698960273972603,79.61239028997068,0.663241604236333,0.6856743113139556,921304479344.9342
"Tomates, fraiches",2023,4295.584917235411,25.79890388722887,4.572449239851272,81.01678506067408,0.6907168871236068,0.688256783747738,1004145903537.7883
"Café, vert",2018,449.39819915655613,25.458978492132484,4.482041229571408,75.51171049663766,0.665880364558082,0.7141775209995238,810727671185.4271
"Manioc, frais",2019,3867.581193158942,25.439932127582658,5.082938546773705,78.16735529355455,0.7350492852264796,0.7267239731275009,871412320407.8461
Ignames,2017,9361.074475259888,25.224117256546126,4.132766673575154,74.19555740078417,0.6523364265337688,0.6490283727341414,794491199597.3467
Choux,2018,11673.657796255384,25.605698637726807,4.262132534897614,74.19536438356164,0.6685478685116281,0.6938072818928916,815419432905.9799
Ananas,2016,8005.1,26.5448087431694,4.076065573770491,73.88571038251365,0.6231967213114754,0.6228142076502732,733416000000.0
Noix de karite,2021,4178.3,25.92775342465753,3.9432328767123286,79.31665753424657,0.6736164383561644,0.6907397260273973,892399651748.501
Tabacs bruts ou non fabriqués,2017,463.2065362134769,26.32416530766429,3.9130033843601333,77.03419846070157,0.6443558781843802,0.6543919831713302,775092836334.9784
Taro,2015,2684.4944051574817,26.434705922488366,3.195336725397883,74.19224969413081,0.5910340684693492,0.5860562293220749,677797355315.7189
Bananes,2020,12335.668338478474,26.387711597366465,4.990686056883593,77.84135786574639,0.7395827073511919,0.7499473601716349,867640877210.0426
Noix de karite,2017,4351.983540999099,25.884629393836423,4.059845065172449,75.56822636812127,0.6537911369821092,0.647704095854004,775942189996.311
Taro,2019,3126.178015992614,25.570789538622012,5.017011815969333,79.4054576527259,0.7218461965430324,0.7298207186003794,871342694054.1337
"Cacao, fèves",2020,1055.0201872973755,25.19502545745099,5.097696451666168,75.58305813029251,0.7090335609756488,0.7456278842031668,851674323312.2239
Arachides non décortiquées,2020,720.1132918706617,25.460544688330017,4.981319275503885,77.9239317030791,0.7263418842524109,0.7214760116355682,850587601126.8687
Oranges,2017,4570.590088306064,26.352064084876957,4.131996121083916,77.45183399474443,0.6547524459810873,0.632067395483073,790702122637.2432
"Manioc, frais",2017,4062.999831293595,26.775535850348856,4.028878599375312,76.09325823000458,0.6659857038219813,0.6558285195101337,788633964798.7745
Autres fruits n.a.c.,2023,5651.955768482455,26.216949796097825,4.611916899479193,78.24916786370721,0.6926224143418824,0.6860007730755021,983365367182.4274
Oranges,2022,4468.979891414323,25.64955614275739,4.972670453241834,76.43133000078453,0.6729675452574282,0.6588307466510461,933388331912.0701
Fonio,2021,896.0518871392624,25.542289398034818,4.032150266639612,76.54074428992588,0.6769701360981197,0.6980353866086757,888432552905.1979
"Café, vert",2017,437.4446227965136,26.63492001115248,4.085760628506225,78.94808377398184,0.6293310531451263,0.6590958710154394,793556226967.1592
Oranges,2023,4556.298933239486,25.229073823326704,4.576111370142343,78.46390295808415,0.6660307377901169,0.6936542354054717,1003351865634.8723
Sorgho,2021,847.5170640266707,25.818541531412865,3.903175469501872,82.98747649946048,0.6684994662450543,0.6685774882179543,891744787927.9365
"Cacao, fèves",2020,1098.1119460549658,25.379712261345357,4.922641636029879,75.90728423338399,0.7127188964383601,0.7397953978441495,862096983284.454
"Tomates, fraiches",2023,4310.644174048538,25.985643421708616,4.651630870304539,76.23665589597819,0.680545130088593,0.7191257606785717,993419782197.739
Mils,2023,780.4616469357766,25.590595682426454,4.581287347016165,79.48877455480549,0.6740205452854516,0.6742048527498781,995583642908.7529
"Tomates, fraiches",2017,4446.734050048747,27.077819716711772,4.157151584255181,77.98150316345003,0.6597423839202937,0.6641785087283664,769399571431.623
Tabacs bruts ou non fabriqués,2022,445.99966381465356,25.38172903869099,4.836603714657621,77.94188724469821,0.6789591701305587,0.6803242096646956,928844264736.7546
Taro,2021,3052.751720552627,25.734620745749858,4.030396373697191,82.09983532708813,0.6707836155195986,0.6876755316408079,908118862450.1301
Choux,2017,11161.850506067043,26.306701086068916,3.9683198262183175,74.98241608114654,0.649108983572031,0.6722397348579021,770326809054.0134
Fèves de soja,2018,763.9894876280737,24.838402542532307,4.46006060395642,77.68124987852504,0.6943462484133827,0.7018639912369711,823280443727.4541
"Pois chiches, secs",2021,758.1717209319721,25.660398778472626,3.8749840877883157,76.5992740455435,0.6588810195013993,0.6859935004684904,882435935631.0726
Choux,2022,10736.161614609971,24.85836184185431,4.886815250995051,77.7607599916974,0.6679825064687894,0.663490847375833,925617937067.7236
"Tomates, fraiches",2017,4188.306097198264,26.25270494229309,4.032896963373392,77.45492549157203,0.6575941690713594,0.6666414586124308,774301409539.5503
Arachides non décortiquées,2016,700.1,26.5448087431694,4.076065573770491,73.88571038251365,0.6231967213114754,0.6228142076502732,733416000000.0
"Racines et tubercules similaires à haute teneur en fécule ou en inuline, n.c.a., fraîches",2017,5286.00835866918,26.37458842375754,4.099620749569685,78.03945409494847,0.6507928939032045,0.6503353243865948,776541135842.9644
"Cacao, fèves",2020,1065.0367178213664,25.309141996443014,4.8984868662579055,79.4189761579787,0.7332502441421577,0.7489139685228993,851927252586.6736
"Pois bambara, secs",2017,750.4087000628708,25.725564251021538,4.08855817409324,74.29068079764959,0.6556492543402248,0.6644852469677275,776871856447.9681
"Noix de muscade, fleur de muscade, cardamomes, crues",2019,1052.8897787761096,25.813761596540623,5.089213820306399,81.40045178081392,0.7200186941037606,0.7173680667314778,855069809848.8522
Noix d'acajou non décortiquées,2023,1548.4048456885982,26.544360013274996,4.444947886613607,76.85155492380885,0.6639863103276965,0.6852551213044671,997231612507.7012
"Pois bambara, secs",2017,733.7442995751113,26.30960174764561,3.9996767378644775,74.04444722768281,0.6294949809041942,0.6629009191535954,779163941966.263
Sésame,2022,325.9179520884115,25.452730184839872,4.9526879171137725,77.17395012264198,0.6758470123189471,0.7007171872011283,955662592169.4614
Noix de coco,2020,3830.498434228695,25.82100763755578,5.136152537140349,80.83651673732106,0.721965986063712,0.7502777585634326,859131010179.3103
Ignames,2017,9280.794372881053,25.77212175259829,4.075187845699891,77.57597309388328,0.6404793313057643,0.6492810218026194,781823165071.1715
Ananas,2021,7656.828863138779,26.44195955040486,3.8329619365574126,77.85410058497534,0.676540864026906,0.6761318142720979,889204430143.9307
"Manioc, frais",2021,3982.2233715183675,26.244743213293596,3.93550499490224,77.43371389920488,0.6590211172822098,0.6909080930992185,893542545347.814
"Noix de muscade, fleur de muscade, cardamomes, crues",2015,930.2153156926873,25.661767722834078,3.283805955747292,75.39399409345432,0.5827177009467692,0.5915703182754785,684893679915.1852
Arachides non décortiquées,2021,768.2854564186744,24.70661352095911,4.028483978997632,78.96090765351684,0.6936731477737282,0.6970460194688322,884347201416.3958
"Pois chiches, secs",2017,723.6187707273997,26.495897571492385,4.09331942167005,75.63958948952622,0.6770187866650946,0.6614742548357757,778928863343.0021
Riz,2016,1665.6054216636978,26.165391957009373,4.070458205016067,70.60014187524523,0.6150310035644164,0.617468089217292,744644380544.564
"Coton en graine, non égrené",2022,671.4257778111067,25.264014367191926,4.966321293208326,76.11474119375573,0.6370703862826822,0.6881551069790287,952402707977.939
Fonio,2019,891.0,25.842027397260274,5.005041095890411,79.60054794520548,0.7189589041095891,0.731013698630137,864816063151.685
Tabacs bruts ou non fabriqués,2019,435.074894732299,26.05406948176947,4.953175169020805,77.24344413978369,0.7290469889241143,0.7272272317504861,848517635718.3214
Tabacs bruts ou non fabriqués,2022,442.37796698138044,26.04272356472547,4.917847560412467,76.88997113566386,0.6812798017446777,0.6513347637830365,942867428993.7582
"Pois chiches, secs",2021,773.0522197827446,25.501414998708295,3.9245543617543532,79.2824338620071,0.6828030738249362,0.6562027397260274,886005076067.4681
Fonio,2022,859.8,25.620328767123286,4.94627397260274,77.37772602739726,0.6615068493150684,0.6768493150684932,940020690899.395
"Noix de muscade, fleur de muscade, cardamomes, crues",2016,965.3425115882364,26.418855682713062,3.9618207252814126,74.24130932318663,0.6170356782092257,0.5977903954791185,726348736406.0411
Sorgho,2017,901.4640865905901,26.359288689725958,4.104487933541629,77.78393006700293,0.6452642959865261,0.6614869090960613,790050665368.3777
Ceréales n.a.c.,2015,892.3813803169274,25.943051560793904,3.2426534476371973,72.43798827525201,0.5547022267636336,0.5829347046265236,683956153217.692
Ignames,2020,8969.221893985557,25.41230084890575,4.8477558427343155,78.42677837369266,0.7054893229838879,0.7610245415071631,848319218293.0062
Fonio,2021,849.5578134824023,25.404017007739814,3.9556303309079572,81.03180994562493,0.6675023918629481,0.65719877060592,889077250677.1603
"Noix de muscade, fleur de muscade, cardamomes, crues",2015,959.5804395305189,27.031659987867386,3.205273080127666,75.09112647148974,0.5749604476520804,0.5776950518999463,672888343720.9392
"Huile, noix de palme",2017,9132.02640943269,26.912664827335718,3.9923687215047,75.09158670064924,0.6395906590297358,0.6496673027145595,769152712953.0945
"Racines et tubercules similaires à haute teneur en fécule ou en inuline, n.c.a., fraîches",2018,4928.084334178058,26.23346076634541,4.4566340882463535,75.95002154530937,0.6879001247849987,0.6866526212250459,827042923672.6133
Noix de karite,2020,4188.175850018712,26.143588592991325,5.210794145354077,79.67284627586504,0.7061282615284175,0.7463383332105622,857001670819.3002
Sorgho,2020,895.1552339261034,25.578988578497956,5.000531385314322,75.72767090813915,0.7272172777885548,0.7539652923907489,855567778734.5544
"Piments forts et piments, secs (Capsicum spp., Pimenta spp.), crus",2022,421.2172301955855,25.420426516556976,4.896749723398696,77.45444501915627,0.6931325355974464,0.666013608127895,937271125580.7583
"Huile, noix de palme",2017,8817.147978414343,26.01580167589288,4.146855858399744,74.21314934477716,0.6448237870303476,0.6768811785692285,785569156552.4249
"Piments forts et piments, secs (Capsicum spp., Pimenta spp.), crus",2017,400.36885476018097,26.120963182498514,4.111609454985393,77.8727646470556,0.6479595108076444,0.6505134557580461,785360306294.226
"Tomates, fraiches",2019,4446.53892025365,26.361007379722526,5.094937628208262,79.80946777290977,0.7105255253603237,0.756112023370659,855082763635.2074
Autres légumes frais n.a.c.,2017,4989.313209491725,25.38234037376856,3.9968988287389013,72.69532739726027,0.6563322365874514,0.6727370200024378,782035542096.1705
Arachides non décortiquées,2022,756.65608095127,26.11548555719701,4.871962393958587,76.19060261346002,0.6483609110208234,0.6514731863264674,923655209979.9888
Oranges,2018,4480.231043720841,25.894822760856346,4.419264848534245,78.09761939818874,0.681787741895993,0.704251591082628,819067192947.146
"Racines et tubercules similaires à haute teneur en fécule ou en inuline, n.c.a., fraîches",2016,5341.772990345743,26.621673213932777,4.126656311299946,74.41690958709113,0.6216350601947699,0.6349570414367011,733259777263.3463
Graines de ricin,2019,77.16367926565009,25.10818478386445,5.0300757539879095,78.67630675606156,0.7359583314985207,0.724479102077401,864402648800.8682
Tabacs bruts ou non fabriqués,2023,444.7,26.15476712328767,4.51827397260274,78.15893150684931,0.6806301369863014,0.694904109589041,998973479941.652
"Tomates, fraiches",2023,4314.1076765375865,25.80296584143163,4.512773169081765,78.7902489557988,0.6718552762109652,0.7079889712528102,982477728416.5012
Maïs,2020,1270.5518898974617,24.984468807057432,5.025422297542986,78.67666642913257,0.7333794304250317,0.7294683409594975,862245241938.9574
Haricots secs,2020,529.6669770318424,25.47506161198116,4.905695592192534,81.3939953653573,0.7324938291279269,0.7479727841280789,874201595758.3661
Noix de coco,2021,3615.3,25.92775342465753,3.9432328767123286,79.31665753424657,0.6736164383561644,0.6907397260273973,892399651748.501
Autres fruits n.a.c.,2018,5654.384355671946,25.827740154991364,4.462716598176168,79.84467739064947,0.6920540096075356,0.7001478986082899,817433813085.1956
Graines de ricin,2022,79.29791574164182,25.29083800908008,5.0681318270656295,76.61196118796605,0.6705108845450813,0.6592390757661394,929417860285.2583
Graines de ricin,2015,81.52071184711549,26.146567157863796,3.126867864798962,73.53325474069922,0.5826910126811705,0.5892588806076449,687124613699.8494
Noix de coco,2016,3549.3699355530043,26.133863740023006,4.028034843455001,73.67010089996148,0.5951614331417959,0.6294648700958444,741699974848.1134
"Noix de muscade, fleur de muscade, cardamomes, crues",2018,1044.3863757496656,26.00721589962593,4.440077711793883,76.54717574377376,0.689433065113843,0.7015673545219043,822817425368.0386
Arachides non décortiquées,2015,658.0134113597923,26.196266789377827,3.2386427535180418,76.39816042826034,0.5994432282869083,0.60110998267259,673648245022.8589
Haricots secs,2022,565.6848105094749,25.967786040931447,5.039041919950485,76.4362952201366,0.6305880545258299,0.6541646131608764,939742469628.7473
"Coton en graine, non égrené",2017,690.4091343729458,25.93370788072849,4.129677243172387,75.52333748250115,0.6497082514613621,0.6478828219846187,780645501268.0709
Noix d'acajou non décortiquées,2019,1471.0019052613047,25.886059056681642,5.035102396589504,80.4301520436678,0.7113749512634747,0.7447102936672643,865254716250.8751
Autres légumes frais n.a.c.,2020,5206.260361708312,25.180848919579635,5.022546191095649,79.14387344086911,0.7354409134809411,0.7172865062007225,852798004527.7896
Graines de ricin,2019,78.22651931960196,26.604881067279937,5.123060688297924,79.63492405237618,0.7286549348455496,0.7675643835616439,866896864843.3231
"Manioc, frais",2018,4008.3783974715197,26.28865235722178,4.36475032039547,76.23005654206099,0.67471226968046,0.7036204911423569,827967632900.9976
Oranges,2020,4615.83593085697,25.265201867262288,5.024163335526842,77.64356239015825,0.7286513437343023,0.7287641124000925,849991677466.4069
Riz,2021,1634.6426671612583,26.145077177908384,3.800140996913749,76.35097849441887,0.6758167767630395,0.6800860313946083,890908985965.9663
"Café, vert",2023,513.6980827604382,26.221828881798746,4.44089921893216,76.50021179915436,0.6871236611184207,0.7086878452567881,1000293594754.5721
"Noix de muscade, fleur de muscade, cardamomes, crues",2021,1003.5362906308586,26.229311284647547,3.9213661823039327,80.65704685843106,0.6796692048625937,0.6967457646236451,895562623599.7198
Autres légumes frais n.a.c.,2017,5086.0,26.162273972602737,4.066109589041096,76.52139726027397,0.6475342465753424,0.6606301369863014,783338000000.0
Patates douces,2022,3757.9077047064557,25.407520052895663,4.954401376828944,79.38204886717745,0.6608239522871311,0.6797897359823246,931674051343.5537
Haricots secs,2018,568.3433780799851,25.066921554433353,4.406338686885636,78.019410617843,0.6601807407716813,0.6882227307858941,822545757990.998
Arachides non décortiquées,2018,776.1002039805719,25.121616318490574,4.497000383648171,78.97489533724134,0.6666324741629795,0.715804571181559,810676558616.4579
Noix de coco,2018,3854.5568474464544,25.04164287172869,4.599781448395139,76.62216099618774,0.6876248599781887,0.6958093492635741,823197552633.3573
Maïs,2016,1279.032819144188,26.490612095133415,3.921667463475029,73.85181305476317,0.6425246073747374,0.6273734304828349,730297009584.5955
Sésame,2019,324.1325176050363,25.299964021887416,4.894580452177892,80.21789697716092,0.7118622611281992,0.7415766642839232,861179267133.8796
Bananes,2017,13355.320533917378,27.13895952262418,3.947246335453788,76.64895605033354,0.653402877782557,0.6592149694712353,766485753362.8433
Sorgho,2017,875.2,26.162273972602737,4.066109589041096,76.52139726027397,0.6475342465753424,0.6606301369863014,783338000000.0
Riz,2017,1651.565038998909,26.35281879140427,3.9988216920788715,77.8774431989564,0.6583370867834499,0.6571938704407969,777733103294.6719
"Noix de muscade, fleur de muscade, cardamomes, crues",2020,994.6249201717094,25.21564500620341,4.91485371423413,82.90429918032787,0.7231240317148371,0.7298976861170459,845542123772.0721
Arachides non décortiquées,2018,716.6487093360789,25.174700479760887,4.3083577908184,77.62397881186277,0.6777488597675395,0.699195428018319,813564202731.7422
Patates douces,2018,3446.312691131021,24.922713741833476,4.5684534005484,77.0368423637393,0.6856367593478576,0.6975690470749356,805420389458.5642
Graines de ricin,2015,79.7373423298999,26.017383178292008,3.189240709682388,75.75609401524018,0.5797764154815985,0.5872778080089462,683403694026.0339
Noix d'acajou non décortiquées,2017,1537.2732173259567,26.548219247368483,3.902190161854913,77.8279159564605,0.6422559561542229,0.6600286439617815,780459097867.9403
Fonio,2022,907.4457969507728,25.39310058656042,4.903310966269249,79.59131760044113,0.6411242260571001,0.6627558642094152,929859140524.9567
Patates douces,2016,3392.3210980398812,26.50752435504055,4.050774717104808,72.78544977918844,0.6449926355224913,0.6294190410313142,721339977803.0748
Bananes,2023,13352.414638011536,27.055658260672335,4.3828475098021356,78.90784883650562,0.7008507277744127,0.6942091824165465,1002292763622.0203
Tabacs bruts ou non fabriqués,2023,437.55769286585263,25.862191418509042,4.5723963579387625,79.31694276514592,0.6900738959403424,0.692840414862703,1001270160440.749
"Racines et tubercules similaires à haute teneur en fécule ou en inuline, n.c.a., fraîches",2019,4966.054810238267,25.539784430804616,5.039297625524934,81.62575531404097,0.718148585880853,0.7465990541347747,867840115583.3673
Ignames,2015,9027.1,26.17372602739726,3.183424657534246,73.75301369863013,0.5778356164383561,0.5891506849315068,676983748351.848
Autres légumes frais n.a.c.,2022,5228.067852645542,25.79108474764874,4.751533487124442,78.547749183288,0.6541587146361615,0.6602013474472865,934494041949.2869
"Tomates, fraiches",2020,4203.510721130004,25.968743584938455,5.184633559418238,78.44836927173282,0.7255681636055525,0.765101860141727,875689288016.9108
Noix de coco,2022,3691.175168728294,24.712222898942855,4.92759035394106,79.4522510595173,0.6608533857641826,0.6778609891647721,943369715186.5028
"Piments forts et piments, secs (Capsicum spp., Pimenta spp.), crus",2021,421.7,25.92775342465753,3.9432328767123286,79.31665753424657,0.6736164383561644,0.6907397260273973,892399651748.501
Fonio,2018,814.7340811905567,25.475048345308323,4.399164401869239,81.4294108224478,0.6700775030480765,0.7078337049851802,818736246874.0586
Patates douces,2015,3403.10478669879,26.466527205922233,3.2311734022695995,73.85658265251622,0.5768615184699626,0.5876739471992442,690156971622.0321
Patates douces,2022,3874.6246204655745,25.47824414425566,5.09294850686558,75.75304467908948,0.6528024675163411,0.6873824979188147,939588792511.8622
Choux,2021,11466.26044017272,25.819250653599486,4.110687836047542,80.42880775760578,0.678220399071126,0.686055137914106,889325044617.0898
Tabacs bruts ou non fabriqués,2018,448.76314062640927,26.28626938800347,4.424045695861515,77.32972898744286,0.6654119331681398,0.708154169567576,804891098377.6587
Graines de ricin,2022,80.31806054354843,25.064451576935223,5.084064011892929,78.85320432461363,0.6627748601225367,0.6816843267661025,933472518844.6777
"Pois bambara, secs",2016,788.458788615288,27.32383014817741,4.19316246657553,75.5687775184864,0.6222201418663813,0.6462952324230623,734225675504.1761
"Noix de muscade, fleur de muscade, cardamomes, crues",2023,1051.8363413744848,26.69294401380401,4.434004160426667,79.7492968517677,0.6609052145148645,0.6950964172955251,999556138140.2794
"Tomates, fraiches",2018,4187.224297628419,25.567633476934486,4.466967302739283,78.61646981105173,0.7003858006014733,0.6792406267674499,826211282511.7072
"Piments forts et piments, secs (Capsicum spp., Pimenta spp.), crus",2023,404.69932786593637,26.139261944799905,4.5011503125310375,78.06164507867138,0.6585335378026569,0.6930614914227662,1003605872616.0708
Oranges,2023,4554.556475002194,24.847028767123284,4.592682567528137,78.19971928682827,0.6959886475857806,0.7002865410920635,988502246335.7133
Haricots secs,2022,570.1834700272773,24.33931232876712,4.891270993112437,78.40073221811268,0.6766975136970274,0.6610852019854042,933941101557.3589
Autres légumes frais n.a.c.,2020,4975.472673186023,26.020209000212688,5.019073250620905,81.9539842992601,0.7347057840569821,0.7194911621253897,856199922461.6621
Taro,2016,2617.3430118827505,26.764605448291434,4.072650831570723,75.2678106726791,0.6101732383496042,0.6165443177871378,730098991260.7478
"Pois bambara, secs",2015,836.2009891957172,25.260726311836528,3.158598435983512,71.94782832359975,0.5673518868543946,0.6179447484866865,681175227767.4319
Sésame,2020,328.6137480108564,26.71906369977235,5.065541315794199,77.26824598097612,0.736455221160227,0.7168081963313951,856155169249.8502
Tabacs bruts ou non fabriqués,2023,428.1121358714262,26.501261852101443,4.531909270455917,75.93255002513327,0.6696134501121687,0.7108809783464233,984330685462.9315
Autres légumes frais n.a.c.,2023,5133.741049229668,26.033615256266135,4.625027402650212,78.23523726115582,0.6865159538979254,0.6946880385387618,980395669714.7025
Choux,2021,11242.39757267085,25.797219791093315,3.983669493709688,83.2824904109589,0.6646528629754326,0.6961672283288113,890199126332.4852
Mils,2020,602.187541766505,26.308726730235406,5.009334418415918,81.6060074675902,0.7453223806425264,0.7480933334642357,850009280108.5573
"Pois chiches, secs",2023,702.1520057401025,25.79395891949903,4.744187671232877,76.78606586067916,0.6896448362533436,0.6886546608298865,995957785831.2822
Choux,2022,10580.34625653997,26.434370092830633,4.978680676730031,75.91453393307174,0.6456487653527833,0.6590627126202578,954817629023.4639
Ignames,2019,8454.3485472464,25.833726187693095,4.871809835425609,81.1518735037846,0.7051540332074829,0.7022686719941602,847251953350.8191
"Noix de muscade, fleur de muscade, cardamomes, crues",2023,1025.5132424079532,26.511627952489583,4.41392545081462,78.36267930638805,0.683716223054746,0.7017356426309922,1010434282679.1183
"Huile, noix de palme",2016,8579.415032430305,26.460363310304267,4.146875127451654,74.12789506507983,0.6433310480973541,0.6088390207435675,726522614788.2865
Fèves de soja,2018,686.7496225012534,26.02362485128408,4.382769368925169,80.31841544246377,0.6714675944196385,0.6971031226381312,818372769153.0139
Fonio,2019,879.9868413836441,25.174997921656878,5.043441595965906,80.04333088121318,0.7235264167032326,0.7217357932008657,868441757980.2169
"Tomates, fraiches",2019,4091.063934363327,26.27518272053047,4.861772759112597,77.5678982645236,0.7332206426112723,0.7289837119472363,871724008541.001
"Tomates, fraiches",2021,4138.4134799892145,25.6387986661885,3.867490750762732,80.0333296291948,0.667300852475076,0.6866953853618025,907317662880.8282
"Piments forts et piments, secs (Capsicum spp., Pimenta spp.), crus",2016,409.1177741920138,25.409815874501582,4.067963100906622,72.8977316617732,0.6061453943673514,0.6198476714776798,722382653778.9369
Taro,2023,3110.9370165241285,26.366533578543457,4.4335982485217285,78.82774079158217,0.6652954049065999,0.6853209609741727,998911655977.6619
Mils,2021,607.8844440331254,25.881957149502238,4.006377120157324,78.35562297176027,0.6653783441279157,0.690407432295449,898595507060.9951
Noix de karite,2017,3855.6688988276205,25.60907344095943,3.9213994518260065,77.46699446854282,0.6352074510073878,0.6657078348176687,779952577173.9496
Fèves de soja,2022,1031.7050114489825,26.26959650476994,4.8730439201816695,76.07667290081397,0.6891245956212119,0.6617607744655016,930423623437.0304
Mils,2023,751.5001343138568,26.32225851065591,4.531598890724084,77.86218106637136,0.6639338680844932,0.7204740531538124,1001095629861.3961
Mils,2017,579.5139203281839,26.81690296942243,3.967388299833333,77.03799042948245,0.6175528762695922,0.6736860266714636,776794839078.3682
Noix de karite,2023,4457.648614255938,25.24229925932743,4.5705858811758455,79.05533921744278,0.6767298323615736,0.6822946973771429,995290772922.3401
Oranges,2015,4428.773024896294,26.079165095151122,3.173524228691477,74.47346645427486,0.5903490511663347,0.5808252275497906,686770778045.536
Fonio,2023,938.0982280558476,26.21531985780134,4.56629468233162,78.15176170034114,0.7063625733908153,0.6827817276065692,1003058402506.0764
"Café, vert",2018,447.3056808692193,26.07561490009066,4.351892488945069,78.63289465221561,0.681468691940257,0.7053828854726659,822019951773.998
Tabacs bruts ou non fabriqués,2016,456.56543365860284,26.377800301715464,4.009077958355248,76.79662377765544,0.6316701419705341,0.6165591162832971,723565103530.327
"Noix de muscade, fleur de muscade, cardamomes, crues",2019,1077.31915846632,25.701088391004262,4.987432750883272,80.84290832351759,0.7116307166120479,0.7423858524491229,865711377757.4601
Fonio,2020,860.8772343022104,25.81061067139361,4.94762711640251,78.08941299046239,0.7198966667931975,0.7326026532560512,846880698146.3235
Graines de ricin,2016,76.73511971152595,26.012651770983243,4.034156203374027,76.2737705529984,0.6198752357915149,0.6263286215469113,716343229495.9034
Riz,2015,1696.6450542989999,26.283511967267028,3.127427014513774,74.0643296958013,0.5691911994723613,0.5942883168226148,675473909990.9999
Autres fruits n.a.c.,2023,5802.560563768594,26.212941619068342,4.360209898648141,79.58136080146973,0.680786570928758,0.6892944277611327,979710636955.1129
Noix d'acajou non décortiquées,2018,1520.312413225303,25.39985121241159,4.623232748037703,77.69776471828919,0.6874411247092799,0.6849556301315248,813487889321.5349
Bananes,2023,13618.484573294862,25.098900318088038,4.510910556905327,78.29905714325028,0.6612870233654938,0.6629498870101911,1006364937915.3107
Fèves de soja,2015,627.4758169678502,25.80039518641342,3.046559898432539,75.76548873058525,0.5863518115416315,0.5650846411565179,671306715035.042
Arachides non décortiquées,2018,748.5711570837277,25.284580771787134,4.317615813491106,78.06469757051542,0.6884419251787797,0.6993918995934626,811470044419.2976
Sorgho,2016,854.6360501145956,27.074867000749183,4.006562039317326,74.27119454064876,0.631351620695928,0.6210212468527434,734814314641.1691
"Cacao, fèves",2015,903.2269972842871,27.011804115314263,3.22241170424508,76.00939713448605,0.556349599800139,0.60332782970465,684099857693.7263
Sorgho,2016,845.80692123479,26.30876619579401,4.058771584788236,71.22157386770888,0.6446454030195427,0.6055368777229758,730269432281.1737
Autres fruits n.a.c.,2019,5600.2612975614775,26.30565830471178,5.024310014741292,80.53356031002308,0.7308176365488807,0.7210531803445791,861083349061.3771
"Café, vert",2016,366.3485031197056,25.52230320915354,3.956002768673983,75.06845553452969,0.6137228802514036,0.6123420472624355,741055893651.5717
"Pois bambara, secs",2021,784.2,25.92775342465753,3.9432328767123286,79.31665753424657,0.6736164383561644,0.6907397260273973,892399651748.501
Mils,2021,592.9982738575336,26.005237628686046,4.080722843337348,79.6276193754361,0.6718899390400698,0.6797469520649883,899301306061.0486
Fèves de soja,2021,1008.8572772336638,26.237190560249044,3.9109941411205766,79.28192973321292,0.6606611350028295,0.6971254401455886,885987984483.4071
Noix d'acajou non décortiquées,2017,1396.647852052697,26.162333618049715,4.079458782462975,78.24940592851156,0.6326638365966536,0.6806883180227774,784515751511.709
Mils,2023,740.8937000486328,25.28243483883959,4.5176563457865075,79.33638962409206,0.692377431101625,0.7028120481560884,997083643356.334
Bananes,2020,13426.009439690377,25.82124506192823,4.994680773257216,77.39353456022997,0.7323601223342907,0.7255421771603646,843486067778.5957
"Piments forts et piments, secs (Capsicum spp., Pimenta spp.), crus",2017,415.7861359956878,26.945227378293136,4.106712872389219,74.37387693459911,0.6330825341175824,0.6557767119578264,789234979573.9436
"Manioc, frais",2015,3724.0826002678104,26.507612318751075,3.195837866806486,72.23458516347235,0.5904745637367548,0.602953342544533,667742920163.182
Sorgho,2023,903.3273379148496,27.01804050987325,4.618016178794237,79.15322154318734,0.667809132625441,0.6958975508942724,985162976416.5104
Noix de karite,2020,4149.6,25.55327868852459,5.009398907103825,78.95647540983606,0.7270218579234972,0.7411475409836066,856967581267.048
Taro,2022,3132.946283441913,26.260219850700057,5.103379498863323,77.74213219819308,0.6689254291081518,0.6858795167307556,938539055801.777
Arachides non décortiquées,2018,739.4478960948993,25.080351843077402,4.52652878615511,78.2889119139532,0.6741578142259326,0.6897751355871465,818293379450.3969
Noix de karite,2019,4145.634115711211,26.36005754612779,4.976054150577985,79.23643849474294,0.7150864748176344,0.7400850085892811,864248505541.1051
Ignames,2022,9341.542585187797,25.886678842043143,5.129286974405994,78.24490054470398,0.6731786121186651,0.6794373233976609,939571541803.129
Patates douces,2021,3724.069122102811,26.851257516722367,3.9968085146280456,79.87645410596988,0.6673868356394761,0.7030990027656915,878064210752.8431
Sorgho,2015,892.6716735828469,25.134003297107412,3.088368603669868,76.99255172244038,0.596246273996741,0.6036221274947141,671080596108.1161
Sorgho,2018,899.1810728061515,25.266988653935588,4.503319365982338,79.62282529534427,0.6840922511441287,0.6687753814369916,812468062950.815
"Autres espèces cultivées stimulantes, à épices et aromatiques, n.c.a.",2021,1070.3875594223755,25.928476521326022,3.7547240241920115,79.59681844534393,0.6820964982056086,0.6833748112353409,872292405327.1115
Fèves de soja,2016,597.3211295724826,26.08512053609266,4.071284896491503,73.44516156934856,0.615798413818181,0.6238705297654523,742947934778.0483
Mils,2021,584.4032916684247,26.04727469806698,3.8974595042495217,80.19736131563458,0.6589553655114786,0.6942496523905197,905953433044.8333
"Huile, noix de palme",2015,8550.749299038493,25.656821939645145,3.1426046676892385,72.29744812393909,0.5947274370144445,0.5772467524108111,679272425982.507
"Manioc, frais",2022,3899.920744313201,26.171285994235948,4.804993612762396,77.72597667491938,0.6739292774680601,0.6727697744340521,956198373280.7449
Ananas,2019,8010.4,25.842027397260274,5.005041095890411,79.60054794520548,0.7189589041095891,0.731013698630137,864816063151.685
"Pois bambara, secs",2023,791.7091030596004,26.495125059182023,4.602701479022701,77.19378372080945,0.6714863524675995,0.7005268288573387,997393037081.4812
"Huile, noix de palme",2017,8756.158340094351,25.27844053018001,4.106636873152932,76.01006568504224,0.6415851220618527,0.6380020543174448,770713264713.2197
Autres fruits n.a.c.,2018,5652.323514632415,26.307172314949106,4.462393673310757,78.37521202980288,0.675693523059357,0.6960154986943439,825764914409.0016
"Autres espèces cultivées stimulantes, à épices et aromatiques, n.c.a.",2020,983.3475692804489,25.560526104161553,4.9107654765014725,78.60264913383229,0.7419309584972159,0.7326990485113157,856934249587.7603
Taro,2021,3032.0431755641553,26.782847441471898,3.8932011083585265,78.65327311837129,0.7011094439068315,0.6947689910554934,892209717579.45
"Pois chiches, secs",2021,748.3752983398404,25.923728518858173,3.907944690624015,79.99816898283261,0.6849162557765656,0.6917015951288243,890000948779.6667
Taro,2023,3295.2660489789178,26.362400074372374,4.59544809192591,78.06088597181011,0.6852679601191806,0.7178587336520796,977794680864.1113
"Café, vert",2019,488.27735013735827,25.90865072675592,5.093245113687756,79.5913294092752,0.7327849723616047,0.7292701651202103,863922641537.6882
"Cacao, fèves",2015,953.8783601871658,26.503411412064832,3.1519246534767853,72.8026144109834,0.5927488524717784,0.5852481588309408,679247159349.8541
"Autres espèces cultivées stimulantes, à épices et aromatiques, n.c.a.",2018,981.2668312621197,25.36137718869739,4.636453237302893,77.98302495280804,0.7132808219178083,0.6834508755718512,817480916479.3894
"Café, vert",2015,377.9943714340765,26.036498704660048,3.0657380473300138,77.28643263794478,0.5602928658354688,0.5838486620687224,677617217711.2474
Choux,2020,11988.844876718953,26.057290338393233,4.8972270189148865,81.61525210496755,0.7180596913086026,0.7293763376611996,843833670416.7706
"Pois bambara, secs",2018,702.0802140503295,25.54146358177554,4.429998114507727,77.31983944903632,0.6839146933694967,0.7029385690875123,802759515714.4535
Sorgho,2020,895.8152399291002,25.561906850670425,5.172219184050953,77.72835105116863,0.7395529423090892,0.7591154905306032,852093114307.4646
Oranges,2016,4765.079643881031,26.712356438520345,3.9416786127103993,73.09045782384744,0.6543565573770492,0.601894118468634,733228525647.3169
"Tomates, fraiches",2015,4220.35808269626,26.130641759896744,3.2258757375884337,74.11282984697499,0.5890955713880041,0.5969635903701158,663145143561.4967
"Cacao, fèves",2023,978.444238501421,25.93884503293323,4.666496995508269,81.68696905703227,0.6718739777019187,0.689297358482545,1005833995015.3519
Haricots secs,2021,529.2932684939041,25.381169437519752,3.7927700434844476,77.6103405987385,0.6787560348957759,0.6752128923215193,889210717133.6519
Riz,2022,1679.773198869366,25.348202625009765,4.813224789045381,78.01601301105971,0.6538288639458018,0.662209384241243,931019227143.9124
Arachides non décortiquées,2016,718.077871877608,26.322305652935054,3.977588896987635,71.20032252031976,0.6331134163927661,0.5978991933993788,721854468648.494
Taro,2017,3115.9250255269603,26.390532272432516,3.9965603950807993,75.8925193548273,0.6646274743800682,0.6490426601955214,778855921787.3677
Fèves de soja,2016,608.9324741596674,27.187147141266365,3.8847608072088233,74.12540169588297,0.606986392012752,0.6364993134725465,744800127745.5197
"Pois bambara, secs",2021,776.3677433935214,25.67182734949873,3.9789755022202873,76.031464541992,0.6471113357039923,0.7075042247316408,892380153486.434
Mils,2016,638.0541460007337,26.548686915975594,4.006121257047467,75.67495382934088,0.6156435789763206,0.6182009438816684,733507563389.8287
Patates douces,2015,3479.400752178404,26.042013109627614,3.171438727520806,73.65669699099165,0.5841162932243876,0.5787019224929164,677202152263.5795
"Café, vert",2015,358.76269895127433,26.505594597143155,3.151100917201467,74.96550401559249,0.5774767744241182,0.5706648393388881,665357072120.6328
Noix de karite,2018,4500.446913507804,25.157123771718148,4.4201386386835555,75.49071375325539,0.657292955593963,0.6812476707002779,803650275817.5454
"Pois chiches, secs",2018,767.0388854832647,25.669889132045718,4.324225658980687,77.43837856556453,0.6809998435750613,0.7069224064121198,824640243110.0734
Fèves de soja,2022,1027.8108156212047,25.97282828947393,4.956058900088483,77.35671437967031,0.6664541258643348,0.6735751979403081,940820926872.7396
Haricots secs,2020,516.0431732484199,25.647386083391158,4.956889627400689,79.72591340122466,0.7109275580306599,0.7431126855945296,866699104244.2883
Noix de karite,2023,4336.6,26.15476712328767,4.51827397260274,78.15893150684931,0.6806301369863014,0.694904109589041,998973479941.652
Ananas,2017,7619.4953923199755,26.15950092072426,3.970022935015676,74.21377435916986,0.658372457183089,0.6753212688323639,790601270873.0299
"Pois chiches, secs",2022,779.1265597168648,24.77466550670824,5.1036714318480385,79.57428944026032,0.663473743831113,0.6872756070607067,938552462283.9899
Bananes,2018,12820.210409801104,25.472908428548422,4.443499229987353,74.19536438356164,0.6787353170140473,0.7093405862527394,826184616449.5206
"Manioc, frais",2021,3831.448912090558,26.239034818532982,3.9048391755032563,81.13543426283194,0.6651874744125069,0.705769833968228,893086831131.8264
Fèves de soja,2015,666.9785894623974,25.954145220086716,3.168596962291394,71.36335161183628,0.5782117564576489,0.59575305027357,675456145032.2339
"Coton en graine, non égrené",2017,701.8383474810972,26.17260545823245,4.161918017601619,75.78858757131547,0.6503640503182984,0.6634172611063059,788191557864.6497
Mils,2016,649.5613353912673,26.507951513133854,4.098349947425874,76.04991320711764,0.621722443772278,0.6202315814837593,725657329396.8492
Noix d'acajou non décortiquées,2020,1522.894845982805,25.633399277538793,5.143100785452212,78.17922994301662,0.7226420554272672,0.7259945176698142,854703168837.072
"Huile, noix de palme",2016,8705.965804637195,26.007682593787155,3.983224461910582,77.54849515773064,0.6276626088411007,0.627728000862591,732045550580.5287
Arachides non décortiquées,2021,724.1177908185484,25.92096670906405,3.8395458519793224,78.37731285475738,0.6757403097337703,0.6920800426929773,883581306375.2568
"Huile, noix de palme",2017,9123.973506818118,26.131330571925762,4.080326702037823,77.7775837578616,0.6461018043687174,0.65900439950973,793058838320.2264
Maïs,2018,1315.3895161698806,26.777052542677616,4.383356236675887,79.10417777599176,0.6783215358902467,0.7002366242685782,814500145057.0906
