date,culture,mois,prix_fcfa_kg,demande_estimee_kg
2024-01-01,Maïs,1,201,944
2024-01-01,Riz,1,440,841
2024-01-01,Sorgho,1,257,856
2024-01-01,Igname,1,307,1073
2024-01-01,Manioc,1,160,966
2024-01-01,Soja,1,400,956
2024-01-01,Coton,1,545,891
2024-01-01,Cacao,1,1645,856
2024-01-01,Café,1,1173,907
2024-01-02,Maïs,1,219,890
2024-01-02,Riz,1,441,1003
2024-01-02,Sorgho,1,257,1006
2024-01-02,Igname,1,354,625
2024-01-02,Manioc,1,162,715
2024-01-02,Soja,1,370,1063
2024-01-02,Coton,1,533,966
2024-01-02,Cacao,1,1604,968
2024-01-02,Café,1,1361,673
2024-01-03,Maïs,1,221,795
2024-01-03,Riz,1,451,869
2024-01-03,Sorgho,1,269,888
2024-01-03,Igname,1,314,898
2024-01-03,Manioc,1,159,883
2024-01-03,Soja,1,372,899
2024-01-03,Coton,1,577,892
2024-01-03,Cacao,1,1520,1016
2024-01-03,Café,1,1191,947
2024-01-04,Maïs,1,226,864
2024-01-04,Riz,1,415,1020
2024-01-04,Sorgho,1,267,1007
2024-01-04,Igname,1,336,890
2024-01-04,Manioc,1,169,880
2024-01-04,Soja,1,374,936
2024-01-04,Coton,1,524,876
2024-01-04,Cacao,1,1522,1013
2024-01-04,Café,1,1358,832
2024-01-05,Maïs,1,198,875
2024-01-05,Riz,1,436,949
2024-01-05,Sorgho,1,261,973
2024-01-05,Igname,1,306,1069
2024-01-05,Manioc,1,165,866
2024-01-05,Soja,1,358,1007
2024-01-05,Coton,1,553,1030
2024-01-05,Cacao,1,1623,738
2024-01-05,Café,1,1239,1011
2024-01-06,Maïs,1,215,909
2024-01-06,Riz,1,436,998
2024-01-06,Sorgho,1,282,854
2024-01-06,Igname,1,341,852
2024-01-06,Manioc,1,142,951
2024-01-06,Soja,1,389,826
2024-01-06,Coton,1,545,974
2024-01-06,Cacao,1,1567,1083
2024-01-06,Café,1,1279,905
2024-01-07,Maïs,1,218,1023
2024-01-07,Riz,1,450,766
2024-01-07,Sorgho,1,252,866
2024-01-07,Igname,1,337,922
2024-01-07,Manioc,1,149,1060
2024-01-07,Soja,1,349,1088
2024-01-07,Coton,1,552,1010
2024-01-07,Cacao,1,1569,998
2024-01-07,Café,1,1360,903
2024-01-08,Maïs,1,227,731
2024-01-08,Riz,1,452,939
2024-01-08,Sorgho,1,273,867
2024-01-08,Igname,1,325,827
2024-01-08,Manioc,1,166,1015
2024-01-08,Soja,1,384,776
2024-01-08,Coton,1,491,947
2024-01-08,Cacao,1,1675,1022
2024-01-08,Café,1,1165,945
2024-01-09,Maïs,1,208,1178
2024-01-09,Riz,1,438,1160
2024-01-09,Sorgho,1,269,954
2024-01-09,Igname,1,337,959
2024-01-09,Manioc,1,163,946
2024-01-09,Soja,1,385,945
2024-01-09,Coton,1,511,834
2024-01-09,Cacao,1,1526,997
2024-01-09,Café,1,1187,943
2024-01-10,Maïs,1,208,1056
2024-01-10,Riz,1,433,1125
2024-01-10,Sorgho,1,340,657
2024-01-10,Igname,1,315,1004
2024-01-10,Manioc,1,167,898
2024-01-10,Soja,1,365,1003
2024-01-10,Coton,1,498,927
2024-01-10,Cacao,1,1597,942
2024-01-10,Café,1,1224,995
2024-01-11,Maïs,1,216,1043
2024-01-11,Riz,1,455,872
2024-01-11,Sorgho,1,260,877
2024-01-11,Igname,1,312,1006
2024-01-11,Manioc,1,167,724
2024-01-11,Soja,1,367,1043
2024-01-11,Coton,1,567,773
2024-01-11,Cacao,1,1568,1016
2024-01-11,Café,1,1346,945
2024-01-12,Maïs,1,207,701
2024-01-12,Riz,1,434,942
2024-01-12,Sorgho,1,256,1138
2024-01-12,Igname,1,330,743
2024-01-12,Manioc,1,161,1043
2024-01-12,Soja,1,403,795
2024-01-12,Coton,1,549,822
2024-01-12,Cacao,1,1555,930
2024-01-12,Café,1,1234,939
2024-01-13,Maïs,1,213,1047
2024-01-13,Riz,1,456,891
2024-01-13,Sorgho,1,255,924
2024-01-13,Igname,1,322,1088
2024-01-13,Manioc,1,162,764
2024-01-13,Soja,1,359,847
2024-01-13,Coton,1,552,922
2024-01-13,Cacao,1,1578,805
2024-01-13,Café,1,1321,902
2024-01-14,Maïs,1,224,772
2024-01-14,Riz,1,393,896
2024-01-14,Sorgho,1,296,775
2024-01-14,Igname,1,325,708
2024-01-14,Manioc,1,159,878
2024-01-14,Soja,1,343,1028
2024-01-14,Coton,1,541,878
2024-01-14,Cacao,1,1582,929
2024-01-14,Café,1,1704,496
2024-01-15,Maïs,1,220,858
2024-01-15,Riz,1,422,859
2024-01-15,Sorgho,1,253,1100
2024-01-15,Igname,1,319,1064
2024-01-15,Manioc,1,163,931
2024-01-15,Soja,1,388,847
2024-01-15,Coton,1,563,819
2024-01-15,Cacao,1,1627,1024
2024-01-15,Café,1,1252,876
2024-01-16,Maïs,1,211,977
2024-01-16,Riz,1,422,1013
2024-01-16,Sorgho,1,267,968
2024-01-16,Igname,1,313,904
2024-01-16,Manioc,1,161,811
2024-01-16,Soja,1,393,744
2024-01-16,Coton,1,530,980
2024-01-16,Cacao,1,1644,825
2024-01-16,Café,1,1205,871
2024-01-17,Maïs,1,222,915
2024-01-17,Riz,1,457,979
2024-01-17,Sorgho,1,270,937
2024-01-17,Igname,1,312,868
2024-01-17,Manioc,1,156,985
2024-01-17,Soja,1,346,1125
2024-01-17,Coton,1,553,900
2024-01-17,Cacao,1,1543,805
2024-01-17,Café,1,1196,975
2024-01-18,Maïs,1,212,918
2024-01-18,Riz,1,452,822
2024-01-18,Sorgho,1,280,1078
2024-01-18,Igname,1,340,844
2024-01-18,Manioc,1,164,612
2024-01-18,Soja,1,364,739
2024-01-18,Coton,1,510,916
2024-01-18,Cacao,1,1737,946
2024-01-18,Café,1,1261,937
2024-01-19,Maïs,1,219,988
2024-01-19,Riz,1,431,907
2024-01-19,Sorgho,1,284,790
2024-01-19,Igname,1,318,952
2024-01-19,Manioc,1,155,1074
2024-01-19,Soja,1,347,1015
2024-01-19,Coton,1,518,1005
2024-01-19,Cacao,1,1571,947
2024-01-19,Café,1,1341,889
2024-01-20,Maïs,1,230,1022
2024-01-20,Riz,1,425,920
2024-01-20,Sorgho,1,275,1026
2024-01-20,Igname,1,321,1008
2024-01-20,Manioc,1,160,905
2024-01-20,Soja,1,381,841
2024-01-20,Coton,1,541,1095
2024-01-20,Cacao,1,1648,925
2024-01-20,Café,1,1315,953
2024-01-21,Maïs,1,209,1015
2024-01-21,Riz,1,398,1071
2024-01-21,Sorgho,1,258,902
2024-01-21,Igname,1,327,872
2024-01-21,Manioc,1,159,927
2024-01-21,Soja,1,393,936
2024-01-21,Coton,1,546,957
2024-01-21,Cacao,1,1588,1199
2024-01-21,Café,1,1300,840
2024-01-22,Maïs,1,215,847
2024-01-22,Riz,1,432,960
2024-01-22,Sorgho,1,266,906
2024-01-22,Igname,1,310,920
2024-01-22,Manioc,1,160,1001
2024-01-22,Soja,1,375,887
2024-01-22,Coton,1,535,981
2024-01-22,Cacao,1,1673,949
2024-01-22,Café,1,1229,859
2024-01-23,Maïs,1,227,628
2024-01-23,Riz,1,437,950
2024-01-23,Sorgho,1,285,734
2024-01-23,Igname,1,335,933
2024-01-23,Manioc,1,161,781
2024-01-23,Soja,1,340,898
2024-01-23,Coton,1,522,981
2024-01-23,Cacao,1,1597,898
2024-01-23,Café,1,1209,1048
2024-01-24,Maïs,1,210,930
2024-01-24,Riz,1,427,952
2024-01-24,Sorgho,1,250,925
2024-01-24,Igname,1,344,755
2024-01-24,Manioc,1,152,1082
2024-01-24,Soja,1,403,751
2024-01-24,Coton,1,575,898
2024-01-24,Cacao,1,1627,1025
2024-01-24,Café,1,1119,911
2024-01-25,Maïs,1,214,1116
2024-01-25,Riz,1,409,728
2024-01-25,Sorgho,1,268,896
2024-01-25,Igname,1,338,914
2024-01-25,Manioc,1,157,1009
2024-01-25,Soja,1,381,866
2024-01-25,Coton,1,563,931
2024-01-25,Cacao,1,1655,882
2024-01-25,Café,1,1275,983
2024-01-26,Maïs,1,199,843
2024-01-26,Riz,1,406,906
2024-01-26,Sorgho,1,262,909
2024-01-26,Igname,1,334,994
2024-01-26,Manioc,1,167,926
2024-01-26,Soja,1,387,1042
2024-01-26,Coton,1,522,854
2024-01-26,Cacao,1,1633,879
2024-01-26,Café,1,1320,901
2024-01-27,Maïs,1,220,1004
2024-01-27,Riz,1,429,809
2024-01-27,Sorgho,1,280,973
2024-01-27,Igname,1,331,950
2024-01-27,Manioc,1,167,936
2024-01-27,Soja,1,366,997
2024-01-27,Coton,1,505,1075
2024-01-27,Cacao,1,1716,817
2024-01-27,Café,1,1272,851
2024-01-28,Maïs,1,199,927
2024-01-28,Riz,1,447,1052
2024-01-28,Sorgho,1,269,939
2024-01-28,Igname,1,325,949
2024-01-28,Manioc,1,160,984
2024-01-28,Soja,1,390,963
2024-01-28,Coton,1,571,942
2024-01-28,Cacao,1,1623,916
2024-01-28,Café,1,1306,1057
2024-01-29,Maïs,1,219,793
2024-01-29,Riz,1,399,972
2024-01-29,Sorgho,1,269,872
2024-01-29,Igname,1,331,892
2024-01-29,Manioc,1,158,892
2024-01-29,Soja,1,364,813
2024-01-29,Coton,1,510,1166
2024-01-29,Cacao,1,1572,925
2024-01-29,Café,1,1250,937
2024-01-30,Maïs,1,213,1082
2024-01-30,Riz,1,444,1006
2024-01-30,Sorgho,1,277,708
2024-01-30,Igname,1,346,930
2024-01-30,Manioc,1,150,843
2024-01-30,Soja,1,342,1112
2024-01-30,Coton,1,526,936
2024-01-30,Cacao,1,1511,997
2024-01-30,Café,1,1355,894
2024-01-31,Maïs,1,208,970
2024-01-31,Riz,1,427,953
2024-01-31,Sorgho,1,246,949
2024-01-31,Igname,1,308,963
2024-01-31,Manioc,1,158,948
2024-01-31,Soja,1,349,959
2024-01-31,Coton,1,509,979
2024-01-31,Cacao,1,1598,1028
2024-01-31,Café,1,1561,851
2024-02-01,Maïs,2,241,796
2024-02-01,Riz,2,451,900
2024-02-01,Sorgho,2,277,868
2024-02-01,Igname,2,332,970
2024-02-01,Manioc,2,160,910
2024-02-01,Soja,2,406,758
2024-02-01,Coton,2,563,904
2024-02-01,Cacao,2,1772,1020
2024-02-01,Café,2,1343,972
2024-02-02,Maïs,2,209,1016
2024-02-02,Riz,2,437,837
2024-02-02,Sorgho,2,287,873
2024-02-02,Igname,2,341,912
2024-02-02,Manioc,2,170,902
2024-02-02,Soja,2,408,869
2024-02-02,Coton,2,526,1027
2024-02-02,Cacao,2,1631,702
2024-02-02,Café,2,1395,927
2024-02-03,Maïs,2,226,960
2024-02-03,Riz,2,459,947
2024-02-03,Sorgho,2,294,528
2024-02-03,Igname,2,340,663
2024-02-03,Manioc,2,164,979
2024-02-03,Soja,2,409,627
2024-02-03,Coton,2,601,723
2024-02-03,Cacao,2,1692,1009
2024-02-03,Café,2,1325,764
2024-02-04,Maïs,2,242,817
2024-02-04,Riz,2,452,847
2024-02-04,Sorgho,2,291,780
2024-02-04,Igname,2,321,1091
2024-02-04,Manioc,2,174,900
2024-02-04,Soja,2,395,752
2024-02-04,Coton,2,595,947
2024-02-04,Cacao,2,1828,857
2024-02-04,Café,2,1205,1053
2024-02-05,Maïs,2,243,671
2024-02-05,Riz,2,422,954
2024-02-05,Sorgho,2,280,934
2024-02-05,Igname,2,335,1050
2024-02-05,Manioc,2,171,1048
2024-02-05,Soja,2,413,992
2024-02-05,Coton,2,572,854
2024-02-05,Cacao,2,1627,896
2024-02-05,Café,2,1391,897
2024-02-06,Maïs,2,219,861
2024-02-06,Riz,2,463,755
2024-02-06,Sorgho,2,286,812
2024-02-06,Igname,2,325,962
2024-02-06,Manioc,2,165,1166
2024-02-06,Soja,2,406,1044
2024-02-06,Coton,2,530,855
2024-02-06,Cacao,2,1718,952
2024-02-06,Café,2,1286,931
2024-02-07,Maïs,2,218,892
2024-02-07,Riz,2,453,856
2024-02-07,Sorgho,2,283,850
2024-02-07,Igname,2,354,965
2024-02-07,Manioc,2,158,840
2024-02-07,Soja,2,393,965
2024-02-07,Coton,2,569,901
2024-02-07,Cacao,2,1706,974
2024-02-07,Café,2,1347,836
2024-02-08,Maïs,2,239,907
2024-02-08,Riz,2,467,751
2024-02-08,Sorgho,2,296,856
2024-02-08,Igname,2,364,1000
2024-02-08,Manioc,2,157,949
2024-02-08,Soja,2,382,738
2024-02-08,Coton,2,546,829
2024-02-08,Cacao,2,1766,673
2024-02-08,Café,2,1374,891
2024-02-09,Maïs,2,225,1033
2024-02-09,Riz,2,462,1057
2024-02-09,Sorgho,2,278,966
2024-02-09,Igname,2,422,532
2024-02-09,Manioc,2,162,908
2024-02-09,Soja,2,401,837
2024-02-09,Coton,2,563,775
2024-02-09,Cacao,2,1660,962
2024-02-09,Café,2,1357,804
2024-02-10,Maïs,2,224,794
2024-02-10,Riz,2,439,913
2024-02-10,Sorgho,2,266,1018
2024-02-10,Igname,2,338,857
2024-02-10,Manioc,2,175,702
2024-02-10,Soja,2,387,923
2024-02-10,Coton,2,558,879
2024-02-10,Cacao,2,1791,933
2024-02-10,Café,2,1469,677
2024-02-11,Maïs,2,207,1085
2024-02-11,Riz,2,454,981
2024-02-11,Sorgho,2,306,778
2024-02-11,Igname,2,332,824
2024-02-11,Manioc,2,168,758
2024-02-11,Soja,2,390,966
2024-02-11,Coton,2,562,674
2024-02-11,Cacao,2,1792,801
2024-02-11,Café,2,1337,837
2024-02-12,Maïs,2,223,857
2024-02-12,Riz,2,423,834
2024-02-12,Sorgho,2,277,919
2024-02-12,Igname,2,336,752
2024-02-12,Manioc,2,178,925
2024-02-12,Soja,2,387,893
2024-02-12,Coton,2,538,870
2024-02-12,Cacao,2,1730,965
2024-02-12,Café,2,1255,1008
2024-02-13,Maïs,2,221,810
2024-02-13,Riz,2,459,764
2024-02-13,Sorgho,2,271,1187
2024-02-13,Igname,2,372,863
2024-02-13,Manioc,2,174,857
2024-02-13,Soja,2,380,852
2024-02-13,Coton,2,575,959
2024-02-13,Cacao,2,1736,788
2024-02-13,Café,2,1429,885
2024-02-14,Maïs,2,223,916
2024-02-14,Riz,2,445,896
2024-02-14,Sorgho,2,291,810
2024-02-14,Igname,2,331,706
2024-02-14,Manioc,2,179,919
2024-02-14,Soja,2,390,694
2024-02-14,Coton,2,571,850
2024-02-14,Cacao,2,1750,843
2024-02-14,Café,2,1330,940
2024-02-15,Maïs,2,227,998
2024-02-15,Riz,2,460,892
2024-02-15,Sorgho,2,265,890
2024-02-15,Igname,2,328,897
2024-02-15,Manioc,2,181,781
2024-02-15,Soja,2,374,711
2024-02-15,Coton,2,568,929
2024-02-15,Cacao,2,1686,805
2024-02-15,Café,2,1320,881
2024-02-16,Maïs,2,224,864
2024-02-16,Riz,2,448,1064
2024-02-16,Sorgho,2,300,837
2024-02-16,Igname,2,356,879
2024-02-16,Manioc,2,172,918
2024-02-16,Soja,2,416,978
2024-02-16,Coton,2,575,936
2024-02-16,Cacao,2,1654,859
2024-02-16,Café,2,1361,807
2024-02-17,Maïs,2,213,1027
2024-02-17,Riz,2,462,845
2024-02-17,Sorgho,2,279,790
2024-02-17,Igname,2,360,668
2024-02-17,Manioc,2,176,773
2024-02-17,Soja,2,420,909
2024-02-17,Coton,2,560,679
2024-02-17,Cacao,2,1641,805
2024-02-17,Café,2,1385,944
2024-02-18,Maïs,2,220,851
2024-02-18,Riz,2,438,906
2024-02-18,Sorgho,2,271,999
2024-02-18,Igname,2,350,979
2024-02-18,Manioc,2,169,1009
2024-02-18,Soja,2,447,622
2024-02-18,Coton,2,580,1056
2024-02-18,Cacao,2,1979,851
2024-02-18,Café,2,1262,918
2024-02-19,Maïs,2,227,997
2024-02-19,Riz,2,417,1160
2024-02-19,Sorgho,2,280,824
2024-02-19,Igname,2,325,1050
2024-02-19,Manioc,2,176,861
2024-02-19,Soja,2,400,892
2024-02-19,Coton,2,531,944
2024-02-19,Cacao,2,1697,800
2024-02-19,Café,2,1276,1000
2024-02-20,Maïs,2,222,815
2024-02-20,Riz,2,431,884
2024-02-20,Sorgho,2,252,1231
2024-02-20,Igname,2,348,911
2024-02-20,Manioc,2,176,773
2024-02-20,Soja,2,441,812
2024-02-20,Coton,2,566,892
2024-02-20,Cacao,2,1766,763
2024-02-20,Café,2,1274,1004
2024-02-21,Maïs,2,221,908
2024-02-21,Riz,2,456,927
2024-02-21,Sorgho,2,275,950
2024-02-21,Igname,2,348,848
2024-02-21,Manioc,2,176,807
2024-02-21,Soja,2,367,758
2024-02-21,Coton,2,567,828
2024-02-21,Cacao,2,1772,1052
2024-02-21,Café,2,1353,910
2024-02-22,Maïs,2,206,884
2024-02-22,Riz,2,457,865
2024-02-22,Sorgho,2,293,810
2024-02-22,Igname,2,339,948
2024-02-22,Manioc,2,169,1052
2024-02-22,Soja,2,409,927
2024-02-22,Coton,2,594,694
2024-02-22,Cacao,2,1705,884
2024-02-22,Café,2,1407,1035
2024-02-23,Maïs,2,230,925
2024-02-23,Riz,2,470,881
2024-02-23,Sorgho,2,318,603
2024-02-23,Igname,2,329,926
2024-02-23,Manioc,2,168,1026
2024-02-23,Soja,2,395,900
2024-02-23,Coton,2,569,778
2024-02-23,Cacao,2,1767,832
2024-02-23,Café,2,1492,867
2024-02-24,Maïs,2,233,640
2024-02-24,Riz,2,469,792
2024-02-24,Sorgho,2,284,895
2024-02-24,Igname,2,317,1020
2024-02-24,Manioc,2,173,917
2024-02-24,Soja,2,404,887
2024-02-24,Coton,2,575,997
2024-02-24,Cacao,2,1726,1010
2024-02-24,Café,2,1401,956
2024-02-25,Maïs,2,251,961
2024-02-25,Riz,2,423,910
2024-02-25,Sorgho,2,289,749
2024-02-25,Igname,2,323,1083
2024-02-25,Manioc,2,175,863
2024-02-25,Soja,2,413,855
2024-02-25,Coton,2,542,986
2024-02-25,Cacao,2,1663,820
2024-02-25,Café,2,1437,652
2024-02-26,Maïs,2,221,712
2024-02-26,Riz,2,460,931
2024-02-26,Sorgho,2,281,639
2024-02-26,Igname,2,349,1000
2024-02-26,Manioc,2,176,817
2024-02-26,Soja,2,416,793
2024-02-26,Coton,2,563,811
2024-02-26,Cacao,2,1734,762
2024-02-26,Café,2,1351,873
2024-02-27,Maïs,2,233,835
2024-02-27,Riz,2,465,842
2024-02-27,Sorgho,2,327,681
2024-02-27,Igname,2,340,874
2024-02-27,Manioc,2,168,877
2024-02-27,Soja,2,401,648
2024-02-27,Coton,2,532,1014
2024-02-27,Cacao,2,1723,748
2024-02-27,Café,2,1350,1096
2024-02-28,Maïs,2,234,841
2024-02-28,Riz,2,440,968
2024-02-28,Sorgho,2,305,651
2024-02-28,Igname,2,345,804
2024-02-28,Manioc,2,161,1108
2024-02-28,Soja,2,388,1057
2024-02-28,Coton,2,543,938
2024-02-28,Cacao,2,1769,897
2024-02-28,Café,2,1304,1023
2024-02-29,Maïs,2,236,809
2024-02-29,Riz,2,458,888
2024-02-29,Sorgho,2,289,960
2024-02-29,Igname,2,333,813
2024-02-29,Manioc,2,181,762
2024-02-29,Soja,2,417,896
2024-02-29,Coton,2,567,796
2024-02-29,Cacao,2,1700,908
2024-02-29,Café,2,1309,952
2024-03-01,Maïs,3,229,1006
2024-03-01,Riz,3,443,704
2024-03-01,Sorgho,3,307,836
2024-03-01,Igname,3,349,807
2024-03-01,Manioc,3,178,821
2024-03-01,Soja,3,386,986
2024-03-01,Coton,3,550,861
2024-03-01,Cacao,3,1723,904
2024-03-01,Café,3,1328,997
2024-03-02,Maïs,3,226,997
2024-03-02,Riz,3,493,738
2024-03-02,Sorgho,3,270,697
2024-03-02,Igname,3,335,952
2024-03-02,Manioc,3,171,910
2024-03-02,Soja,3,378,788
2024-03-02,Coton,3,567,1072
2024-03-02,Cacao,3,1705,908
2024-03-02,Café,3,1452,877
2024-03-03,Maïs,3,237,751
2024-03-03,Riz,3,463,731
2024-03-03,Sorgho,3,289,802
2024-03-03,Igname,3,358,811
2024-03-03,Manioc,3,184,660
2024-03-03,Soja,3,393,904
2024-03-03,Coton,3,561,1003
2024-03-03,Cacao,3,1725,1007
2024-03-03,Café,3,1530,985
2024-03-04,Maïs,3,215,929
2024-03-04,Riz,3,435,878
2024-03-04,Sorgho,3,271,1049
2024-03-04,Igname,3,333,1115
2024-03-04,Manioc,3,167,1137
2024-03-04,Soja,3,444,979
2024-03-04,Coton,3,550,989
2024-03-04,Cacao,3,1798,798
2024-03-04,Café,3,1365,954
2024-03-05,Maïs,3,217,1026
2024-03-05,Riz,3,470,854
2024-03-05,Sorgho,3,278,854
2024-03-05,Igname,3,377,869
2024-03-05,Manioc,3,164,929
2024-03-05,Soja,3,404,718
2024-03-05,Coton,3,556,1004
2024-03-05,Cacao,3,1669,1003
2024-03-05,Café,3,1379,879
2024-03-06,Maïs,3,220,861
2024-03-06,Riz,3,433,834
2024-03-06,Sorgho,3,309,805
2024-03-06,Igname,3,343,888
2024-03-06,Manioc,3,175,824
2024-03-06,Soja,3,416,782
2024-03-06,Coton,3,551,978
2024-03-06,Cacao,3,1827,731
2024-03-06,Café,3,1437,961
2024-03-07,Maïs,3,230,845
2024-03-07,Riz,3,467,689
2024-03-07,Sorgho,3,290,882
2024-03-07,Igname,3,332,814
2024-03-07,Manioc,3,151,926
2024-03-07,Soja,3,392,752
2024-03-07,Coton,3,605,766
2024-03-07,Cacao,3,1835,808
2024-03-07,Café,3,1449,757
2024-03-08,Maïs,3,234,708
2024-03-08,Riz,3,460,873
2024-03-08,Sorgho,3,310,698
2024-03-08,Igname,3,356,985
2024-03-08,Manioc,3,171,958
2024-03-08,Soja,3,388,964
2024-03-08,Coton,3,538,929
2024-03-08,Cacao,3,1608,935
2024-03-08,Café,3,1468,789
2024-03-09,Maïs,3,226,991
2024-03-09,Riz,3,469,891
2024-03-09,Sorgho,3,293,965
2024-03-09,Igname,3,357,957
2024-03-09,Manioc,3,182,721
2024-03-09,Soja,3,432,739
2024-03-09,Coton,3,612,825
2024-03-09,Cacao,3,1699,807
2024-03-09,Café,3,1366,924
2024-03-10,Maïs,3,243,867
2024-03-10,Riz,3,478,872
2024-03-10,Sorgho,3,298,753
2024-03-10,Igname,3,363,823
2024-03-10,Manioc,3,188,854
2024-03-10,Soja,3,399,808
2024-03-10,Coton,3,555,905
2024-03-10,Cacao,3,1675,921
2024-03-10,Café,3,1382,657
2024-03-11,Maïs,3,237,736
2024-03-11,Riz,3,463,852
2024-03-11,Sorgho,3,270,986
2024-03-11,Igname,3,349,796
2024-03-11,Manioc,3,167,959
2024-03-11,Soja,3,435,821
2024-03-11,Coton,3,570,898
2024-03-11,Cacao,3,1722,863
2024-03-11,Café,3,1470,915
2024-03-12,Maïs,3,247,772
2024-03-12,Riz,3,458,854
2024-03-12,Sorgho,3,279,943
2024-03-12,Igname,3,348,875
2024-03-12,Manioc,3,168,1022
2024-03-12,Soja,3,368,982
2024-03-12,Coton,3,612,680
2024-03-12,Cacao,3,1746,779
2024-03-12,Café,3,1313,926
2024-03-13,Maïs,3,245,869
2024-03-13,Riz,3,454,737
2024-03-13,Sorgho,3,285,1008
2024-03-13,Igname,3,337,897
2024-03-13,Manioc,3,175,675
2024-03-13,Soja,3,394,914
2024-03-13,Coton,3,564,862
2024-03-13,Cacao,3,1722,954
2024-03-13,Café,3,1289,841
2024-03-14,Maïs,3,236,978
2024-03-14,Riz,3,467,1146
2024-03-14,Sorgho,3,266,997
2024-03-14,Igname,3,347,858
2024-03-14,Manioc,3,175,988
2024-03-14,Soja,3,410,947
2024-03-14,Coton,3,572,823
2024-03-14,Cacao,3,1837,955
2024-03-14,Café,3,1446,753
2024-03-15,Maïs,3,241,766
2024-03-15,Riz,3,444,916
2024-03-15,Sorgho,3,284,1015
2024-03-15,Igname,3,343,687
2024-03-15,Manioc,3,166,929
2024-03-15,Soja,3,393,1014
2024-03-15,Coton,3,583,890
2024-03-15,Cacao,3,1757,765
2024-03-15,Café,3,1255,968
2024-03-16,Maïs,3,220,625
2024-03-16,Riz,3,446,1071
2024-03-16,Sorgho,3,278,929
2024-03-16,Igname,3,337,697
2024-03-16,Manioc,3,146,954
2024-03-16,Soja,3,400,928
2024-03-16,Coton,3,539,940
2024-03-16,Cacao,3,1822,786
2024-03-16,Café,3,1414,633
2024-03-17,Maïs,3,239,864
2024-03-17,Riz,3,503,698
2024-03-17,Sorgho,3,292,764
2024-03-17,Igname,3,357,992
2024-03-17,Manioc,3,175,955
2024-03-17,Soja,3,391,869
2024-03-17,Coton,3,587,733
2024-03-17,Cacao,3,1776,716
2024-03-17,Café,3,1360,961
2024-03-18,Maïs,3,236,839
2024-03-18,Riz,3,461,983
2024-03-18,Sorgho,3,298,915
2024-03-18,Igname,3,369,902
2024-03-18,Manioc,3,169,819
2024-03-18,Soja,3,402,738
2024-03-18,Coton,3,616,742
2024-03-18,Cacao,3,1766,757
2024-03-18,Café,3,1414,836
2024-03-19,Maïs,3,182,1127
2024-03-19,Riz,3,489,841
2024-03-19,Sorgho,3,293,744
2024-03-19,Igname,3,353,853
2024-03-19,Manioc,3,184,682
2024-03-19,Soja,3,415,811
2024-03-19,Coton,3,598,921
2024-03-19,Cacao,3,1711,815
2024-03-19,Café,3,1376,1028
2024-03-20,Maïs,3,230,795
2024-03-20,Riz,3,458,876
2024-03-20,Sorgho,3,275,851
2024-03-20,Igname,3,347,799
2024-03-20,Manioc,3,184,686
2024-03-20,Soja,3,391,1050
2024-03-20,Coton,3,580,1013
2024-03-20,Cacao,3,1768,747
2024-03-20,Café,3,1393,963
2024-03-21,Maïs,3,234,776
2024-03-21,Riz,3,432,793
2024-03-21,Sorgho,3,313,793
2024-03-21,Igname,3,372,763
2024-03-21,Manioc,3,167,928
2024-03-21,Soja,3,409,902
2024-03-21,Coton,3,563,921
2024-03-21,Cacao,3,1866,780
2024-03-21,Café,3,1444,901
2024-03-22,Maïs,3,234,698
2024-03-22,Riz,3,500,667
2024-03-22,Sorgho,3,282,1107
2024-03-22,Igname,3,351,811
2024-03-22,Manioc,3,164,963
2024-03-22,Soja,3,395,888
2024-03-22,Coton,3,569,885
2024-03-22,Cacao,3,1823,832
2024-03-22,Café,3,1387,1001
2024-03-23,Maïs,3,226,972
2024-03-23,Riz,3,471,787
2024-03-23,Sorgho,3,291,716
2024-03-23,Igname,3,327,923
2024-03-23,Manioc,3,179,694
2024-03-23,Soja,3,396,951
2024-03-23,Coton,3,560,1104
2024-03-23,Cacao,3,1696,822
2024-03-23,Café,3,1482,809
2024-03-24,Maïs,3,223,794
2024-03-24,Riz,3,460,802
2024-03-24,Sorgho,3,305,844
2024-03-24,Igname,3,347,625
2024-03-24,Manioc,3,166,1039
2024-03-24,Soja,3,520,661
2024-03-24,Coton,3,596,838
2024-03-24,Cacao,3,1705,970
2024-03-24,Café,3,1333,811
2024-03-25,Maïs,3,238,814
2024-03-25,Riz,3,480,772
2024-03-25,Sorgho,3,295,774
2024-03-25,Igname,3,364,733
2024-03-25,Manioc,3,166,803
2024-03-25,Soja,3,400,876
2024-03-25,Coton,3,582,800
2024-03-25,Cacao,3,1749,968
2024-03-25,Café,3,1370,633
2024-03-26,Maïs,3,257,509
2024-03-26,Riz,3,471,789
2024-03-26,Sorgho,3,290,828
2024-03-26,Igname,3,342,905
2024-03-26,Manioc,3,175,913
2024-03-26,Soja,3,434,849
2024-03-26,Coton,3,602,877
2024-03-26,Cacao,3,1740,731
2024-03-26,Café,3,1415,856
2024-03-27,Maïs,3,251,845
2024-03-27,Riz,3,473,839
2024-03-27,Sorgho,3,282,947
2024-03-27,Igname,3,354,755
2024-03-27,Manioc,3,174,766
2024-03-27,Soja,3,379,815
2024-03-27,Coton,3,600,696
2024-03-27,Cacao,3,1662,832
2024-03-27,Café,3,1348,895
2024-03-28,Maïs,3,236,830
2024-03-28,Riz,3,452,882
2024-03-28,Sorgho,3,289,754
2024-03-28,Igname,3,336,874
2024-03-28,Manioc,3,181,597
2024-03-28,Soja,3,407,891
2024-03-28,Coton,3,579,821
2024-03-28,Cacao,3,1614,912
2024-03-28,Café,3,1394,1004
2024-03-29,Maïs,3,228,948
2024-03-29,Riz,3,452,787
2024-03-29,Sorgho,3,302,936
2024-03-29,Igname,3,365,898
2024-03-29,Manioc,3,182,856
2024-03-29,Soja,3,404,1071
2024-03-29,Coton,3,589,771
2024-03-29,Cacao,3,1772,886
2024-03-29,Café,3,1403,881
2024-03-30,Maïs,3,233,733
2024-03-30,Riz,3,469,883
2024-03-30,Sorgho,3,313,801
2024-03-30,Igname,3,356,867
2024-03-30,Manioc,3,184,888
2024-03-30,Soja,3,442,772
2024-03-30,Coton,3,594,866
2024-03-30,Cacao,3,1752,635
2024-03-30,Café,3,1351,716
2024-03-31,Maïs,3,233,972
2024-03-31,Riz,3,494,794
2024-03-31,Sorgho,3,314,606
2024-03-31,Igname,3,351,775
2024-03-31,Manioc,3,183,692
2024-03-31,Soja,3,424,889
2024-03-31,Coton,3,567,853
2024-03-31,Cacao,3,1891,797
2024-03-31,Café,3,1370,955
2024-04-01,Maïs,4,227,803
2024-04-01,Riz,4,470,835
2024-04-01,Sorgho,4,278,858
2024-04-01,Igname,4,359,836
2024-04-01,Manioc,4,183,937
2024-04-01,Soja,4,409,795
2024-04-01,Coton,4,567,888
2024-04-01,Cacao,4,1804,959
2024-04-01,Café,4,1347,959
2024-04-02,Maïs,4,219,1009
2024-04-02,Riz,4,425,909
2024-04-02,Sorgho,4,270,884
2024-04-02,Igname,4,388,679
2024-04-02,Manioc,4,177,926
2024-04-02,Soja,4,395,865
2024-04-02,Coton,4,525,929
2024-04-02,Cacao,4,1677,797
2024-04-02,Café,4,1315,990
2024-04-03,Maïs,4,213,903
2024-04-03,Riz,4,483,950
2024-04-03,Sorgho,4,293,711
2024-04-03,Igname,4,331,646
2024-04-03,Manioc,4,177,919
2024-04-03,Soja,4,387,925
2024-04-03,Coton,4,577,1008
2024-04-03,Cacao,4,1648,999
2024-04-03,Café,4,1234,897
2024-04-04,Maïs,4,239,995
2024-04-04,Riz,4,469,745
2024-04-04,Sorgho,4,304,969
2024-04-04,Igname,4,319,887
2024-04-04,Manioc,4,164,899
2024-04-04,Soja,4,403,725
2024-04-04,Coton,4,496,1105
2024-04-04,Cacao,4,1682,997
2024-04-04,Café,4,1302,895
2024-04-05,Maïs,4,227,827
2024-04-05,Riz,4,471,834
2024-04-05,Sorgho,4,261,1129
2024-04-05,Igname,4,348,867
2024-04-05,Manioc,4,166,817
2024-04-05,Soja,4,391,831
2024-04-05,Coton,4,590,863
2024-04-05,Cacao,4,1611,1046
2024-04-05,Café,4,1371,949
2024-04-06,Maïs,4,228,762
2024-04-06,Riz,4,417,1036
2024-04-06,Sorgho,4,281,975
2024-04-06,Igname,4,326,926
2024-04-06,Manioc,4,169,892
2024-04-06,Soja,4,358,926
2024-04-06,Coton,4,610,821
2024-04-06,Cacao,4,1735,794
2024-04-06,Café,4,1359,873
2024-04-07,Maïs,4,230,929
2024-04-07,Riz,4,431,817
2024-04-07,Sorgho,4,292,879
2024-04-07,Igname,4,359,931
2024-04-07,Manioc,4,179,952
2024-04-07,Soja,4,376,941
2024-04-07,Coton,4,533,1134
2024-04-07,Cacao,4,1758,679
2024-04-07,Café,4,1300,983
2024-04-08,Maïs,4,236,743
2024-04-08,Riz,4,481,854
2024-04-08,Sorgho,4,272,841
2024-04-08,Igname,4,309,791
2024-04-08,Manioc,4,173,796
2024-04-08,Soja,4,396,783
2024-04-08,Coton,4,595,784
2024-04-08,Cacao,4,1713,975
2024-04-08,Café,4,1349,875
2024-04-09,Maïs,4,219,925
2024-04-09,Riz,4,454,960
2024-04-09,Sorgho,4,290,943
2024-04-09,Igname,4,328,1054
2024-04-09,Manioc,4,169,781
2024-04-09,Soja,4,408,742
2024-04-09,Coton,4,578,703
2024-04-09,Cacao,4,1661,815
2024-04-09,Café,4,1429,979
2024-04-10,Maïs,4,239,681
2024-04-10,Riz,4,448,744
2024-04-10,Sorgho,4,267,745
2024-04-10,Igname,4,353,906
2024-04-10,Manioc,4,162,1110
2024-04-10,Soja,4,388,819
2024-04-10,Coton,4,489,1076
2024-04-10,Cacao,4,1608,876
2024-04-10,Café,4,1394,813
2024-04-11,Maïs,4,235,728
2024-04-11,Riz,4,445,1118
2024-04-11,Sorgho,4,282,861
2024-04-11,Igname,4,363,820
2024-04-11,Manioc,4,174,781
2024-04-11,Soja,4,392,900
2024-04-11,Coton,4,539,736
2024-04-11,Cacao,4,1588,1143
2024-04-11,Café,4,1404,778
2024-04-12,Maïs,4,234,1025
2024-04-12,Riz,4,405,1051
2024-04-12,Sorgho,4,253,974
2024-04-12,Igname,4,333,827
2024-04-12,Manioc,4,178,760
2024-04-12,Soja,4,425,730
2024-04-12,Coton,4,549,976
2024-04-12,Cacao,4,1663,997
2024-04-12,Café,4,1379,940
2024-04-13,Maïs,4,227,958
2024-04-13,Riz,4,434,957
2024-04-13,Sorgho,4,258,972
2024-04-13,Igname,4,351,857
2024-04-13,Manioc,4,180,1022
2024-04-13,Soja,4,418,864
2024-04-13,Coton,4,590,849
2024-04-13,Cacao,4,1810,781
2024-04-13,Café,4,1426,719
2024-04-14,Maïs,4,226,871
2024-04-14,Riz,4,495,767
2024-04-14,Sorgho,4,294,931
2024-04-14,Igname,4,354,1057
2024-04-14,Manioc,4,165,801
2024-04-14,Soja,4,385,828
2024-04-14,Coton,4,562,1099
2024-04-14,Cacao,4,1671,816
2024-04-14,Café,4,1406,924
2024-04-15,Maïs,4,252,725
2024-04-15,Riz,4,470,907
2024-04-15,Sorgho,4,286,794
2024-04-15,Igname,4,337,801
2024-04-15,Manioc,4,167,1010
2024-04-15,Soja,4,373,1054
2024-04-15,Coton,4,562,798
2024-04-15,Cacao,4,1745,769
2024-04-15,Café,4,1376,785
2024-04-16,Maïs,4,236,840
2024-04-16,Riz,4,444,1025
2024-04-16,Sorgho,4,279,766
2024-04-16,Igname,4,319,834
2024-04-16,Manioc,4,184,874
2024-04-16,Soja,4,396,1042
2024-04-16,Coton,4,616,846
2024-04-16,Cacao,4,1810,889
2024-04-16,Café,4,1446,776
2024-04-17,Maïs,4,230,820
2024-04-17,Riz,4,430,837
2024-04-17,Sorgho,4,277,975
2024-04-17,Igname,4,370,869
2024-04-17,Manioc,4,166,989
2024-04-17,Soja,4,409,784
2024-04-17,Coton,4,587,832
2024-04-17,Cacao,4,1714,886
2024-04-17,Café,4,1386,830
2024-04-18,Maïs,4,222,841
2024-04-18,Riz,4,437,1073
2024-04-18,Sorgho,4,284,1086
2024-04-18,Igname,4,320,800
2024-04-18,Manioc,4,189,744
2024-04-18,Soja,4,333,1053
2024-04-18,Coton,4,598,684
2024-04-18,Cacao,4,1982,663
2024-04-18,Café,4,1438,975
2024-04-19,Maïs,4,227,943
2024-04-19,Riz,4,441,978
2024-04-19,Sorgho,4,303,835
2024-04-19,Igname,4,351,971
2024-04-19,Manioc,4,185,751
2024-04-19,Soja,4,402,786
2024-04-19,Coton,4,593,663
2024-04-19,Cacao,4,1751,872
2024-04-19,Café,4,1379,769
2024-04-20,Maïs,4,224,849
2024-04-20,Riz,4,461,800
2024-04-20,Sorgho,4,306,722
2024-04-20,Igname,4,336,778
2024-04-20,Manioc,4,165,963
2024-04-20,Soja,4,419,693
2024-04-20,Coton,4,572,942
2024-04-20,Cacao,4,1725,857
2024-04-20,Café,4,1360,768
2024-04-21,Maïs,4,247,723
2024-04-21,Riz,4,473,858
2024-04-21,Sorgho,4,293,881
2024-04-21,Igname,4,356,691
2024-04-21,Manioc,4,170,847
2024-04-21,Soja,4,402,960
2024-04-21,Coton,4,569,920
2024-04-21,Cacao,4,1738,837
2024-04-21,Café,4,1329,983
2024-04-22,Maïs,4,224,723
2024-04-22,Riz,4,456,1034
2024-04-22,Sorgho,4,285,881
2024-04-22,Igname,4,353,702
2024-04-22,Manioc,4,167,957
2024-04-22,Soja,4,371,1097
2024-04-22,Coton,4,584,829
2024-04-22,Cacao,4,1816,956
2024-04-22,Café,4,1365,912
2024-04-23,Maïs,4,212,854
2024-04-23,Riz,4,471,828
2024-04-23,Sorgho,4,293,741
2024-04-23,Igname,4,362,652
2024-04-23,Manioc,4,176,825
2024-04-23,Soja,4,425,833
2024-04-23,Coton,4,583,830
2024-04-23,Cacao,4,1608,1009
2024-04-23,Café,4,1403,786
2024-04-24,Maïs,4,217,878
2024-04-24,Riz,4,446,978
2024-04-24,Sorgho,4,272,1060
2024-04-24,Igname,4,351,809
2024-04-24,Manioc,4,169,864
2024-04-24,Soja,4,396,792
2024-04-24,Coton,4,584,630
2024-04-24,Cacao,4,1611,1001
2024-04-24,Café,4,1356,975
2024-04-25,Maïs,4,229,807
2024-04-25,Riz,4,424,729
2024-04-25,Sorgho,4,288,922
2024-04-25,Igname,4,334,1012
2024-04-25,Manioc,4,175,881
2024-04-25,Soja,4,391,848
2024-04-25,Coton,4,578,976
2024-04-25,Cacao,4,1846,857
2024-04-25,Café,4,1396,737
2024-04-26,Maïs,4,224,715
2024-04-26,Riz,4,448,679
2024-04-26,Sorgho,4,305,877
2024-04-26,Igname,4,347,983
2024-04-26,Manioc,4,161,873
2024-04-26,Soja,4,406,872
2024-04-26,Coton,4,501,975
2024-04-26,Cacao,4,1761,946
2024-04-26,Café,4,1303,883
2024-04-27,Maïs,4,229,825
2024-04-27,Riz,4,449,794
2024-04-27,Sorgho,4,292,634
2024-04-27,Igname,4,327,1045
2024-04-27,Manioc,4,189,872
2024-04-27,Soja,4,374,842
2024-04-27,Coton,4,557,982
2024-04-27,Cacao,4,1688,923
2024-04-27,Café,4,1473,824
2024-04-28,Maïs,4,218,869
2024-04-28,Riz,4,450,868
2024-04-28,Sorgho,4,311,909
2024-04-28,Igname,4,357,604
2024-04-28,Manioc,4,154,1121
2024-04-28,Soja,4,425,1071
2024-04-28,Coton,4,532,967
2024-04-28,Cacao,4,1813,869
2024-04-28,Café,4,1367,925
2024-04-29,Maïs,4,225,950
2024-04-29,Riz,4,440,990
2024-04-29,Sorgho,4,278,1060
2024-04-29,Igname,4,356,936
2024-04-29,Manioc,4,170,961
2024-04-29,Soja,4,418,927
2024-04-29,Coton,4,589,942
2024-04-29,Cacao,4,1647,1110
2024-04-29,Café,4,1336,912
2024-04-30,Maïs,4,233,989
2024-04-30,Riz,4,453,862
2024-04-30,Sorgho,4,272,937
2024-04-30,Igname,4,345,874
2024-04-30,Manioc,4,183,782
2024-04-30,Soja,4,421,926
2024-04-30,Coton,4,541,1027
2024-04-30,Cacao,4,1765,860
2024-04-30,Café,4,1321,939
2024-05-01,Maïs,5,205,993
2024-05-01,Riz,5,481,749
2024-05-01,Sorgho,5,279,978
2024-05-01,Igname,5,350,761
2024-05-01,Manioc,5,154,839
2024-05-01,Soja,5,350,921
2024-05-01,Coton,5,525,749
2024-05-01,Cacao,5,1705,998
2024-05-01,Café,5,1281,1004
2024-05-02,Maïs,5,223,916
2024-05-02,Riz,5,403,1071
2024-05-02,Sorgho,5,265,951
2024-05-02,Igname,5,319,1029
2024-05-02,Manioc,5,170,832
2024-05-02,Soja,5,366,941
2024-05-02,Coton,5,537,993
2024-05-02,Cacao,5,1673,894
2024-05-02,Café,5,1355,652
2024-05-03,Maïs,5,214,773
2024-05-03,Riz,5,413,1036
2024-05-03,Sorgho,5,254,910
2024-05-03,Igname,5,307,856
2024-05-03,Manioc,5,158,881
2024-05-03,Soja,5,370,794
2024-05-03,Coton,5,576,915
2024-05-03,Cacao,5,1654,717
2024-05-03,Café,5,1279,960
2024-05-04,Maïs,5,220,945
2024-05-04,Riz,5,426,887
2024-05-04,Sorgho,5,276,851
2024-05-04,Igname,5,329,911
2024-05-04,Manioc,5,152,1025
2024-05-04,Soja,5,408,937
2024-05-04,Coton,5,528,939
2024-05-04,Cacao,5,1612,1036
2024-05-04,Café,5,1349,775
2024-05-05,Maïs,5,216,828
2024-05-05,Riz,5,451,955
2024-05-05,Sorgho,5,290,995
2024-05-05,Igname,5,327,840
2024-05-05,Manioc,5,170,828
2024-05-05,Soja,5,420,834
2024-05-05,Coton,5,516,765
2024-05-05,Cacao,5,1675,864
2024-05-05,Café,5,1294,976
2024-05-06,Maïs,5,216,831
2024-05-06,Riz,5,447,918
2024-05-06,Sorgho,5,268,1015
2024-05-06,Igname,5,334,1018
2024-05-06,Manioc,5,163,961
2024-05-06,Soja,5,391,879
2024-05-06,Coton,5,494,931
2024-05-06,Cacao,5,1718,913
2024-05-06,Café,5,1303,988
2024-05-07,Maïs,5,220,990
2024-05-07,Riz,5,435,973
2024-05-07,Sorgho,5,299,946
2024-05-07,Igname,5,342,934
2024-05-07,Manioc,5,163,948
2024-05-07,Soja,5,401,753
2024-05-07,Coton,5,564,1145
2024-05-07,Cacao,5,1658,804
2024-05-07,Café,5,1485,992
2024-05-08,Maïs,5,225,835
2024-05-08,Riz,5,452,883
2024-05-08,Sorgho,5,262,1151
2024-05-08,Igname,5,331,950
2024-05-08,Manioc,5,156,948
2024-05-08,Soja,5,406,843
2024-05-08,Coton,5,525,859
2024-05-08,Cacao,5,1574,928
2024-05-08,Café,5,1300,966
2024-05-09,Maïs,5,207,1075
2024-05-09,Riz,5,411,1086
2024-05-09,Sorgho,5,280,875
2024-05-09,Igname,5,434,691
2024-05-09,Manioc,5,166,858
2024-05-09,Soja,5,388,763
2024-05-09,Coton,5,582,836
2024-05-09,Cacao,5,1503,1039
2024-05-09,Café,5,1301,995
2024-05-10,Maïs,5,217,936
2024-05-10,Riz,5,431,761
2024-05-10,Sorgho,5,311,789
2024-05-10,Igname,5,330,955
2024-05-10,Manioc,5,164,765
2024-05-10,Soja,5,377,1026
2024-05-10,Coton,5,559,1038
2024-05-10,Cacao,5,1627,932
2024-05-10,Café,5,1284,763
2024-05-11,Maïs,5,222,797
2024-05-11,Riz,5,459,611
2024-05-11,Sorgho,5,274,1153
2024-05-11,Igname,5,315,958
2024-05-11,Manioc,5,153,1034
2024-05-11,Soja,5,382,898
2024-05-11,Coton,5,570,857
2024-05-11,Cacao,5,1720,794
2024-05-11,Café,5,1349,851
2024-05-12,Maïs,5,226,916
2024-05-12,Riz,5,413,1037
2024-05-12,Sorgho,5,270,966
2024-05-12,Igname,5,335,801
2024-05-12,Manioc,5,155,1113
2024-05-12,Soja,5,397,881
2024-05-12,Coton,5,526,1073
2024-05-12,Cacao,5,1654,1011
2024-05-12,Café,5,1403,976
2024-05-13,Maïs,5,215,951
2024-05-13,Riz,5,451,901
2024-05-13,Sorgho,5,278,1016
2024-05-13,Igname,5,294,1042
2024-05-13,Manioc,5,159,1037
2024-05-13,Soja,5,378,945
2024-05-13,Coton,5,615,715
2024-05-13,Cacao,5,1558,1035
2024-05-13,Café,5,1387,782
2024-05-14,Maïs,5,211,1166
2024-05-14,Riz,5,421,1148
2024-05-14,Sorgho,5,284,657
2024-05-14,Igname,5,325,816
2024-05-14,Manioc,5,162,717
2024-05-14,Soja,5,409,982
2024-05-14,Coton,5,564,941
2024-05-14,Cacao,5,1773,883
2024-05-14,Café,5,1429,753
2024-05-15,Maïs,5,216,912
2024-05-15,Riz,5,423,949
2024-05-15,Sorgho,5,270,992
2024-05-15,Igname,5,327,855
2024-05-15,Manioc,5,166,1090
2024-05-15,Soja,5,367,1050
2024-05-15,Coton,5,521,920
2024-05-15,Cacao,5,1593,1095
2024-05-15,Café,5,1319,858
2024-05-16,Maïs,5,216,910
2024-05-16,Riz,5,426,847
2024-05-16,Sorgho,5,249,725
2024-05-16,Igname,5,340,823
2024-05-16,Manioc,5,165,798
2024-05-16,Soja,5,386,1016
2024-05-16,Coton,5,570,839
2024-05-16,Cacao,5,1520,1157
2024-05-16,Café,5,1399,862
2024-05-17,Maïs,5,211,887
2024-05-17,Riz,5,403,1160
2024-05-17,Sorgho,5,259,1158
2024-05-17,Igname,5,325,1078
2024-05-17,Manioc,5,162,877
2024-05-17,Soja,5,394,874
2024-05-17,Coton,5,558,867
2024-05-17,Cacao,5,1636,871
2024-05-17,Café,5,1310,1082
2024-05-18,Maïs,5,225,1041
2024-05-18,Riz,5,449,977
2024-05-18,Sorgho,5,270,1173
2024-05-18,Igname,5,345,764
2024-05-18,Manioc,5,165,815
2024-05-18,Soja,5,350,1160
2024-05-18,Coton,5,495,1068
2024-05-18,Cacao,5,1589,779
2024-05-18,Café,5,1336,947
2024-05-19,Maïs,5,223,905
2024-05-19,Riz,5,395,1214
2024-05-19,Sorgho,5,267,998
2024-05-19,Igname,5,348,747
2024-05-19,Manioc,5,160,890
2024-05-19,Soja,5,376,773
2024-05-19,Coton,5,552,865
2024-05-19,Cacao,5,1627,930
2024-05-19,Café,5,1402,709
2024-05-20,Maïs,5,213,886
2024-05-20,Riz,5,463,736
2024-05-20,Sorgho,5,289,849
2024-05-20,Igname,5,336,985
2024-05-20,Manioc,5,174,869
2024-05-20,Soja,5,364,704
2024-05-20,Coton,5,508,1012
2024-05-20,Cacao,5,1641,798
2024-05-20,Café,5,1315,879
2024-05-21,Maïs,5,208,895
2024-05-21,Riz,5,396,1173
2024-05-21,Sorgho,5,272,880
2024-05-21,Igname,5,351,753
2024-05-21,Manioc,5,165,1008
2024-05-21,Soja,5,375,1102
2024-05-21,Coton,5,583,924
2024-05-21,Cacao,5,1452,1036
2024-05-21,Café,5,1290,1062
2024-05-22,Maïs,5,216,928
2024-05-22,Riz,5,449,972
2024-05-22,Sorgho,5,277,951
2024-05-22,Igname,5,343,736
2024-05-22,Manioc,5,162,866
2024-05-22,Soja,5,385,779
2024-05-22,Coton,5,596,915
2024-05-22,Cacao,5,1547,1050
2024-05-22,Café,5,1290,886
2024-05-23,Maïs,5,232,750
2024-05-23,Riz,5,438,912
2024-05-23,Sorgho,5,264,900
2024-05-23,Igname,5,363,577
2024-05-23,Manioc,5,165,1056
2024-05-23,Soja,5,356,987
2024-05-23,Coton,5,539,843
2024-05-23,Cacao,5,1605,983
2024-05-23,Café,5,1469,891
2024-05-24,Maïs,5,226,899
2024-05-24,Riz,5,466,910
2024-05-24,Sorgho,5,270,1309
2024-05-24,Igname,5,304,1148
2024-05-24,Manioc,5,150,1289
2024-05-24,Soja,5,393,863
2024-05-24,Coton,5,529,1162
2024-05-24,Cacao,5,1681,976
2024-05-24,Café,5,1368,1017
2024-05-25,Maïs,5,217,910
2024-05-25,Riz,5,436,987
2024-05-25,Sorgho,5,269,962
2024-05-25,Igname,5,321,698
2024-05-25,Manioc,5,164,926
2024-05-25,Soja,5,398,803
2024-05-25,Coton,5,548,833
2024-05-25,Cacao,5,1487,1037
2024-05-25,Café,5,1273,1008
2024-05-26,Maïs,5,213,768
2024-05-26,Riz,5,435,1020
2024-05-26,Sorgho,5,293,936
2024-05-26,Igname,5,327,884
2024-05-26,Manioc,5,147,1069
2024-05-26,Soja,5,364,979
2024-05-26,Coton,5,598,801
2024-05-26,Cacao,5,1609,907
2024-05-26,Café,5,1325,959
2024-05-27,Maïs,5,216,853
2024-05-27,Riz,5,445,803
2024-05-27,Sorgho,5,259,1055
2024-05-27,Igname,5,311,1048
2024-05-27,Manioc,5,182,940
2024-05-27,Soja,5,357,852
2024-05-27,Coton,5,546,895
2024-05-27,Cacao,5,1697,754
2024-05-27,Café,5,1300,1106
2024-05-28,Maïs,5,211,966
2024-05-28,Riz,5,464,781
2024-05-28,Sorgho,5,261,962
2024-05-28,Igname,5,318,918
2024-05-28,Manioc,5,170,859
2024-05-28,Soja,5,400,636
2024-05-28,Coton,5,553,843
2024-05-28,Cacao,5,1675,872
2024-05-28,Café,5,1351,830
2024-05-29,Maïs,5,225,961
2024-05-29,Riz,5,458,922
2024-05-29,Sorgho,5,265,896
2024-05-29,Igname,5,313,1141
2024-05-29,Manioc,5,166,1020
2024-05-29,Soja,5,385,1086
2024-05-29,Coton,5,551,1032
2024-05-29,Cacao,5,1716,804
2024-05-29,Café,5,1278,1041
2024-05-30,Maïs,5,224,915
2024-05-30,Riz,5,468,886
2024-05-30,Sorgho,5,294,657
2024-05-30,Igname,5,330,965
2024-05-30,Manioc,5,173,854
2024-05-30,Soja,5,404,955
2024-05-30,Coton,5,580,837
2024-05-30,Cacao,5,1565,981
2024-05-30,Café,5,1291,1190
2024-05-31,Maïs,5,228,826
2024-05-31,Riz,5,435,1008
2024-05-31,Sorgho,5,291,880
2024-05-31,Igname,5,280,1043
2024-05-31,Manioc,5,161,746
2024-05-31,Soja,5,388,1070
2024-05-31,Coton,5,525,1000
2024-05-31,Cacao,5,1788,839
2024-05-31,Café,5,1182,1046
2024-06-01,Maïs,6,207,908
2024-06-01,Riz,6,409,863
2024-06-01,Sorgho,6,275,811
2024-06-01,Igname,6,318,888
2024-06-01,Manioc,6,163,931
2024-06-01,Soja,6,347,979
2024-06-01,Coton,6,520,862
2024-06-01,Cacao,6,1491,964
2024-06-01,Café,6,1190,940
2024-06-02,Maïs,6,219,1016
2024-06-02,Riz,6,387,873
2024-06-02,Sorgho,6,263,1049
2024-06-02,Igname,6,312,989
2024-06-02,Manioc,6,152,857
2024-06-02,Soja,6,364,995
2024-06-02,Coton,6,516,1026
2024-06-02,Cacao,6,1537,933
2024-06-02,Café,6,1236,872
2024-06-03,Maïs,6,199,966
2024-06-03,Riz,6,443,1030
2024-06-03,Sorgho,6,271,892
2024-06-03,Igname,6,308,1134
2024-06-03,Manioc,6,150,1029
2024-06-03,Soja,6,381,741
2024-06-03,Coton,6,513,984
2024-06-03,Cacao,6,1429,1047
2024-06-03,Café,6,1145,1000
2024-06-04,Maïs,6,193,1045
2024-06-04,Riz,6,381,1058
2024-06-04,Sorgho,6,279,798
2024-06-04,Igname,6,303,874
2024-06-04,Manioc,6,163,869
2024-06-04,Soja,6,355,1097
2024-06-04,Coton,6,513,841
2024-06-04,Cacao,6,1491,1111
2024-06-04,Café,6,1327,942
2024-06-05,Maïs,6,196,962
2024-06-05,Riz,6,436,956
2024-06-05,Sorgho,6,237,1003
2024-06-05,Igname,6,320,927
2024-06-05,Manioc,6,166,1045
2024-06-05,Soja,6,366,1029
2024-06-05,Coton,6,506,1054
2024-06-05,Cacao,6,1561,959
2024-06-05,Café,6,1273,989
2024-06-06,Maïs,6,219,794
2024-06-06,Riz,6,376,1082
2024-06-06,Sorgho,6,247,1032
2024-06-06,Igname,6,327,790
2024-06-06,Manioc,6,161,1047
2024-06-06,Soja,6,355,1063
2024-06-06,Coton,6,462,1176
2024-06-06,Cacao,6,1554,1200
2024-06-06,Café,6,1198,1082
2024-06-07,Maïs,6,226,775
2024-06-07,Riz,6,375,986
2024-06-07,Sorgho,6,271,922
2024-06-07,Igname,6,286,1017
2024-06-07,Manioc,6,149,886
2024-06-07,Soja,6,371,1001
2024-06-07,Coton,6,486,1124
2024-06-07,Cacao,6,1607,868
2024-06-07,Café,6,1190,1195
2024-06-08,Maïs,6,206,843
2024-06-08,Riz,6,408,927
2024-06-08,Sorgho,6,252,1121
2024-06-08,Igname,6,293,1073
2024-06-08,Manioc,6,145,1083
2024-06-08,Soja,6,345,1143
2024-06-08,Coton,6,493,944
2024-06-08,Cacao,6,1479,926
2024-06-08,Café,6,1173,994
2024-06-09,Maïs,6,196,1054
2024-06-09,Riz,6,408,1256
2024-06-09,Sorgho,6,280,642
2024-06-09,Igname,6,306,820
2024-06-09,Manioc,6,162,876
2024-06-09,Soja,6,352,704
2024-06-09,Coton,6,535,773
2024-06-09,Cacao,6,1641,910
2024-06-09,Café,6,1204,860
2024-06-10,Maïs,6,204,1033
2024-06-10,Riz,6,414,889
2024-06-10,Sorgho,6,243,1091
2024-06-10,Igname,6,326,843
2024-06-10,Manioc,6,155,923
2024-06-10,Soja,6,375,920
2024-06-10,Coton,6,505,865
2024-06-10,Cacao,6,1553,943
2024-06-10,Café,6,1249,1087
2024-06-11,Maïs,6,227,905
2024-06-11,Riz,6,431,941
2024-06-11,Sorgho,6,244,937
2024-06-11,Igname,6,321,927
2024-06-11,Manioc,6,144,855
2024-06-11,Soja,6,355,935
2024-06-11,Coton,6,554,943
2024-06-11,Cacao,6,1448,1048
2024-06-11,Café,6,1297,937
2024-06-12,Maïs,6,190,1251
2024-06-12,Riz,6,420,878
2024-06-12,Sorgho,6,254,1062
2024-06-12,Igname,6,314,796
2024-06-12,Manioc,6,139,1140
2024-06-12,Soja,6,374,995
2024-06-12,Coton,6,537,897
2024-06-12,Cacao,6,1522,999
2024-06-12,Café,6,1181,1179
2024-06-13,Maïs,6,189,1200
2024-06-13,Riz,6,422,866
2024-06-13,Sorgho,6,256,844
2024-06-13,Igname,6,313,825
2024-06-13,Manioc,6,148,995
2024-06-13,Soja,6,345,955
2024-06-13,Coton,6,486,1061
2024-06-13,Cacao,6,1486,1040
2024-06-13,Café,6,1269,865
2024-06-14,Maïs,6,209,1040
2024-06-14,Riz,6,430,675
2024-06-14,Sorgho,6,245,986
2024-06-14,Igname,6,304,1072
2024-06-14,Manioc,6,160,762
2024-06-14,Soja,6,353,936
2024-06-14,Coton,6,497,1029
2024-06-14,Cacao,6,1578,901
2024-06-14,Café,6,1080,933
2024-06-15,Maïs,6,210,965
2024-06-15,Riz,6,391,902
2024-06-15,Sorgho,6,253,1037
2024-06-15,Igname,6,318,922
2024-06-15,Manioc,6,147,1026
2024-06-15,Soja,6,356,924
2024-06-15,Coton,6,563,790
2024-06-15,Cacao,6,1482,1135
2024-06-15,Café,6,1246,1014
2024-06-16,Maïs,6,183,1088
2024-06-16,Riz,6,382,1164
2024-06-16,Sorgho,6,250,1086
2024-06-16,Igname,6,321,1018
2024-06-16,Manioc,6,153,994
2024-06-16,Soja,6,327,1034
2024-06-16,Coton,6,497,908
2024-06-16,Cacao,6,1585,933
2024-06-16,Café,6,1303,916
2024-06-17,Maïs,6,187,1147
2024-06-17,Riz,6,402,921
2024-06-17,Sorgho,6,259,1064
2024-06-17,Igname,6,293,1001
2024-06-17,Manioc,6,161,920
2024-06-17,Soja,6,368,909
2024-06-17,Coton,6,511,798
2024-06-17,Cacao,6,1473,1137
2024-06-17,Café,6,1261,889
2024-06-18,Maïs,6,206,961
2024-06-18,Riz,6,420,938
2024-06-18,Sorgho,6,246,953
2024-06-18,Igname,6,290,987
2024-06-18,Manioc,6,155,1060
2024-06-18,Soja,6,377,799
2024-06-18,Coton,6,527,695
2024-06-18,Cacao,6,1627,1012
2024-06-18,Café,6,1328,843
2024-06-19,Maïs,6,202,886
2024-06-19,Riz,6,408,1130
2024-06-19,Sorgho,6,269,1037
2024-06-19,Igname,6,304,904
2024-06-19,Manioc,6,166,1057
2024-06-19,Soja,6,339,870
2024-06-19,Coton,6,538,893
2024-06-19,Cacao,6,1465,1075
2024-06-19,Café,6,1222,951
2024-06-20,Maïs,6,201,974
2024-06-20,Riz,6,412,934
2024-06-20,Sorgho,6,258,940
2024-06-20,Igname,6,310,1078
2024-06-20,Manioc,6,159,856
2024-06-20,Soja,6,377,977
2024-06-20,Coton,6,524,1005
2024-06-20,Cacao,6,1576,1008
2024-06-20,Café,6,1252,991
2024-06-21,Maïs,6,194,952
2024-06-21,Riz,6,445,1038
2024-06-21,Sorgho,6,262,976
2024-06-21,Igname,6,298,877
2024-06-21,Manioc,6,137,1190
2024-06-21,Soja,6,358,855
2024-06-21,Coton,6,462,1108
2024-06-21,Cacao,6,1566,975
2024-06-21,Café,6,1198,846
2024-06-22,Maïs,6,184,1034
2024-06-22,Riz,6,395,1023
2024-06-22,Sorgho,6,278,858
2024-06-22,Igname,6,321,1028
2024-06-22,Manioc,6,152,1084
2024-06-22,Soja,6,368,774
2024-06-22,Coton,6,492,917
2024-06-22,Cacao,6,1627,1028
2024-06-22,Café,6,1202,844
2024-06-23,Maïs,6,198,882
2024-06-23,Riz,6,405,924
2024-06-23,Sorgho,6,262,926
2024-06-23,Igname,6,282,1198
2024-06-23,Manioc,6,149,862
2024-06-23,Soja,6,484,768
2024-06-23,Coton,6,518,805
2024-06-23,Cacao,6,1596,889
2024-06-23,Café,6,1141,1098
2024-06-24,Maïs,6,217,959
2024-06-24,Riz,6,400,988
2024-06-24,Sorgho,6,253,894
2024-06-24,Igname,6,304,904
2024-06-24,Manioc,6,143,986
2024-06-24,Soja,6,375,995
2024-06-24,Coton,6,493,1192
2024-06-24,Cacao,6,1627,904
2024-06-24,Café,6,1296,928
2024-06-25,Maïs,6,191,981
2024-06-25,Riz,6,406,964
2024-06-25,Sorgho,6,263,922
2024-06-25,Igname,6,304,962
2024-06-25,Manioc,6,148,978
2024-06-25,Soja,6,353,984
2024-06-25,Coton,6,479,1190
2024-06-25,Cacao,6,1629,936
2024-06-25,Café,6,1241,864
2024-06-26,Maïs,6,205,1107
2024-06-26,Riz,6,422,1019
2024-06-26,Sorgho,6,236,1135
2024-06-26,Igname,6,308,850
2024-06-26,Manioc,6,144,1139
2024-06-26,Soja,6,385,1069
2024-06-26,Coton,6,545,702
2024-06-26,Cacao,6,1527,963
2024-06-26,Café,6,1212,1087
2024-06-27,Maïs,6,209,1095
2024-06-27,Riz,6,418,994
2024-06-27,Sorgho,6,256,912
2024-06-27,Igname,6,302,1100
2024-06-27,Manioc,6,155,953
2024-06-27,Soja,6,340,1010
2024-06-27,Coton,6,499,814
2024-06-27,Cacao,6,1589,832
2024-06-27,Café,6,1193,987
2024-06-28,Maïs,6,197,1007
2024-06-28,Riz,6,408,986
2024-06-28,Sorgho,6,252,828
2024-06-28,Igname,6,319,851
2024-06-28,Manioc,6,145,1075
2024-06-28,Soja,6,357,1185
2024-06-28,Coton,6,494,1017
2024-06-28,Cacao,6,1467,992
2024-06-28,Café,6,1274,818
2024-06-29,Maïs,6,215,967
2024-06-29,Riz,6,393,1031
2024-06-29,Sorgho,6,249,1159
2024-06-29,Igname,6,309,1028
2024-06-29,Manioc,6,145,969
2024-06-29,Soja,6,382,817
2024-06-29,Coton,6,507,964
2024-06-29,Cacao,6,1584,922
2024-06-29,Café,6,1124,1042
2024-06-30,Maïs,6,194,1000
2024-06-30,Riz,6,403,1045
2024-06-30,Sorgho,6,245,1079
2024-06-30,Igname,6,317,1004
2024-06-30,Manioc,6,157,1096
2024-06-30,Soja,6,346,1195
2024-06-30,Coton,6,532,1065
2024-06-30,Cacao,6,1607,988
2024-06-30,Café,6,1241,869
2024-07-01,Maïs,7,197,1013
2024-07-01,Riz,7,387,925
2024-07-01,Sorgho,7,249,1114
2024-07-01,Igname,7,269,1157
2024-07-01,Manioc,7,147,1135
2024-07-01,Soja,7,347,1044
2024-07-01,Coton,7,505,960
2024-07-01,Cacao,7,1479,896
2024-07-01,Café,7,1085,992
2024-07-02,Maïs,7,205,1067
2024-07-02,Riz,7,387,1087
2024-07-02,Sorgho,7,241,1167
2024-07-02,Igname,7,277,1258
2024-07-02,Manioc,7,146,1007
2024-07-02,Soja,7,292,1196
2024-07-02,Coton,7,482,881
2024-07-02,Cacao,7,1391,1042
2024-07-02,Café,7,920,1211
2024-07-03,Maïs,7,181,1329
2024-07-03,Riz,7,394,879
2024-07-03,Sorgho,7,264,953
2024-07-03,Igname,7,271,1047
2024-07-03,Manioc,7,145,887
2024-07-03,Soja,7,332,1000
2024-07-03,Coton,7,488,920
2024-07-03,Cacao,7,1437,975
2024-07-03,Café,7,1191,1135
2024-07-04,Maïs,7,196,909
2024-07-04,Riz,7,377,1096
2024-07-04,Sorgho,7,241,1068
2024-07-04,Igname,7,299,1211
2024-07-04,Manioc,7,145,863
2024-07-04,Soja,7,323,1107
2024-07-04,Coton,7,484,970
2024-07-04,Cacao,7,1425,988
2024-07-04,Café,7,1176,1103
2024-07-05,Maïs,7,247,930
2024-07-05,Riz,7,377,1077
2024-07-05,Sorgho,7,247,1001
2024-07-05,Igname,7,293,994
2024-07-05,Manioc,7,144,1037
2024-07-05,Soja,7,341,1132
2024-07-05,Coton,7,557,926
2024-07-05,Cacao,7,1626,775
2024-07-05,Café,7,1176,1210
2024-07-06,Maïs,7,188,983
2024-07-06,Riz,7,368,1106
2024-07-06,Sorgho,7,206,1269
2024-07-06,Igname,7,262,1071
2024-07-06,Manioc,7,142,1020
2024-07-06,Soja,7,333,909
2024-07-06,Coton,7,444,1235
2024-07-06,Cacao,7,1450,1132
2024-07-06,Café,7,1269,976
2024-07-07,Maïs,7,196,1094
2024-07-07,Riz,7,414,829
2024-07-07,Sorgho,7,239,1010
2024-07-07,Igname,7,291,957
2024-07-07,Manioc,7,142,1029
2024-07-07,Soja,7,331,931
2024-07-07,Coton,7,481,775
2024-07-07,Cacao,7,1397,1109
2024-07-07,Café,7,1073,1106
2024-07-08,Maïs,7,173,1213
2024-07-08,Riz,7,375,1043
2024-07-08,Sorgho,7,225,1102
2024-07-08,Igname,7,275,1073
2024-07-08,Manioc,7,144,981
2024-07-08,Soja,7,326,1148
2024-07-08,Coton,7,470,1296
2024-07-08,Cacao,7,1325,1094
2024-07-08,Café,7,1116,1051
2024-07-09,Maïs,7,210,902
2024-07-09,Riz,7,379,1130
2024-07-09,Sorgho,7,252,722
2024-07-09,Igname,7,302,935
2024-07-09,Manioc,7,154,1149
2024-07-09,Soja,7,314,904
2024-07-09,Coton,7,504,924
2024-07-09,Cacao,7,1375,1029
2024-07-09,Café,7,1235,874
2024-07-10,Maïs,7,179,1024
2024-07-10,Riz,7,430,999
2024-07-10,Sorgho,7,219,1225
2024-07-10,Igname,7,287,1086
2024-07-10,Manioc,7,140,1001
2024-07-10,Soja,7,341,1195
2024-07-10,Coton,7,443,930
2024-07-10,Cacao,7,1420,985
2024-07-10,Café,7,1204,1079
2024-07-11,Maïs,7,183,1174
2024-07-11,Riz,7,382,1090
2024-07-11,Sorgho,7,235,1087
2024-07-11,Igname,7,279,970
2024-07-11,Manioc,7,140,1179
2024-07-11,Soja,7,331,939
2024-07-11,Coton,7,468,1084
2024-07-11,Cacao,7,1448,1040
2024-07-11,Café,7,1108,1317
2024-07-12,Maïs,7,206,943
2024-07-12,Riz,7,434,1017
2024-07-12,Sorgho,7,246,961
2024-07-12,Igname,7,279,1212
2024-07-12,Manioc,7,139,1144
2024-07-12,Soja,7,328,1156
2024-07-12,Coton,7,474,879
2024-07-12,Cacao,7,1478,835
2024-07-12,Café,7,1162,1057
2024-07-13,Maïs,7,188,1003
2024-07-13,Riz,7,408,903
2024-07-13,Sorgho,7,233,1087
2024-07-13,Igname,7,275,1050
2024-07-13,Manioc,7,152,698
2024-07-13,Soja,7,318,986
2024-07-13,Coton,7,477,934
2024-07-13,Cacao,7,1358,1022
2024-07-13,Café,7,1182,1198
2024-07-14,Maïs,7,195,1129
2024-07-14,Riz,7,394,913
2024-07-14,Sorgho,7,254,1078
2024-07-14,Igname,7,271,1169
2024-07-14,Manioc,7,143,1211
2024-07-14,Soja,7,315,1022
2024-07-14,Coton,7,484,947
2024-07-14,Cacao,7,1370,961
2024-07-14,Café,7,1127,1131
2024-07-15,Maïs,7,197,1000
2024-07-15,Riz,7,377,1162
2024-07-15,Sorgho,7,252,975
2024-07-15,Igname,7,279,1123
2024-07-15,Manioc,7,145,1187
2024-07-15,Soja,7,335,1004
2024-07-15,Coton,7,445,1147
2024-07-15,Cacao,7,1550,1169
2024-07-15,Café,7,1226,968
2024-07-16,Maïs,7,184,1246
2024-07-16,Riz,7,386,888
2024-07-16,Sorgho,7,236,1101
2024-07-16,Igname,7,301,1235
2024-07-16,Manioc,7,150,1053
2024-07-16,Soja,7,345,984
2024-07-16,Coton,7,455,955
2024-07-16,Cacao,7,1487,1020
2024-07-16,Café,7,1148,1079
2024-07-17,Maïs,7,187,1126
2024-07-17,Riz,7,360,1228
2024-07-17,Sorgho,7,237,1020
2024-07-17,Igname,7,280,1074
2024-07-17,Manioc,7,132,1160
2024-07-17,Soja,7,346,1110
2024-07-17,Coton,7,442,1104
2024-07-17,Cacao,7,1414,1024
2024-07-17,Café,7,1143,1029
2024-07-18,Maïs,7,183,1044
2024-07-18,Riz,7,415,900
2024-07-18,Sorgho,7,215,1266
2024-07-18,Igname,7,297,977
2024-07-18,Manioc,7,147,1009
2024-07-18,Soja,7,326,1142
2024-07-18,Coton,7,503,1040
2024-07-18,Cacao,7,1447,1062
2024-07-18,Café,7,1131,885
2024-07-19,Maïs,7,203,990
2024-07-19,Riz,7,411,1131
2024-07-19,Sorgho,7,237,1033
2024-07-19,Igname,7,292,1071
2024-07-19,Manioc,7,138,1191
2024-07-19,Soja,7,356,1087
2024-07-19,Coton,7,412,1218
2024-07-19,Cacao,7,1322,1173
2024-07-19,Café,7,1091,1228
2024-07-20,Maïs,7,173,1118
2024-07-20,Riz,7,394,826
2024-07-20,Sorgho,7,227,1158
2024-07-20,Igname,7,296,962
2024-07-20,Manioc,7,133,940
2024-07-20,Soja,7,343,1065
2024-07-20,Coton,7,471,926
2024-07-20,Cacao,7,1542,999
2024-07-20,Café,7,1190,894
2024-07-21,Maïs,7,203,1024
2024-07-21,Riz,7,371,1144
2024-07-21,Sorgho,7,260,1120
2024-07-21,Igname,7,298,1172
2024-07-21,Manioc,7,130,1054
2024-07-21,Soja,7,367,869
2024-07-21,Coton,7,494,897
2024-07-21,Cacao,7,1348,1080
2024-07-21,Café,7,1156,837
2024-07-22,Maïs,7,182,1041
2024-07-22,Riz,7,394,967
2024-07-22,Sorgho,7,231,908
2024-07-22,Igname,7,274,1216
2024-07-22,Manioc,7,141,1136
2024-07-22,Soja,7,343,958
2024-07-22,Coton,7,468,952
2024-07-22,Cacao,7,1423,1119
2024-07-22,Café,7,1214,1050
2024-07-23,Maïs,7,208,1002
2024-07-23,Riz,7,385,1019
2024-07-23,Sorgho,7,228,910
2024-07-23,Igname,7,294,1027
2024-07-23,Manioc,7,145,1057
2024-07-23,Soja,7,350,972
2024-07-23,Coton,7,479,937
2024-07-23,Cacao,7,1266,1131
2024-07-23,Café,7,1165,940
2024-07-24,Maïs,7,193,1012
2024-07-24,Riz,7,381,1060
2024-07-24,Sorgho,7,225,1060
2024-07-24,Igname,7,299,1010
2024-07-24,Manioc,7,133,1198
2024-07-24,Soja,7,334,943
2024-07-24,Coton,7,460,791
2024-07-24,Cacao,7,1428,1111
2024-07-24,Café,7,1203,885
2024-07-25,Maïs,7,194,960
2024-07-25,Riz,7,389,896
2024-07-25,Sorgho,7,238,1042
2024-07-25,Igname,7,283,1019
2024-07-25,Manioc,7,135,1184
2024-07-25,Soja,7,326,1090
2024-07-25,Coton,7,491,1114
2024-07-25,Cacao,7,1342,1260
2024-07-25,Café,7,1208,1010
2024-07-26,Maïs,7,184,1024
2024-07-26,Riz,7,410,991
2024-07-26,Sorgho,7,233,1058
2024-07-26,Igname,7,302,1011
2024-07-26,Manioc,7,147,1172
2024-07-26,Soja,7,298,1065
2024-07-26,Coton,7,481,1085
2024-07-26,Cacao,7,1267,1091
2024-07-26,Café,7,1200,974
2024-07-27,Maïs,7,186,1026
2024-07-27,Riz,7,426,978
2024-07-27,Sorgho,7,269,839
2024-07-27,Igname,7,284,1049
2024-07-27,Manioc,7,145,888
2024-07-27,Soja,7,340,1001
2024-07-27,Coton,7,520,865
2024-07-27,Cacao,7,1356,1168
2024-07-27,Café,7,1130,909
2024-07-28,Maïs,7,192,995
2024-07-28,Riz,7,358,1199
2024-07-28,Sorgho,7,261,960
2024-07-28,Igname,7,264,1119
2024-07-28,Manioc,7,147,920
2024-07-28,Soja,7,342,1062
2024-07-28,Coton,7,500,1062
2024-07-28,Cacao,7,1370,980
2024-07-28,Café,7,1139,1128
2024-07-29,Maïs,7,189,1007
2024-07-29,Riz,7,376,910
2024-07-29,Sorgho,7,239,1054
2024-07-29,Igname,7,271,1331
2024-07-29,Manioc,7,142,1033
2024-07-29,Soja,7,351,989
2024-07-29,Coton,7,490,1075
2024-07-29,Cacao,7,1312,1179
2024-07-29,Café,7,1116,1186
2024-07-30,Maïs,7,176,1149
2024-07-30,Riz,7,388,1028
2024-07-30,Sorgho,7,226,1244
2024-07-30,Igname,7,296,897
2024-07-30,Manioc,7,131,1187
2024-07-30,Soja,7,328,940
2024-07-30,Coton,7,464,1078
2024-07-30,Cacao,7,1483,1107
2024-07-30,Café,7,1198,1053
2024-07-31,Maïs,7,201,882
2024-07-31,Riz,7,346,1109
2024-07-31,Sorgho,7,250,1078
2024-07-31,Igname,7,302,799
2024-07-31,Manioc,7,136,1242
2024-07-31,Soja,7,330,1083
2024-07-31,Coton,7,502,933
2024-07-31,Cacao,7,1419,1004
2024-07-31,Café,7,1147,846
2024-08-01,Maïs,8,168,1083
2024-08-01,Riz,8,328,1240
2024-08-01,Sorgho,8,217,1111
2024-08-01,Igname,8,253,1074
2024-08-01,Manioc,8,133,1063
2024-08-01,Soja,8,304,1161
2024-08-01,Coton,8,454,1048
2024-08-01,Cacao,8,1399,1115
2024-08-01,Café,8,1095,924
2024-08-02,Maïs,8,198,930
2024-08-02,Riz,8,336,1078
2024-08-02,Sorgho,8,212,1139
2024-08-02,Igname,8,248,1210
2024-08-02,Manioc,8,128,1120
2024-08-02,Soja,8,290,1325
2024-08-02,Coton,8,456,1073
2024-08-02,Cacao,8,1394,1053
2024-08-02,Café,8,1076,1208
2024-08-03,Maïs,8,183,1037
2024-08-03,Riz,8,341,1105
2024-08-03,Sorgho,8,239,946
2024-08-03,Igname,8,275,1206
2024-08-03,Manioc,8,132,1110
2024-08-03,Soja,8,351,1146
2024-08-03,Coton,8,483,1163
2024-08-03,Cacao,8,1335,1061
2024-08-03,Café,8,1137,1090
2024-08-04,Maïs,8,185,927
2024-08-04,Riz,8,376,1096
2024-08-04,Sorgho,8,230,909
2024-08-04,Igname,8,255,1295
2024-08-04,Manioc,8,145,1061
2024-08-04,Soja,8,311,1044
2024-08-04,Coton,8,413,1207
2024-08-04,Cacao,8,1308,1304
2024-08-04,Café,8,1046,1146
2024-08-05,Maïs,8,181,1139
2024-08-05,Riz,8,401,999
2024-08-05,Sorgho,8,227,955
2024-08-05,Igname,8,243,1218
2024-08-05,Manioc,8,137,1175
2024-08-05,Soja,8,303,1231
2024-08-05,Coton,8,439,1081
2024-08-05,Cacao,8,1315,1080
2024-08-05,Café,8,1015,1260
2024-08-06,Maïs,8,177,1106
2024-08-06,Riz,8,393,1100
2024-08-06,Sorgho,8,225,1038
2024-08-06,Igname,8,252,1104
2024-08-06,Manioc,8,141,1075
2024-08-06,Soja,8,328,1081
2024-08-06,Coton,8,467,982
2024-08-06,Cacao,8,1329,895
2024-08-06,Café,8,1170,927
2024-08-07,Maïs,8,174,1105
2024-08-07,Riz,8,353,914
2024-08-07,Sorgho,8,217,1120
2024-08-07,Igname,8,279,1003
2024-08-07,Manioc,8,136,964
2024-08-07,Soja,8,305,1206
2024-08-07,Coton,8,446,1205
2024-08-07,Cacao,8,1371,1151
2024-08-07,Café,8,1147,965
2024-08-08,Maïs,8,163,1139
2024-08-08,Riz,8,388,1145
2024-08-08,Sorgho,8,234,1120
2024-08-08,Igname,8,259,1202
2024-08-08,Manioc,8,139,1017
2024-08-08,Soja,8,336,1064
2024-08-08,Coton,8,485,1084
2024-08-08,Cacao,8,1274,1118
2024-08-08,Café,8,1108,1006
2024-08-09,Maïs,8,186,1250
2024-08-09,Riz,8,387,909
2024-08-09,Sorgho,8,230,1220
2024-08-09,Igname,8,270,1091
2024-08-09,Manioc,8,146,1203
2024-08-09,Soja,8,303,1114
2024-08-09,Coton,8,448,1044
2024-08-09,Cacao,8,1256,1223
2024-08-09,Café,8,1080,1221
2024-08-10,Maïs,8,179,1081
2024-08-10,Riz,8,349,1291
2024-08-10,Sorgho,8,226,1085
2024-08-10,Igname,8,261,1147
2024-08-10,Manioc,8,135,906
2024-08-10,Soja,8,349,1000
2024-08-10,Coton,8,461,953
2024-08-10,Cacao,8,1390,1080
2024-08-10,Café,8,1041,1397
2024-08-11,Maïs,8,172,1133
2024-08-11,Riz,8,396,905
2024-08-11,Sorgho,8,242,1014
2024-08-11,Igname,8,253,1102
2024-08-11,Manioc,8,127,1177
2024-08-11,Soja,8,314,1076
2024-08-11,Coton,8,439,1017
2024-08-11,Cacao,8,1383,1132
2024-08-11,Café,8,1172,861
2024-08-12,Maïs,8,184,1235
2024-08-12,Riz,8,368,1177
2024-08-12,Sorgho,8,223,1073
2024-08-12,Igname,8,279,887
2024-08-12,Manioc,8,125,1330
2024-08-12,Soja,8,340,1010
2024-08-12,Coton,8,491,1049
2024-08-12,Cacao,8,1450,975
2024-08-12,Café,8,1108,1142
2024-08-13,Maïs,8,168,1121
2024-08-13,Riz,8,310,1338
2024-08-13,Sorgho,8,226,1180
2024-08-13,Igname,8,276,1136
2024-08-13,Manioc,8,134,985
2024-08-13,Soja,8,311,1144
2024-08-13,Coton,8,437,1099
2024-08-13,Cacao,8,1346,1045
2024-08-13,Café,8,1005,1055
2024-08-14,Maïs,8,169,1289
2024-08-14,Riz,8,380,1185
2024-08-14,Sorgho,8,244,944
2024-08-14,Igname,8,278,1119
2024-08-14,Manioc,8,134,996
2024-08-14,Soja,8,300,1336
2024-08-14,Coton,8,504,991
2024-08-14,Cacao,8,1293,1167
2024-08-14,Café,8,1071,1076
2024-08-15,Maïs,8,188,1176
2024-08-15,Riz,8,365,1088
2024-08-15,Sorgho,8,224,852
2024-08-15,Igname,8,240,1267
2024-08-15,Manioc,8,136,937
2024-08-15,Soja,8,306,1073
2024-08-15,Coton,8,426,1135
2024-08-15,Cacao,8,1351,1319
2024-08-15,Café,8,1072,1131
2024-08-16,Maïs,8,175,1246
2024-08-16,Riz,8,351,1112
2024-08-16,Sorgho,8,224,1072
2024-08-16,Igname,8,266,1264
2024-08-16,Manioc,8,132,1187
2024-08-16,Soja,8,342,1129
2024-08-16,Coton,8,446,1174
2024-08-16,Cacao,8,1395,1046
2024-08-16,Café,8,1078,1066
2024-08-17,Maïs,8,180,1130
2024-08-17,Riz,8,356,1170
2024-08-17,Sorgho,8,213,1224
2024-08-17,Igname,8,266,1053
2024-08-17,Manioc,8,144,1130
2024-08-17,Soja,8,321,1179
2024-08-17,Coton,8,434,1125
2024-08-17,Cacao,8,1407,1053
2024-08-17,Café,8,1005,1187
2024-08-18,Maïs,8,187,1046
2024-08-18,Riz,8,348,1193
2024-08-18,Sorgho,8,236,1122
2024-08-18,Igname,8,257,1226
2024-08-18,Manioc,8,138,1116
2024-08-18,Soja,8,315,1029
2024-08-18,Coton,8,462,1007
2024-08-18,Cacao,8,1388,1044
2024-08-18,Café,8,1108,1052
2024-08-19,Maïs,8,195,951
2024-08-19,Riz,8,395,1001
2024-08-19,Sorgho,8,245,1086
2024-08-19,Igname,8,263,1177
2024-08-19,Manioc,8,134,855
2024-08-19,Soja,8,307,1144
2024-08-19,Coton,8,468,1106
2024-08-19,Cacao,8,1327,956
2024-08-19,Café,8,993,1038
2024-08-20,Maïs,8,171,1179
2024-08-20,Riz,8,367,1005
2024-08-20,Sorgho,8,239,1144
2024-08-20,Igname,8,241,1164
2024-08-20,Manioc,8,139,1099
2024-08-20,Soja,8,306,1086
2024-08-20,Coton,8,451,1058
2024-08-20,Cacao,8,1404,1000
2024-08-20,Café,8,1081,1068
2024-08-21,Maïs,8,176,1177
2024-08-21,Riz,8,331,1201
2024-08-21,Sorgho,8,209,1312
2024-08-21,Igname,8,268,1076
2024-08-21,Manioc,8,126,1200
2024-08-21,Soja,8,312,1270
2024-08-21,Coton,8,456,1036
2024-08-21,Cacao,8,1397,1100
2024-08-21,Café,8,1222,1006
2024-08-22,Maïs,8,196,1111
2024-08-22,Riz,8,353,1132
2024-08-22,Sorgho,8,253,1104
2024-08-22,Igname,8,290,1078
2024-08-22,Manioc,8,143,1052
2024-08-22,Soja,8,332,1049
2024-08-22,Coton,8,439,1067
2024-08-22,Cacao,8,1336,1121
2024-08-22,Café,8,1118,1145
2024-08-23,Maïs,8,186,1025
2024-08-23,Riz,8,385,1177
2024-08-23,Sorgho,8,219,1122
2024-08-23,Igname,8,270,1127
2024-08-23,Manioc,8,134,1207
2024-08-23,Soja,8,304,1263
2024-08-23,Coton,8,459,1072
2024-08-23,Cacao,8,1408,975
2024-08-23,Café,8,1001,1270
2024-08-24,Maïs,8,156,1374
2024-08-24,Riz,8,353,1216
2024-08-24,Sorgho,8,232,1155
2024-08-24,Igname,8,268,1226
2024-08-24,Manioc,8,130,1392
2024-08-24,Soja,8,301,1082
2024-08-24,Coton,8,445,1074
2024-08-24,Cacao,8,1418,1012
2024-08-24,Café,8,1081,1148
2024-08-25,Maïs,8,187,1083
2024-08-25,Riz,8,346,1111
2024-08-25,Sorgho,8,228,946
2024-08-25,Igname,8,264,1265
2024-08-25,Manioc,8,134,1109
2024-08-25,Soja,8,362,1115
2024-08-25,Coton,8,439,1028
2024-08-25,Cacao,8,1322,1040
2024-08-25,Café,8,1020,1250
2024-08-26,Maïs,8,184,1106
2024-08-26,Riz,8,336,1159
2024-08-26,Sorgho,8,228,1111
2024-08-26,Igname,8,235,1276
2024-08-26,Manioc,8,137,1007
2024-08-26,Soja,8,291,1265
2024-08-26,Coton,8,432,1109
2024-08-26,Cacao,8,1338,1163
2024-08-26,Café,8,1062,1056
2024-08-27,Maïs,8,183,1066
2024-08-27,Riz,8,369,1026
2024-08-27,Sorgho,8,232,990
2024-08-27,Igname,8,262,997
2024-08-27,Manioc,8,140,1176
2024-08-27,Soja,8,323,1079
2024-08-27,Coton,8,453,1059
2024-08-27,Cacao,8,1433,1125
2024-08-27,Café,8,1087,1114
2024-08-28,Maïs,8,182,1096
2024-08-28,Riz,8,373,1091
2024-08-28,Sorgho,8,237,1170
2024-08-28,Igname,8,274,1106
2024-08-28,Manioc,8,133,1011
2024-08-28,Soja,8,325,1043
2024-08-28,Coton,8,445,1305
2024-08-28,Cacao,8,1518,1046
2024-08-28,Café,8,995,1214
2024-08-29,Maïs,8,184,954
2024-08-29,Riz,8,355,1176
2024-08-29,Sorgho,8,209,1307
2024-08-29,Igname,8,268,1135
2024-08-29,Manioc,8,138,1039
2024-08-29,Soja,8,319,1039
2024-08-29,Coton,8,462,949
2024-08-29,Cacao,8,1337,1207
2024-08-29,Café,8,1103,1022
2024-08-30,Maïs,8,162,1283
2024-08-30,Riz,8,360,1125
2024-08-30,Sorgho,8,241,1103
2024-08-30,Igname,8,258,1274
2024-08-30,Manioc,8,146,1033
2024-08-30,Soja,8,324,1102
2024-08-30,Coton,8,413,1228
2024-08-30,Cacao,8,1377,1256
2024-08-30,Café,8,1040,1032
2024-08-31,Maïs,8,172,1249
2024-08-31,Riz,8,362,1059
2024-08-31,Sorgho,8,231,1018
2024-08-31,Igname,8,276,970
2024-08-31,Manioc,8,131,1170
2024-08-31,Soja,8,304,1077
2024-08-31,Coton,8,425,1261
2024-08-31,Cacao,8,1355,990
2024-08-31,Café,8,1143,1033
2024-09-01,Maïs,9,185,1134
2024-09-01,Riz,9,349,1146
2024-09-01,Sorgho,9,224,1056
2024-09-01,Igname,9,262,1229
2024-09-01,Manioc,9,124,1198
2024-09-01,Soja,9,304,1173
2024-09-01,Coton,9,416,1189
2024-09-01,Cacao,9,1306,1224
2024-09-01,Café,9,1027,1015
2024-09-02,Maïs,9,172,1161
2024-09-02,Riz,9,375,888
2024-09-02,Sorgho,9,235,974
2024-09-02,Igname,9,269,1184
2024-09-02,Manioc,9,126,1240
2024-09-02,Soja,9,311,978
2024-09-02,Coton,9,439,1173
2024-09-02,Cacao,9,1301,1208
2024-09-02,Café,9,1114,1214
2024-09-03,Maïs,9,167,1304
2024-09-03,Riz,9,338,1157
2024-09-03,Sorgho,9,219,1261
2024-09-03,Igname,9,248,1169
2024-09-03,Manioc,9,132,1104
2024-09-03,Soja,9,318,1283
2024-09-03,Coton,9,457,1091
2024-09-03,Cacao,9,1434,1107
2024-09-03,Café,9,901,1408
2024-09-04,Maïs,9,168,1067
2024-09-04,Riz,9,349,1121
2024-09-04,Sorgho,9,219,1059
2024-09-04,Igname,9,264,1039
2024-09-04,Manioc,9,140,998
2024-09-04,Soja,9,308,938
2024-09-04,Coton,9,432,1026
2024-09-04,Cacao,9,1294,1083
2024-09-04,Café,9,1136,1039
2024-09-05,Maïs,9,185,1070
2024-09-05,Riz,9,387,884
2024-09-05,Sorgho,9,244,1206
2024-09-05,Igname,9,249,1228
2024-09-05,Manioc,9,146,1066
2024-09-05,Soja,9,303,1179
2024-09-05,Coton,9,461,919
2024-09-05,Cacao,9,1317,1014
2024-09-05,Café,9,1134,885
2024-09-06,Maïs,9,167,1191
2024-09-06,Riz,9,346,1056
2024-09-06,Sorgho,9,191,1372
2024-09-06,Igname,9,258,1260
2024-09-06,Manioc,9,126,1111
2024-09-06,Soja,9,298,1235
2024-09-06,Coton,9,402,1164
2024-09-06,Cacao,9,1204,1243
2024-09-06,Café,9,1080,1064
2024-09-07,Maïs,9,191,1101
2024-09-07,Riz,9,369,1081
2024-09-07,Sorgho,9,212,1158
2024-09-07,Igname,9,266,1070
2024-09-07,Manioc,9,131,1005
2024-09-07,Soja,9,330,1026
2024-09-07,Coton,9,493,1077
2024-09-07,Cacao,9,1331,1070
2024-09-07,Café,9,1027,1073
2024-09-08,Maïs,9,183,1196
2024-09-08,Riz,9,350,1073
2024-09-08,Sorgho,9,209,1299
2024-09-08,Igname,9,250,1307
2024-09-08,Manioc,9,137,1207
2024-09-08,Soja,9,297,1114
2024-09-08,Coton,9,421,1275
2024-09-08,Cacao,9,1368,1098
2024-09-08,Café,9,1008,1076
2024-09-09,Maïs,9,162,1187
2024-09-09,Riz,9,338,1155
2024-09-09,Sorgho,9,198,1486
2024-09-09,Igname,9,252,1101
2024-09-09,Manioc,9,132,871
2024-09-09,Soja,9,307,1031
2024-09-09,Coton,9,418,1311
2024-09-09,Cacao,9,1166,1256
2024-09-09,Café,9,1124,969
2024-09-10,Maïs,9,219,849
2024-09-10,Riz,9,377,1180
2024-09-10,Sorgho,9,228,1000
2024-09-10,Igname,9,289,992
2024-09-10,Manioc,9,124,1092
2024-09-10,Soja,9,305,1227
2024-09-10,Coton,9,449,1056
2024-09-10,Cacao,9,1382,962
2024-09-10,Café,9,902,1547
2024-09-11,Maïs,9,188,967
2024-09-11,Riz,9,367,1060
2024-09-11,Sorgho,9,210,1083
2024-09-11,Igname,9,291,924
2024-09-11,Manioc,9,136,1118
2024-09-11,Soja,9,306,1357
2024-09-11,Coton,9,423,1151
2024-09-11,Cacao,9,1280,1220
2024-09-11,Café,9,1037,1187
2024-09-12,Maïs,9,160,1410
2024-09-12,Riz,9,353,1048
2024-09-12,Sorgho,9,258,987
2024-09-12,Igname,9,254,1226
2024-09-12,Manioc,9,132,1067
2024-09-12,Soja,9,310,1140
2024-09-12,Coton,9,459,992
2024-09-12,Cacao,9,1335,1111
2024-09-12,Café,9,992,1276
2024-09-13,Maïs,9,184,1044
2024-09-13,Riz,9,383,1106
2024-09-13,Sorgho,9,246,1117
2024-09-13,Igname,9,276,943
2024-09-13,Manioc,9,130,1080
2024-09-13,Soja,9,299,1192
2024-09-13,Coton,9,560,726
2024-09-13,Cacao,9,1178,1115
2024-09-13,Café,9,991,1125
2024-09-14,Maïs,9,179,1168
2024-09-14,Riz,9,330,1177
2024-09-14,Sorgho,9,221,1182
2024-09-14,Igname,9,295,1072
2024-09-14,Manioc,9,135,1052
2024-09-14,Soja,9,319,1192
2024-09-14,Coton,9,475,1048
2024-09-14,Cacao,9,1465,1221
2024-09-14,Café,9,1062,1190
2024-09-15,Maïs,9,179,1104
2024-09-15,Riz,9,392,998
2024-09-15,Sorgho,9,213,1217
2024-09-15,Igname,9,266,1132
2024-09-15,Manioc,9,131,1273
2024-09-15,Soja,9,436,833
2024-09-15,Coton,9,451,1112
2024-09-15,Cacao,9,1469,1071
2024-09-15,Café,9,1054,1178
2024-09-16,Maïs,9,149,1359
2024-09-16,Riz,9,376,1085
2024-09-16,Sorgho,9,215,1043
2024-09-16,Igname,9,275,1039
2024-09-16,Manioc,9,139,1084
2024-09-16,Soja,9,310,1257
2024-09-16,Coton,9,430,1010
2024-09-16,Cacao,9,1267,1113
2024-09-16,Café,9,1046,1093
2024-09-17,Maïs,9,189,1195
2024-09-17,Riz,9,364,1109
2024-09-17,Sorgho,9,230,1098
2024-09-17,Igname,9,271,1147
2024-09-17,Manioc,9,134,1063
2024-09-17,Soja,9,294,1233
2024-09-17,Coton,9,464,1199
2024-09-17,Cacao,9,1335,1005
2024-09-17,Café,9,1063,1176
2024-09-18,Maïs,9,186,1260
2024-09-18,Riz,9,359,1236
2024-09-18,Sorgho,9,195,1475
2024-09-18,Igname,9,289,1084
2024-09-18,Manioc,9,131,1322
2024-09-18,Soja,9,288,1247
2024-09-18,Coton,9,429,1219
2024-09-18,Cacao,9,1357,1051
2024-09-18,Café,9,1062,1289
2024-09-19,Maïs,9,182,1075
2024-09-19,Riz,9,373,1075
2024-09-19,Sorgho,9,220,1169
2024-09-19,Igname,9,251,1178
2024-09-19,Manioc,9,166,864
2024-09-19,Soja,9,303,1159
2024-09-19,Coton,9,506,1007
2024-09-19,Cacao,9,1238,1344
2024-09-19,Café,9,1139,1111
2024-09-20,Maïs,9,185,961
2024-09-20,Riz,9,317,1187
2024-09-20,Sorgho,9,205,1253
2024-09-20,Igname,9,277,1226
2024-09-20,Manioc,9,124,1164
2024-09-20,Soja,9,330,1192
2024-09-20,Coton,9,423,1185
2024-09-20,Cacao,9,1420,991
2024-09-20,Café,9,1179,917
2024-09-21,Maïs,9,171,1397
2024-09-21,Riz,9,359,1192
2024-09-21,Sorgho,9,237,991
2024-09-21,Igname,9,274,1086
2024-09-21,Manioc,9,139,1024
2024-09-21,Soja,9,294,1228
2024-09-21,Coton,9,418,1122
2024-09-21,Cacao,9,1396,1145
2024-09-21,Café,9,1065,1184
2024-09-22,Maïs,9,169,1253
2024-09-22,Riz,9,335,1248
2024-09-22,Sorgho,9,228,1015
2024-09-22,Igname,9,274,916
2024-09-22,Manioc,9,135,1099
2024-09-22,Soja,9,289,1315
2024-09-22,Coton,9,440,1028
2024-09-22,Cacao,9,1340,1053
2024-09-22,Café,9,1031,1012
2024-09-23,Maïs,9,171,1122
2024-09-23,Riz,9,372,1025
2024-09-23,Sorgho,9,285,767
2024-09-23,Igname,9,296,1020
2024-09-23,Manioc,9,135,1149
2024-09-23,Soja,9,299,1229
2024-09-23,Coton,9,435,1117
2024-09-23,Cacao,9,1369,1216
2024-09-23,Café,9,1094,980
2024-09-24,Maïs,9,179,1069
2024-09-24,Riz,9,364,1121
2024-09-24,Sorgho,9,234,1140
2024-09-24,Igname,9,254,1237
2024-09-24,Manioc,9,135,1085
2024-09-24,Soja,9,288,1300
2024-09-24,Coton,9,473,1003
2024-09-24,Cacao,9,1406,1048
2024-09-24,Café,9,1026,1229
2024-09-25,Maïs,9,196,1097
2024-09-25,Riz,9,364,1183
2024-09-25,Sorgho,9,236,1082
2024-09-25,Igname,9,293,964
2024-09-25,Manioc,9,137,1121
2024-09-25,Soja,9,304,909
2024-09-25,Coton,9,438,1193
2024-09-25,Cacao,9,1314,1071
2024-09-25,Café,9,1114,1063
2024-09-26,Maïs,9,158,1240
2024-09-26,Riz,9,354,962
2024-09-26,Sorgho,9,216,1164
2024-09-26,Igname,9,259,1349
2024-09-26,Manioc,9,142,1074
2024-09-26,Soja,9,282,1215
2024-09-26,Coton,9,477,1019
2024-09-26,Cacao,9,1485,891
2024-09-26,Café,9,1152,1110
2024-09-27,Maïs,9,182,1040
2024-09-27,Riz,9,394,856
2024-09-27,Sorgho,9,212,1153
2024-09-27,Igname,9,288,969
2024-09-27,Manioc,9,130,1126
2024-09-27,Soja,9,294,1317
2024-09-27,Coton,9,400,1495
2024-09-27,Cacao,9,1351,1044
2024-09-27,Café,9,1031,1220
2024-09-28,Maïs,9,165,1493
2024-09-28,Riz,9,321,1198
2024-09-28,Sorgho,9,238,1123
2024-09-28,Igname,9,250,1284
2024-09-28,Manioc,9,121,1237
2024-09-28,Soja,9,229,1524
2024-09-28,Coton,9,426,1159
2024-09-28,Cacao,9,1348,1226
2024-09-28,Café,9,1065,1146
2024-09-29,Maïs,9,175,1133
2024-09-29,Riz,9,345,1188
2024-09-29,Sorgho,9,208,1375
2024-09-29,Igname,9,237,1143
2024-09-29,Manioc,9,129,1355
2024-09-29,Soja,9,270,1405
2024-09-29,Coton,9,417,1244
2024-09-29,Cacao,9,1382,1029
2024-09-29,Café,9,1116,1188
2024-09-30,Maïs,9,165,1184
2024-09-30,Riz,9,320,1252
2024-09-30,Sorgho,9,200,1154
2024-09-30,Igname,9,269,1111
2024-09-30,Manioc,9,127,1081
2024-09-30,Soja,9,294,1216
2024-09-30,Coton,9,453,969
2024-09-30,Cacao,9,1438,937
2024-09-30,Café,9,1017,1271
2024-10-01,Maïs,10,185,1098
2024-10-01,Riz,10,382,956
2024-10-01,Sorgho,10,216,1335
2024-10-01,Igname,10,270,1133
2024-10-01,Manioc,10,134,1180
2024-10-01,Soja,10,329,935
2024-10-01,Coton,10,470,1149
2024-10-01,Cacao,10,1484,1114
2024-10-01,Café,10,1078,1082
2024-10-02,Maïs,10,169,1154
2024-10-02,Riz,10,350,1253
2024-10-02,Sorgho,10,201,1397
2024-10-02,Igname,10,302,902
2024-10-02,Manioc,10,132,1181
2024-10-02,Soja,10,312,1189
2024-10-02,Coton,10,424,1307
2024-10-02,Cacao,10,1383,1143
2024-10-02,Café,10,1137,1043
2024-10-03,Maïs,10,192,972
2024-10-03,Riz,10,375,1028
2024-10-03,Sorgho,10,262,954
2024-10-03,Igname,10,250,1188
2024-10-03,Manioc,10,133,1139
2024-10-03,Soja,10,294,1152
2024-10-03,Coton,10,458,1135
2024-10-03,Cacao,10,1304,1170
2024-10-03,Café,10,1172,1177
2024-10-04,Maïs,10,189,920
2024-10-04,Riz,10,379,1009
2024-10-04,Sorgho,10,225,1134
2024-10-04,Igname,10,292,1176
2024-10-04,Manioc,10,140,1222
2024-10-04,Soja,10,303,951
2024-10-04,Coton,10,473,1087
2024-10-04,Cacao,10,1330,1059
2024-10-04,Café,10,1014,1329
2024-10-05,Maïs,10,177,1241
2024-10-05,Riz,10,352,1195
2024-10-05,Sorgho,10,237,998
2024-10-05,Igname,10,273,1019
2024-10-05,Manioc,10,150,1231
2024-10-05,Soja,10,313,1210
2024-10-05,Coton,10,484,1179
2024-10-05,Cacao,10,1398,1013
2024-10-05,Café,10,1102,1200
2024-10-06,Maïs,10,201,962
2024-10-06,Riz,10,356,1211
2024-10-06,Sorgho,10,227,1108
2024-10-06,Igname,10,294,1096
2024-10-06,Manioc,10,130,1149
2024-10-06,Soja,10,310,1036
2024-10-06,Coton,10,456,1014
2024-10-06,Cacao,10,1242,1151
2024-10-06,Café,10,1134,1284
2024-10-07,Maïs,10,187,1155
2024-10-07,Riz,10,364,1149
2024-10-07,Sorgho,10,205,1265
2024-10-07,Igname,10,282,1040
2024-10-07,Manioc,10,133,1191
2024-10-07,Soja,10,298,907
2024-10-07,Coton,10,451,1172
2024-10-07,Cacao,10,1399,1052
2024-10-07,Café,10,1058,1069
2024-10-08,Maïs,10,177,1234
2024-10-08,Riz,10,374,1126
2024-10-08,Sorgho,10,224,1056
2024-10-08,Igname,10,293,980
2024-10-08,Manioc,10,140,1065
2024-10-08,Soja,10,308,1107
2024-10-08,Coton,10,436,1237
2024-10-08,Cacao,10,1310,1211
2024-10-08,Café,10,1160,802
2024-10-09,Maïs,10,153,1202
2024-10-09,Riz,10,368,972
2024-10-09,Sorgho,10,229,994
2024-10-09,Igname,10,263,1183
2024-10-09,Manioc,10,129,987
2024-10-09,Soja,10,327,1054
2024-10-09,Coton,10,415,1064
2024-10-09,Cacao,10,1403,930
2024-10-09,Café,10,1074,1103
2024-10-10,Maïs,10,174,1304
2024-10-10,Riz,10,348,1047
2024-10-10,Sorgho,10,252,806
2024-10-10,Igname,10,282,1155
2024-10-10,Manioc,10,124,1497
2024-10-10,Soja,10,323,1118
2024-10-10,Coton,10,456,1187
2024-10-10,Cacao,10,1273,1217
2024-10-10,Café,10,1163,934
2024-10-11,Maïs,10,188,1080
2024-10-11,Riz,10,367,1249
2024-10-11,Sorgho,10,215,1366
2024-10-11,Igname,10,293,1053
2024-10-11,Manioc,10,148,918
2024-10-11,Soja,10,344,962
2024-10-11,Coton,10,446,1087
2024-10-11,Cacao,10,1389,1182
2024-10-11,Café,10,989,1120
2024-10-12,Maïs,10,156,1315
2024-10-12,Riz,10,340,1139
2024-10-12,Sorgho,10,230,1044
2024-10-12,Igname,10,275,1051
2024-10-12,Manioc,10,120,1258
2024-10-12,Soja,10,291,1120
2024-10-12,Coton,10,459,1159
2024-10-12,Cacao,10,1377,1284
2024-10-12,Café,10,1091,1053
2024-10-13,Maïs,10,168,1099
2024-10-13,Riz,10,355,1146
2024-10-13,Sorgho,10,228,1243
2024-10-13,Igname,10,280,1131
2024-10-13,Manioc,10,136,1086
2024-10-13,Soja,10,348,973
2024-10-13,Coton,10,461,1152
2024-10-13,Cacao,10,1283,1204
2024-10-13,Café,10,1158,1075
2024-10-14,Maïs,10,172,1193
2024-10-14,Riz,10,360,1182
2024-10-14,Sorgho,10,209,1194
2024-10-14,Igname,10,259,1253
2024-10-14,Manioc,10,140,909
2024-10-14,Soja,10,357,963
2024-10-14,Coton,10,405,1263
2024-10-14,Cacao,10,1491,1025
2024-10-14,Café,10,1018,1224
2024-10-15,Maïs,10,172,987
2024-10-15,Riz,10,379,1138
2024-10-15,Sorgho,10,235,1048
2024-10-15,Igname,10,248,1050
2024-10-15,Manioc,10,136,1128
2024-10-15,Soja,10,324,1031
2024-10-15,Coton,10,476,991
2024-10-15,Cacao,10,1230,1309
2024-10-15,Café,10,1109,987
2024-10-16,Maïs,10,173,1062
2024-10-16,Riz,10,357,1304
2024-10-16,Sorgho,10,236,854
2024-10-16,Igname,10,292,891
2024-10-16,Manioc,10,135,1157
2024-10-16,Soja,10,299,1213
2024-10-16,Coton,10,466,1261
2024-10-16,Cacao,10,1309,1155
2024-10-16,Café,10,1117,934
2024-10-17,Maïs,10,176,1253
2024-10-17,Riz,10,356,1241
2024-10-17,Sorgho,10,232,1132
2024-10-17,Igname,10,269,1176
2024-10-17,Manioc,10,144,924
2024-10-17,Soja,10,288,1374
2024-10-17,Coton,10,467,1148
2024-10-17,Cacao,10,1354,1107
2024-10-17,Café,10,1090,1099
2024-10-18,Maïs,10,184,1099
2024-10-18,Riz,10,347,1159
2024-10-18,Sorgho,10,204,1301
2024-10-18,Igname,10,287,998
2024-10-18,Manioc,10,136,1084
2024-10-18,Soja,10,323,1090
2024-10-18,Coton,10,413,1292
2024-10-18,Cacao,10,1354,1172
2024-10-18,Café,10,1087,1213
2024-10-19,Maïs,10,182,1201
2024-10-19,Riz,10,360,1095
2024-10-19,Sorgho,10,219,1067
2024-10-19,Igname,10,259,1115
2024-10-19,Manioc,10,133,1052
2024-10-19,Soja,10,316,1171
2024-10-19,Coton,10,453,1072
2024-10-19,Cacao,10,1299,1221
2024-10-19,Café,10,1098,1153
2024-10-20,Maïs,10,199,950
2024-10-20,Riz,10,389,1168
2024-10-20,Sorgho,10,215,1150
2024-10-20,Igname,10,368,771
2024-10-20,Manioc,10,170,920
2024-10-20,Soja,10,312,1183
2024-10-20,Coton,10,443,1091
2024-10-20,Cacao,10,1385,951
2024-10-20,Café,10,1001,1159
2024-10-21,Maïs,10,174,1086
2024-10-21,Riz,10,354,1039
2024-10-21,Sorgho,10,233,1038
2024-10-21,Igname,10,287,1013
2024-10-21,Manioc,10,135,1189
2024-10-21,Soja,10,317,1117
2024-10-21,Coton,10,466,1214
2024-10-21,Cacao,10,1362,864
2024-10-21,Café,10,1135,1130
2024-10-22,Maïs,10,168,996
2024-10-22,Riz,10,385,1045
2024-10-22,Sorgho,10,220,1152
2024-10-22,Igname,10,259,1124
2024-10-22,Manioc,10,133,1239
2024-10-22,Soja,10,305,966
2024-10-22,Coton,10,412,1140
2024-10-22,Cacao,10,1263,1222
2024-10-22,Café,10,1181,1023
2024-10-23,Maïs,10,178,1091
2024-10-23,Riz,10,324,1320
2024-10-23,Sorgho,10,246,849
2024-10-23,Igname,10,299,960
2024-10-23,Manioc,10,142,844
2024-10-23,Soja,10,278,1388
2024-10-23,Coton,10,438,1111
2024-10-23,Cacao,10,1313,1164
2024-10-23,Café,10,1113,1041
2024-10-24,Maïs,10,177,1222
2024-10-24,Riz,10,333,1314
2024-10-24,Sorgho,10,323,515
2024-10-24,Igname,10,265,1090
2024-10-24,Manioc,10,122,1255
2024-10-24,Soja,10,340,1078
2024-10-24,Coton,10,426,1235
2024-10-24,Cacao,10,1261,1284
2024-10-24,Café,10,1034,1157
2024-10-25,Maïs,10,161,1187
2024-10-25,Riz,10,350,1142
2024-10-25,Sorgho,10,235,922
2024-10-25,Igname,10,261,1189
2024-10-25,Manioc,10,138,1040
2024-10-25,Soja,10,292,1075
2024-10-25,Coton,10,466,1173
2024-10-25,Cacao,10,1364,1169
2024-10-25,Café,10,1038,1206
2024-10-26,Maïs,10,204,779
2024-10-26,Riz,10,379,1016
2024-10-26,Sorgho,10,247,1087
2024-10-26,Igname,10,273,1074
2024-10-26,Manioc,10,143,1034
2024-10-26,Soja,10,337,1025
2024-10-26,Coton,10,459,1093
2024-10-26,Cacao,10,1437,1010
2024-10-26,Café,10,1153,1286
2024-10-27,Maïs,10,181,1243
2024-10-27,Riz,10,345,1142
2024-10-27,Sorgho,10,238,1118
2024-10-27,Igname,10,288,1111
2024-10-27,Manioc,10,146,1059
2024-10-27,Soja,10,326,965
2024-10-27,Coton,10,459,976
2024-10-27,Cacao,10,1237,1282
2024-10-27,Café,10,1046,1009
2024-10-28,Maïs,10,182,1077
2024-10-28,Riz,10,384,1130
2024-10-28,Sorgho,10,222,1207
2024-10-28,Igname,10,297,1069
2024-10-28,Manioc,10,134,1261
2024-10-28,Soja,10,336,1047
2024-10-28,Coton,10,435,1284
2024-10-28,Cacao,10,1333,962
2024-10-28,Café,10,1019,1112
2024-10-29,Maïs,10,225,929
2024-10-29,Riz,10,377,1157
2024-10-29,Sorgho,10,215,1268
2024-10-29,Igname,10,274,1177
2024-10-29,Manioc,10,138,976
2024-10-29,Soja,10,287,1214
2024-10-29,Coton,10,504,998
2024-10-29,Cacao,10,1361,976
2024-10-29,Café,10,1048,1193
2024-10-30,Maïs,10,176,1147
2024-10-30,Riz,10,321,1248
2024-10-30,Sorgho,10,230,1122
2024-10-30,Igname,10,289,1027
2024-10-30,Manioc,10,135,1220
2024-10-30,Soja,10,332,1026
2024-10-30,Coton,10,457,1101
2024-10-30,Cacao,10,1373,923
2024-10-30,Café,10,1167,890
2024-10-31,Maïs,10,183,1075
2024-10-31,Riz,10,384,1084
2024-10-31,Sorgho,10,234,1194
2024-10-31,Igname,10,295,941
2024-10-31,Manioc,10,135,1138
2024-10-31,Soja,10,310,1203
2024-10-31,Coton,10,483,1046
2024-10-31,Cacao,10,1376,1035
2024-10-31,Café,10,1071,1097
2024-11-01,Maïs,11,179,1144
2024-11-01,Riz,11,345,1240
2024-11-01,Sorgho,11,242,917
2024-11-01,Igname,11,308,823
2024-11-01,Manioc,11,146,889
2024-11-01,Soja,11,310,1021
2024-11-01,Coton,11,478,1089
2024-11-01,Cacao,11,1394,1132
2024-11-01,Café,11,1147,1004
2024-11-02,Maïs,11,207,1053
2024-11-02,Riz,11,390,1112
2024-11-02,Sorgho,11,234,1042
2024-11-02,Igname,11,277,1122
2024-11-02,Manioc,11,141,1225
2024-11-02,Soja,11,339,1206
2024-11-02,Coton,11,462,1155
2024-11-02,Cacao,11,1348,1061
2024-11-02,Café,11,1228,1014
2024-11-03,Maïs,11,205,1016
2024-11-03,Riz,11,361,1145
2024-11-03,Sorgho,11,250,899
2024-11-03,Igname,11,308,969
2024-11-03,Manioc,11,155,1055
2024-11-03,Soja,11,342,1128
2024-11-03,Coton,11,487,1111
2024-11-03,Cacao,11,1481,1024
2024-11-03,Café,11,1148,1033
2024-11-04,Maïs,11,187,1085
2024-11-04,Riz,11,359,1138
2024-11-04,Sorgho,11,233,1128
2024-11-04,Igname,11,292,1135
2024-11-04,Manioc,11,151,1053
2024-11-04,Soja,11,330,1079
2024-11-04,Coton,11,439,931
2024-11-04,Cacao,11,1371,1043
2024-11-04,Café,11,1239,886
2024-11-05,Maïs,11,178,1131
2024-11-05,Riz,11,390,1177
2024-11-05,Sorgho,11,238,1003
2024-11-05,Igname,11,285,1014
2024-11-05,Manioc,11,147,776
2024-11-05,Soja,11,361,959
2024-11-05,Coton,11,492,1032
2024-11-05,Cacao,11,1391,946
2024-11-05,Café,11,1243,1004
2024-11-06,Maïs,11,212,781
2024-11-06,Riz,11,375,1026
2024-11-06,Sorgho,11,245,841
2024-11-06,Igname,11,282,1158
2024-11-06,Manioc,11,151,1136
2024-11-06,Soja,11,359,1038
2024-11-06,Coton,11,462,1144
2024-11-06,Cacao,11,1338,1065
2024-11-06,Café,11,1213,943
2024-11-07,Maïs,11,205,1058
2024-11-07,Riz,11,376,958
2024-11-07,Sorgho,11,239,932
2024-11-07,Igname,11,292,1110
2024-11-07,Manioc,11,139,1004
2024-11-07,Soja,11,353,1008
2024-11-07,Coton,11,492,758
2024-11-07,Cacao,11,1478,1124
2024-11-07,Café,11,1166,959
2024-11-08,Maïs,11,205,1175
2024-11-08,Riz,11,394,942
2024-11-08,Sorgho,11,244,1066
2024-11-08,Igname,11,285,1101
2024-11-08,Manioc,11,142,1045
2024-11-08,Soja,11,338,990
2024-11-08,Coton,11,455,1077
2024-11-08,Cacao,11,1489,1149
2024-11-08,Café,11,1033,1157
2024-11-09,Maïs,11,205,937
2024-11-09,Riz,11,381,1024
2024-11-09,Sorgho,11,235,1057
2024-11-09,Igname,11,307,1021
2024-11-09,Manioc,11,144,946
2024-11-09,Soja,11,311,1034
2024-11-09,Coton,11,448,1157
2024-11-09,Cacao,11,1472,988
2024-11-09,Café,11,986,1245
2024-11-10,Maïs,11,194,1215
2024-11-10,Riz,11,371,1386
2024-11-10,Sorgho,11,262,1152
2024-11-10,Igname,11,290,1131
2024-11-10,Manioc,11,153,895
2024-11-10,Soja,11,339,861
2024-11-10,Coton,11,466,1093
2024-11-10,Cacao,11,1622,1000
2024-11-10,Café,11,1180,1041
2024-11-11,Maïs,11,205,1010
2024-11-11,Riz,11,508,872
2024-11-11,Sorgho,11,244,1061
2024-11-11,Igname,11,276,1066
2024-11-11,Manioc,11,146,955
2024-11-11,Soja,11,338,1078
2024-11-11,Coton,11,469,1136
2024-11-11,Cacao,11,1514,1089
2024-11-11,Café,11,1196,1058
2024-11-12,Maïs,11,190,954
2024-11-12,Riz,11,392,1034
2024-11-12,Sorgho,11,259,960
2024-11-12,Igname,11,304,978
2024-11-12,Manioc,11,140,1087
2024-11-12,Soja,11,338,1044
2024-11-12,Coton,11,517,1008
2024-11-12,Cacao,11,1454,939
2024-11-12,Café,11,1170,1083
2024-11-13,Maïs,11,191,1099
2024-11-13,Riz,11,420,1174
2024-11-13,Sorgho,11,236,1065
2024-11-13,Igname,11,297,797
2024-11-13,Manioc,11,151,1111
2024-11-13,Soja,11,337,943
2024-11-13,Coton,11,519,913
2024-11-13,Cacao,11,1395,949
2024-11-13,Café,11,1121,1063
2024-11-14,Maïs,11,194,1093
2024-11-14,Riz,11,388,974
2024-11-14,Sorgho,11,245,1026
2024-11-14,Igname,11,298,1128
2024-11-14,Manioc,11,150,992
2024-11-14,Soja,11,349,1166
2024-11-14,Coton,11,472,1123
2024-11-14,Cacao,11,1459,1056
2024-11-14,Café,11,1090,1172
2024-11-15,Maïs,11,147,1360
2024-11-15,Riz,11,393,981
2024-11-15,Sorgho,11,254,1053
2024-11-15,Igname,11,311,908
2024-11-15,Manioc,11,150,1249
2024-11-15,Soja,11,328,1148
2024-11-15,Coton,11,473,1004
2024-11-15,Cacao,11,1398,988
2024-11-15,Café,11,1091,973
2024-11-16,Maïs,11,201,1057
2024-11-16,Riz,11,414,940
2024-11-16,Sorgho,11,238,1058
2024-11-16,Igname,11,285,908
2024-11-16,Manioc,11,135,1026
2024-11-16,Soja,11,320,1091
2024-11-16,Coton,11,442,1185
2024-11-16,Cacao,11,1513,916
2024-11-16,Café,11,1057,1151
2024-11-17,Maïs,11,216,1042
2024-11-17,Riz,11,368,1068
2024-11-17,Sorgho,11,244,1101
2024-11-17,Igname,11,282,1249
2024-11-17,Manioc,11,157,1091
2024-11-17,Soja,11,323,1114
2024-11-17,Coton,11,472,941
2024-11-17,Cacao,11,1398,861
2024-11-17,Café,11,1128,1134
2024-11-18,Maïs,11,187,1110
2024-11-18,Riz,11,371,983
2024-11-18,Sorgho,11,219,1342
2024-11-18,Igname,11,310,883
2024-11-18,Manioc,11,144,931
2024-11-18,Soja,11,321,1210
2024-11-18,Coton,11,524,1102
2024-11-18,Cacao,11,1475,1087
2024-11-18,Café,11,1239,991
2024-11-19,Maïs,11,201,1010
2024-11-19,Riz,11,358,1120
2024-11-19,Sorgho,11,255,841
2024-11-19,Igname,11,334,863
2024-11-19,Manioc,11,135,1127
2024-11-19,Soja,11,331,1158
2024-11-19,Coton,11,513,1076
2024-11-19,Cacao,11,1403,1163
2024-11-19,Café,11,1123,808
2024-11-20,Maïs,11,203,939
2024-11-20,Riz,11,366,962
2024-11-20,Sorgho,11,240,1036
2024-11-20,Igname,11,299,1063
2024-11-20,Manioc,11,145,991
2024-11-20,Soja,11,315,1171
2024-11-20,Coton,11,430,1219
2024-11-20,Cacao,11,1482,741
2024-11-20,Café,11,1193,910
2024-11-21,Maïs,11,184,1127
2024-11-21,Riz,11,489,771
2024-11-21,Sorgho,11,245,914
2024-11-21,Igname,11,312,777
2024-11-21,Manioc,11,145,794
2024-11-21,Soja,11,348,969
2024-11-21,Coton,11,493,993
2024-11-21,Cacao,11,1399,987
2024-11-21,Café,11,1182,960
2024-11-22,Maïs,11,200,955
2024-11-22,Riz,11,393,1061
2024-11-22,Sorgho,11,242,1073
2024-11-22,Igname,11,293,862
2024-11-22,Manioc,11,145,1094
2024-11-22,Soja,11,340,1014
2024-11-22,Coton,11,503,970
2024-11-22,Cacao,11,1352,1082
2024-11-22,Café,11,1176,998
2024-11-23,Maïs,11,177,1153
2024-11-23,Riz,11,384,952
2024-11-23,Sorgho,11,265,1085
2024-11-23,Igname,11,290,1134
2024-11-23,Manioc,11,141,871
2024-11-23,Soja,11,301,1265
2024-11-23,Coton,11,479,1069
2024-11-23,Cacao,11,1528,1031
2024-11-23,Café,11,1190,948
2024-11-24,Maïs,11,201,916
2024-11-24,Riz,11,392,1027
2024-11-24,Sorgho,11,225,1089
2024-11-24,Igname,11,299,862
2024-11-24,Manioc,11,149,1066
2024-11-24,Soja,11,353,1012
2024-11-24,Coton,11,494,1108
2024-11-24,Cacao,11,1527,847
2024-11-24,Café,11,1224,888
2024-11-25,Maïs,11,187,1107
2024-11-25,Riz,11,384,1028
2024-11-25,Sorgho,11,225,1183
2024-11-25,Igname,11,282,1109
2024-11-25,Manioc,11,146,948
2024-11-25,Soja,11,321,1058
2024-11-25,Coton,11,514,1032
2024-11-25,Cacao,11,1298,1109
2024-11-25,Café,11,1220,881
2024-11-26,Maïs,11,205,1033
2024-11-26,Riz,11,393,1157
2024-11-26,Sorgho,11,221,1110
2024-11-26,Igname,11,297,921
2024-11-26,Manioc,11,144,1139
2024-11-26,Soja,11,360,987
2024-11-26,Coton,11,495,1257
2024-11-26,Cacao,11,1469,1129
2024-11-26,Café,11,1098,1155
2024-11-27,Maïs,11,187,1256
2024-11-27,Riz,11,378,924
2024-11-27,Sorgho,11,268,759
2024-11-27,Igname,11,367,992
2024-11-27,Manioc,11,145,921
2024-11-27,Soja,11,354,860
2024-11-27,Coton,11,462,1061
2024-11-27,Cacao,11,1433,925
2024-11-27,Café,11,1096,1244
2024-11-28,Maïs,11,196,1078
2024-11-28,Riz,11,358,1175
2024-11-28,Sorgho,11,236,1056
2024-11-28,Igname,11,289,1079
2024-11-28,Manioc,11,160,662
2024-11-28,Soja,11,340,822
2024-11-28,Coton,11,490,929
2024-11-28,Cacao,11,1494,1027
2024-11-28,Café,11,1292,936
2024-11-29,Maïs,11,175,1168
2024-11-29,Riz,11,372,978
2024-11-29,Sorgho,11,225,1083
2024-11-29,Igname,11,273,1111
2024-11-29,Manioc,11,150,1002
2024-11-29,Soja,11,306,1068
2024-11-29,Coton,11,482,1053
2024-11-29,Cacao,11,1451,1067
2024-11-29,Café,11,1111,1067
2024-11-30,Maïs,11,201,982
2024-11-30,Riz,11,394,958
2024-11-30,Sorgho,11,261,972
2024-11-30,Igname,11,266,1256
2024-11-30,Manioc,11,145,976
2024-11-30,Soja,11,332,1102
2024-11-30,Coton,11,476,1174
2024-11-30,Cacao,11,1482,994
2024-11-30,Café,11,1201,987
2024-12-01,Maïs,12,202,918
2024-12-01,Riz,12,413,993
2024-12-01,Sorgho,12,261,1067
2024-12-01,Igname,12,313,919
2024-12-01,Manioc,12,156,986
2024-12-01,Soja,12,369,787
2024-12-01,Coton,12,558,1080
2024-12-01,Cacao,12,1697,753
2024-12-01,Café,12,1215,1101
2024-12-02,Maïs,12,201,979
2024-12-02,Riz,12,410,908
2024-12-02,Sorgho,12,254,921
2024-12-02,Igname,12,337,943
2024-12-02,Manioc,12,162,803
2024-12-02,Soja,12,368,939
2024-12-02,Coton,12,526,861
2024-12-02,Cacao,12,1587,958
2024-12-02,Café,12,1289,984
2024-12-03,Maïs,12,211,1002
2024-12-03,Riz,12,422,981
2024-12-03,Sorgho,12,277,839
2024-12-03,Igname,12,327,1002
2024-12-03,Manioc,12,155,821
2024-12-03,Soja,12,392,818
2024-12-03,Coton,12,519,1025
2024-12-03,Cacao,12,1618,1017
2024-12-03,Café,12,1174,1078
2024-12-04,Maïs,12,216,904
2024-12-04,Riz,12,439,867
2024-12-04,Sorgho,12,249,955
2024-12-04,Igname,12,336,1031
2024-12-04,Manioc,12,157,850
2024-12-04,Soja,12,351,946
2024-12-04,Coton,12,530,868
2024-12-04,Cacao,12,1518,887
2024-12-04,Café,12,1264,931
2024-12-05,Maïs,12,197,990
2024-12-05,Riz,12,393,846
2024-12-05,Sorgho,12,246,964
2024-12-05,Igname,12,315,980
2024-12-05,Manioc,12,153,991
2024-12-05,Soja,12,372,923
2024-12-05,Coton,12,496,1126
2024-12-05,Cacao,12,1575,1000
2024-12-05,Café,12,1274,1012
2024-12-06,Maïs,12,207,1000
2024-12-06,Riz,12,367,1086
2024-12-06,Sorgho,12,264,746
2024-12-06,Igname,12,329,973
2024-12-06,Manioc,12,156,939
2024-12-06,Soja,12,360,1006
2024-12-06,Coton,12,523,1086
2024-12-06,Cacao,12,1548,1065
2024-12-06,Café,12,1256,968
2024-12-07,Maïs,12,201,1017
2024-12-07,Riz,12,396,669
2024-12-07,Sorgho,12,255,971
2024-12-07,Igname,12,323,927
2024-12-07,Manioc,12,167,865
2024-12-07,Soja,12,394,869
2024-12-07,Coton,12,509,813
2024-12-07,Cacao,12,1478,988
2024-12-07,Café,12,1247,1071
2024-12-08,Maïs,12,206,930
2024-12-08,Riz,12,421,877
2024-12-08,Sorgho,12,279,966
2024-12-08,Igname,12,312,840
2024-12-08,Manioc,12,152,935
2024-12-08,Soja,12,388,931
2024-12-08,Coton,12,520,1031
2024-12-08,Cacao,12,1683,948
2024-12-08,Café,12,1294,805
2024-12-09,Maïs,12,217,809
2024-12-09,Riz,12,395,913
2024-12-09,Sorgho,12,245,968
2024-12-09,Igname,12,330,886
2024-12-09,Manioc,12,160,829
2024-12-09,Soja,12,358,1063
2024-12-09,Coton,12,579,1083
2024-12-09,Cacao,12,1643,883
2024-12-09,Café,12,1227,848
2024-12-10,Maïs,12,206,1059
2024-12-10,Riz,12,425,956
2024-12-10,Sorgho,12,265,845
2024-12-10,Igname,12,327,821
2024-12-10,Manioc,12,149,1082
2024-12-10,Soja,12,417,633
2024-12-10,Coton,12,500,1114
2024-12-10,Cacao,12,1375,1085
2024-12-10,Café,12,1288,1009
2024-12-11,Maïs,12,216,837
2024-12-11,Riz,12,421,1047
2024-12-11,Sorgho,12,262,1061
2024-12-11,Igname,12,287,1070
2024-12-11,Manioc,12,156,824
2024-12-11,Soja,12,328,1082
2024-12-11,Coton,12,553,972
2024-12-11,Cacao,12,1473,948
2024-12-11,Café,12,1265,1055
2024-12-12,Maïs,12,233,996
2024-12-12,Riz,12,441,740
2024-12-12,Sorgho,12,265,960
2024-12-12,Igname,12,310,890
2024-12-12,Manioc,12,150,813
2024-12-12,Soja,12,389,828
2024-12-12,Coton,12,509,1113
2024-12-12,Cacao,12,1450,1039
2024-12-12,Café,12,1314,955
2024-12-13,Maïs,12,236,775
2024-12-13,Riz,12,443,989
2024-12-13,Sorgho,12,249,942
2024-12-13,Igname,12,317,820
2024-12-13,Manioc,12,154,900
2024-12-13,Soja,12,344,1163
2024-12-13,Coton,12,512,873
2024-12-13,Cacao,12,1644,843
2024-12-13,Café,12,1302,907
2024-12-14,Maïs,12,199,1002
2024-12-14,Riz,12,405,774
2024-12-14,Sorgho,12,260,884
2024-12-14,Igname,12,331,956
2024-12-14,Manioc,12,150,1013
2024-12-14,Soja,12,346,1033
2024-12-14,Coton,12,499,1070
2024-12-14,Cacao,12,1549,901
2024-12-14,Café,12,1157,916
2024-12-15,Maïs,12,203,985
2024-12-15,Riz,12,422,987
2024-12-15,Sorgho,12,250,789
2024-12-15,Igname,12,342,903
2024-12-15,Manioc,12,161,1047
2024-12-15,Soja,12,395,762
2024-12-15,Coton,12,528,996
2024-12-15,Cacao,12,1640,943
2024-12-15,Café,12,1238,1050
2024-12-16,Maïs,12,230,886
2024-12-16,Riz,12,399,1084
2024-12-16,Sorgho,12,278,949
2024-12-16,Igname,12,320,890
2024-12-16,Manioc,12,155,764
2024-12-16,Soja,12,346,1042
2024-12-16,Coton,12,539,861
2024-12-16,Cacao,12,1538,865
2024-12-16,Café,12,1200,835
2024-12-17,Maïs,12,216,837
2024-12-17,Riz,12,439,1026
2024-12-17,Sorgho,12,264,1113
2024-12-17,Igname,12,307,1078
2024-12-17,Manioc,12,156,1053
2024-12-17,Soja,12,368,917
2024-12-17,Coton,12,492,951
2024-12-17,Cacao,12,1553,1106
2024-12-17,Café,12,1356,862
2024-12-18,Maïs,12,212,668
2024-12-18,Riz,12,388,1208
2024-12-18,Sorgho,12,274,872
2024-12-18,Igname,12,332,817
2024-12-18,Manioc,12,163,933
2024-12-18,Soja,12,377,778
2024-12-18,Coton,12,519,1127
2024-12-18,Cacao,12,1476,1057
2024-12-18,Café,12,1188,993
2024-12-19,Maïs,12,192,944
2024-12-19,Riz,12,439,880
2024-12-19,Sorgho,12,255,983
2024-12-19,Igname,12,303,1239
2024-12-19,Manioc,12,153,1063
2024-12-19,Soja,12,337,1359
2024-12-19,Coton,12,491,1039
2024-12-19,Cacao,12,1568,1001
2024-12-19,Café,12,1259,815
2024-12-20,Maïs,12,206,1027
2024-12-20,Riz,12,409,904
2024-12-20,Sorgho,12,260,894
2024-12-20,Igname,12,300,931
2024-12-20,Manioc,12,154,768
2024-12-20,Soja,12,362,862
2024-12-20,Coton,12,508,884
2024-12-20,Cacao,12,1560,990
2024-12-20,Café,12,1252,982
2024-12-21,Maïs,12,221,808
2024-12-21,Riz,12,418,947
2024-12-21,Sorgho,12,256,821
2024-12-21,Igname,12,311,983
2024-12-21,Manioc,12,146,1089
2024-12-21,Soja,12,353,964
2024-12-21,Coton,12,491,936
2024-12-21,Cacao,12,1605,868
2024-12-21,Café,12,1299,838
2024-12-22,Maïs,12,208,1013
2024-12-22,Riz,12,445,923
2024-12-22,Sorgho,12,262,963
2024-12-22,Igname,12,300,1302
2024-12-22,Manioc,12,150,1038
2024-12-22,Soja,12,364,1072
2024-12-22,Coton,12,513,1159
2024-12-22,Cacao,12,1458,1102
2024-12-22,Café,12,1161,1179
2024-12-23,Maïs,12,202,948
2024-12-23,Riz,12,412,958
2024-12-23,Sorgho,12,259,1226
2024-12-23,Igname,12,317,1056
2024-12-23,Manioc,12,149,1207
2024-12-23,Soja,12,365,1006
2024-12-23,Coton,12,545,827
2024-12-23,Cacao,12,1521,1058
2024-12-23,Café,12,1229,861
2024-12-24,Maïs,12,211,957
2024-12-24,Riz,12,385,946
2024-12-24,Sorgho,12,271,946
2024-12-24,Igname,12,301,926
2024-12-24,Manioc,12,158,941
2024-12-24,Soja,12,387,754
2024-12-24,Coton,12,534,1100
2024-12-24,Cacao,12,1504,912
2024-12-24,Café,12,1285,810
2024-12-25,Maïs,12,200,1132
2024-12-25,Riz,12,425,944
2024-12-25,Sorgho,12,260,1120
2024-12-25,Igname,12,321,896
2024-12-25,Manioc,12,147,1178
2024-12-25,Soja,12,351,1082
2024-12-25,Coton,12,570,818
2024-12-25,Cacao,12,1658,1044
2024-12-25,Café,12,1279,989
2024-12-26,Maïs,12,214,1032
2024-12-26,Riz,12,409,794
2024-12-26,Sorgho,12,269,996
2024-12-26,Igname,12,309,842
2024-12-26,Manioc,12,168,822
2024-12-26,Soja,12,355,1102
2024-12-26,Coton,12,562,889
2024-12-26,Cacao,12,1473,1286
2024-12-26,Café,12,1250,1232
2024-12-27,Maïs,12,220,1019
2024-12-27,Riz,12,428,1006
2024-12-27,Sorgho,12,272,961
2024-12-27,Igname,12,335,986
2024-12-27,Manioc,12,209,645
2024-12-27,Soja,12,345,1041
2024-12-27,Coton,12,540,973
2024-12-27,Cacao,12,1455,1223
2024-12-27,Café,12,1174,1145
2024-12-28,Maïs,12,199,1079
2024-12-28,Riz,12,419,1012
2024-12-28,Sorgho,12,263,919
2024-12-28,Igname,12,279,945
2024-12-28,Manioc,12,159,999
2024-12-28,Soja,12,366,1069
2024-12-28,Coton,12,551,982
2024-12-28,Cacao,12,1458,1234
2024-12-28,Café,12,1273,975
2024-12-29,Maïs,12,210,868
2024-12-29,Riz,12,442,1007
2024-12-29,Sorgho,12,256,1017
2024-12-29,Igname,12,299,1114
2024-12-29,Manioc,12,154,990
2024-12-29,Soja,12,393,898
2024-12-29,Coton,12,483,1084
2024-12-29,Cacao,12,1490,1073
2024-12-29,Café,12,1372,828
2024-12-30,Maïs,12,200,752
2024-12-30,Riz,12,449,940
2024-12-30,Sorgho,12,275,932
2024-12-30,Igname,12,297,942
2024-12-30,Manioc,12,152,1052
2024-12-30,Soja,12,360,844
2024-12-30,Coton,12,523,890
2024-12-30,Cacao,12,1549,969
2024-12-30,Café,12,1237,845
2024-12-31,Maïs,12,194,1072
2024-12-31,Riz,12,409,1138
2024-12-31,Sorgho,12,256,915
2024-12-31,Igname,12,306,848
2024-12-31,Manioc,12,159,836
2024-12-31,Soja,12,369,872
2024-12-31,Coton,12,500,984
2024-12-31,Cacao,12,1585,935
2024-12-31,Café,12,1226,1135
2025-01-01,Maïs,1,207,841
2025-01-01,Riz,1,463,859
2025-01-01,Sorgho,1,285,765
2025-01-01,Igname,1,404,756
2025-01-01,Manioc,1,163,1060
2025-01-01,Soja,1,337,1016
2025-01-01,Coton,1,587,763
2025-01-01,Cacao,1,1798,788
2025-01-01,Café,1,1258,865
2025-01-02,Maïs,1,240,847
2025-01-02,Riz,1,413,851
2025-01-02,Sorgho,1,276,894
2025-01-02,Igname,1,332,1081
2025-01-02,Manioc,1,167,927
2025-01-02,Soja,1,387,925
2025-01-02,Coton,1,541,879
2025-01-02,Cacao,1,1830,812
2025-01-02,Café,1,1359,900
2025-01-03,Maïs,1,218,780
2025-01-03,Riz,1,484,898
2025-01-03,Sorgho,1,267,723
2025-01-03,Igname,1,344,887
2025-01-03,Manioc,1,177,848
2025-01-03,Soja,1,407,892
2025-01-03,Coton,1,546,1063
2025-01-03,Cacao,1,1641,902
2025-01-03,Café,1,1224,1063
2025-01-04,Maïs,1,219,940
2025-01-04,Riz,1,457,792
2025-01-04,Sorgho,1,273,867
2025-01-04,Igname,1,331,1014
2025-01-04,Manioc,1,159,1143
2025-01-04,Soja,1,401,834
2025-01-04,Coton,1,578,835
2025-01-04,Cacao,1,1597,855
2025-01-04,Café,1,1427,841
2025-01-05,Maïs,1,214,838
2025-01-05,Riz,1,442,917
2025-01-05,Sorgho,1,260,1043
2025-01-05,Igname,1,331,911
2025-01-05,Manioc,1,182,743
2025-01-05,Soja,1,384,955
2025-01-05,Coton,1,600,884
2025-01-05,Cacao,1,1734,865
2025-01-05,Café,1,1302,919
2025-01-06,Maïs,1,232,722
2025-01-06,Riz,1,452,988
2025-01-06,Sorgho,1,294,991
2025-01-06,Igname,1,343,911
2025-01-06,Manioc,1,157,1012
2025-01-06,Soja,1,378,899
2025-01-06,Coton,1,578,697
2025-01-06,Cacao,1,1542,1093
2025-01-06,Café,1,1332,964
2025-01-07,Maïs,1,218,1058
2025-01-07,Riz,1,435,1039
2025-01-07,Sorgho,1,266,1068
2025-01-07,Igname,1,348,1001
2025-01-07,Manioc,1,165,808
2025-01-07,Soja,1,407,934
2025-01-07,Coton,1,548,830
2025-01-07,Cacao,1,1816,785
2025-01-07,Café,1,1410,890
2025-01-08,Maïs,1,232,883
2025-01-08,Riz,1,453,914
2025-01-08,Sorgho,1,298,1043
2025-01-08,Igname,1,342,835
2025-01-08,Manioc,1,182,849
2025-01-08,Soja,1,389,1059
2025-01-08,Coton,1,611,966
2025-01-08,Cacao,1,1594,932
2025-01-08,Café,1,1370,880
2025-01-09,Maïs,1,227,755
2025-01-09,Riz,1,415,1044
2025-01-09,Sorgho,1,281,875
2025-01-09,Igname,1,312,1043
2025-01-09,Manioc,1,177,977
2025-01-09,Soja,1,436,740
2025-01-09,Coton,1,559,953
2025-01-09,Cacao,1,1689,863
2025-01-09,Café,1,1369,650
2025-01-10,Maïs,1,221,978
2025-01-10,Riz,1,456,928
2025-01-10,Sorgho,1,302,767
2025-01-10,Igname,1,338,828
2025-01-10,Manioc,1,176,815
2025-01-10,Soja,1,386,887
2025-01-10,Coton,1,558,722
2025-01-10,Cacao,1,1687,965
2025-01-10,Café,1,1272,942
2025-01-11,Maïs,1,225,980
2025-01-11,Riz,1,445,1063
2025-01-11,Sorgho,1,263,913
2025-01-11,Igname,1,348,662
2025-01-11,Manioc,1,172,769
2025-01-11,Soja,1,420,903
2025-01-11,Coton,1,553,1007
2025-01-11,Cacao,1,1714,753
2025-01-11,Café,1,1395,813
2025-01-12,Maïs,1,229,963
2025-01-12,Riz,1,471,1001
2025-01-12,Sorgho,1,282,848
2025-01-12,Igname,1,344,819
2025-01-12,Manioc,1,167,729
2025-01-12,Soja,1,419,827
2025-01-12,Coton,1,626,859
2025-01-12,Cacao,1,1632,991
2025-01-12,Café,1,1239,952
2025-01-13,Maïs,1,233,830
2025-01-13,Riz,1,424,919
2025-01-13,Sorgho,1,289,922
2025-01-13,Igname,1,343,732
2025-01-13,Manioc,1,167,969
2025-01-13,Soja,1,412,963
2025-01-13,Coton,1,549,903
2025-01-13,Cacao,1,1620,922
2025-01-13,Café,1,1370,855
2025-01-14,Maïs,1,234,765
2025-01-14,Riz,1,451,891
2025-01-14,Sorgho,1,276,1032
2025-01-14,Igname,1,333,955
2025-01-14,Manioc,1,159,788
2025-01-14,Soja,1,401,850
2025-01-14,Coton,1,598,851
2025-01-14,Cacao,1,1760,794
2025-01-14,Café,1,1264,691
2025-01-15,Maïs,1,235,855
2025-01-15,Riz,1,450,1130
2025-01-15,Sorgho,1,276,888
2025-01-15,Igname,1,317,901
2025-01-15,Manioc,1,158,924
2025-01-15,Soja,1,385,1049
2025-01-15,Coton,1,518,813
2025-01-15,Cacao,1,1630,869
2025-01-15,Café,1,1393,854
2025-01-16,Maïs,1,220,999
2025-01-16,Riz,1,498,830
2025-01-16,Sorgho,1,287,850
2025-01-16,Igname,1,331,1031
2025-01-16,Manioc,1,175,813
2025-01-16,Soja,1,380,831
2025-01-16,Coton,1,584,960
2025-01-16,Cacao,1,1671,1026
2025-01-16,Café,1,1440,882
2025-01-17,Maïs,1,286,677
2025-01-17,Riz,1,433,1009
2025-01-17,Sorgho,1,285,769
2025-01-17,Igname,1,343,1046
2025-01-17,Manioc,1,119,1224
2025-01-17,Soja,1,392,883
2025-01-17,Coton,1,574,762
2025-01-17,Cacao,1,1656,1027
2025-01-17,Café,1,1339,864
2025-01-18,Maïs,1,212,1147
2025-01-18,Riz,1,445,701
2025-01-18,Sorgho,1,283,703
2025-01-18,Igname,1,336,826
2025-01-18,Manioc,1,182,743
2025-01-18,Soja,1,394,921
2025-01-18,Coton,1,560,981
2025-01-18,Cacao,1,1550,933
2025-01-18,Café,1,1234,897
2025-01-19,Maïs,1,236,753
2025-01-19,Riz,1,480,877
2025-01-19,Sorgho,1,275,857
2025-01-19,Igname,1,346,807
2025-01-19,Manioc,1,171,836
2025-01-19,Soja,1,399,1057
2025-01-19,Coton,1,611,725
2025-01-19,Cacao,1,1716,772
2025-01-19,Café,1,1315,1004
2025-01-20,Maïs,1,223,841
2025-01-20,Riz,1,422,901
2025-01-20,Sorgho,1,300,1136
2025-01-20,Igname,1,334,800
2025-01-20,Manioc,1,172,747
2025-01-20,Soja,1,396,901
2025-01-20,Coton,1,567,1013
2025-01-20,Cacao,1,1576,952
2025-01-20,Café,1,1315,860
2025-01-21,Maïs,1,229,921
2025-01-21,Riz,1,432,834
2025-01-21,Sorgho,1,279,983
2025-01-21,Igname,1,318,885
2025-01-21,Manioc,1,159,1030
2025-01-21,Soja,1,393,783
2025-01-21,Coton,1,606,706
2025-01-21,Cacao,1,1660,948
2025-01-21,Café,1,1197,945
2025-01-22,Maïs,1,235,1063
2025-01-22,Riz,1,420,906
2025-01-22,Sorgho,1,263,865
2025-01-22,Igname,1,333,917
2025-01-22,Manioc,1,149,806
2025-01-22,Soja,1,411,878
2025-01-22,Coton,1,554,999
2025-01-22,Cacao,1,1703,888
2025-01-22,Café,1,1420,817
2025-01-23,Maïs,1,217,1001
2025-01-23,Riz,1,467,935
2025-01-23,Sorgho,1,267,1001
2025-01-23,Igname,1,346,922
2025-01-23,Manioc,1,150,1023
2025-01-23,Soja,1,416,734
2025-01-23,Coton,1,545,943
2025-01-23,Cacao,1,1831,794
2025-01-23,Café,1,1352,775
2025-01-24,Maïs,1,215,774
2025-01-24,Riz,1,425,923
2025-01-24,Sorgho,1,298,707
2025-01-24,Igname,1,331,913
2025-01-24,Manioc,1,169,1016
2025-01-24,Soja,1,376,782
2025-01-24,Coton,1,546,800
2025-01-24,Cacao,1,1754,927
2025-01-24,Café,1,1408,883
2025-01-25,Maïs,1,220,783
2025-01-25,Riz,1,439,968
2025-01-25,Sorgho,1,286,926
2025-01-25,Igname,1,322,1102
2025-01-25,Manioc,1,173,858
2025-01-25,Soja,1,377,852
2025-01-25,Coton,1,557,899
2025-01-25,Cacao,1,1627,890
2025-01-25,Café,1,1400,773
2025-01-26,Maïs,1,238,734
2025-01-26,Riz,1,439,901
2025-01-26,Sorgho,1,283,814
2025-01-26,Igname,1,324,862
2025-01-26,Manioc,1,181,756
2025-01-26,Soja,1,413,735
2025-01-26,Coton,1,561,969
2025-01-26,Cacao,1,1756,1029
2025-01-26,Café,1,1443,762
2025-01-27,Maïs,1,233,831
2025-01-27,Riz,1,450,993
2025-01-27,Sorgho,1,261,840
2025-01-27,Igname,1,357,915
2025-01-27,Manioc,1,171,740
2025-01-27,Soja,1,427,808
2025-01-27,Coton,1,585,711
2025-01-27,Cacao,1,1684,906
2025-01-27,Café,1,1308,976
2025-01-28,Maïs,1,225,958
2025-01-28,Riz,1,429,1060
2025-01-28,Sorgho,1,280,849
2025-01-28,Igname,1,354,751
2025-01-28,Manioc,1,161,1150
2025-01-28,Soja,1,401,827
2025-01-28,Coton,1,524,1134
2025-01-28,Cacao,1,1715,879
2025-01-28,Café,1,1487,869
2025-01-29,Maïs,1,226,843
2025-01-29,Riz,1,446,979
2025-01-29,Sorgho,1,278,906
2025-01-29,Igname,1,345,761
2025-01-29,Manioc,1,171,936
2025-01-29,Soja,1,391,963
2025-01-29,Coton,1,567,1011
2025-01-29,Cacao,1,1672,919
2025-01-29,Café,1,1330,954
2025-01-30,Maïs,1,234,844
2025-01-30,Riz,1,465,742
2025-01-30,Sorgho,1,305,801
2025-01-30,Igname,1,371,956
2025-01-30,Manioc,1,168,777
2025-01-30,Soja,1,378,852
2025-01-30,Coton,1,568,1058
2025-01-30,Cacao,1,1705,945
2025-01-30,Café,1,1298,896
2025-01-31,Maïs,1,222,1004
2025-01-31,Riz,1,425,807
2025-01-31,Sorgho,1,266,838
2025-01-31,Igname,1,346,781
2025-01-31,Manioc,1,182,703
2025-01-31,Soja,1,384,856
2025-01-31,Coton,1,597,906
2025-01-31,Cacao,1,1663,857
2025-01-31,Café,1,1355,850
2025-02-01,Maïs,2,233,945
2025-02-01,Riz,2,476,892
2025-02-01,Sorgho,2,300,902
2025-02-01,Igname,2,370,864
2025-02-01,Manioc,2,192,785
2025-02-01,Soja,2,404,960
2025-02-01,Coton,2,605,734
2025-02-01,Cacao,2,1808,876
2025-02-01,Café,2,1455,851
2025-02-02,Maïs,2,259,632
2025-02-02,Riz,2,497,778
2025-02-02,Sorgho,2,286,804
2025-02-02,Igname,2,368,486
2025-02-02,Manioc,2,184,852
2025-02-02,Soja,2,398,792
2025-02-02,Coton,2,593,808
2025-02-02,Cacao,2,1936,820
2025-02-02,Café,2,1339,978
2025-02-03,Maïs,2,243,721
2025-02-03,Riz,2,432,998
2025-02-03,Sorgho,2,311,769
2025-02-03,Igname,2,362,875
2025-02-03,Manioc,2,174,1056
2025-02-03,Soja,2,429,676
2025-02-03,Coton,2,767,589
2025-02-03,Cacao,2,1741,844
2025-02-03,Café,2,1393,957
2025-02-04,Maïs,2,244,803
2025-02-04,Riz,2,493,648
2025-02-04,Sorgho,2,291,1057
2025-02-04,Igname,2,359,901
2025-02-04,Manioc,2,179,710
2025-02-04,Soja,2,390,846
2025-02-04,Coton,2,592,820
2025-02-04,Cacao,2,1711,886
2025-02-04,Café,2,1403,867
2025-02-05,Maïs,2,237,868
2025-02-05,Riz,2,466,911
2025-02-05,Sorgho,2,281,846
2025-02-05,Igname,2,352,784
2025-02-05,Manioc,2,159,1003
2025-02-05,Soja,2,420,822
2025-02-05,Coton,2,570,922
2025-02-05,Cacao,2,1965,922
2025-02-05,Café,2,1450,1021
2025-02-06,Maïs,2,236,764
2025-02-06,Riz,2,431,1172
2025-02-06,Sorgho,2,284,840
2025-02-06,Igname,2,380,903
2025-02-06,Manioc,2,176,934
2025-02-06,Soja,2,423,942
2025-02-06,Coton,2,600,883
2025-02-06,Cacao,2,1821,947
2025-02-06,Café,2,1483,959
2025-02-07,Maïs,2,240,912
2025-02-07,Riz,2,482,862
2025-02-07,Sorgho,2,291,802
2025-02-07,Igname,2,355,779
2025-02-07,Manioc,2,179,948
2025-02-07,Soja,2,421,822
2025-02-07,Coton,2,591,1078
2025-02-07,Cacao,2,1704,725
2025-02-07,Café,2,1461,791
2025-02-08,Maïs,2,242,960
2025-02-08,Riz,2,462,924
2025-02-08,Sorgho,2,339,696
2025-02-08,Igname,2,325,1066
2025-02-08,Manioc,2,180,803
2025-02-08,Soja,2,396,933
2025-02-08,Coton,2,625,645
2025-02-08,Cacao,2,1775,785
2025-02-08,Café,2,1519,703
2025-02-09,Maïs,2,234,899
2025-02-09,Riz,2,451,1052
2025-02-09,Sorgho,2,310,833
2025-02-09,Igname,2,357,921
2025-02-09,Manioc,2,162,806
2025-02-09,Soja,2,411,826
2025-02-09,Coton,2,591,940
2025-02-09,Cacao,2,1774,807
2025-02-09,Café,2,1437,991
2025-02-10,Maïs,2,256,529
2025-02-10,Riz,2,469,827
2025-02-10,Sorgho,2,292,951
2025-02-10,Igname,2,345,741
2025-02-10,Manioc,2,174,920
2025-02-10,Soja,2,443,748
2025-02-10,Coton,2,618,892
2025-02-10,Cacao,2,1925,829
2025-02-10,Café,2,1396,649
2025-02-11,Maïs,2,226,965
2025-02-11,Riz,2,484,877
2025-02-11,Sorgho,2,315,918
2025-02-11,Igname,2,377,834
2025-02-11,Manioc,2,173,833
2025-02-11,Soja,2,409,991
2025-02-11,Coton,2,554,953
2025-02-11,Cacao,2,1896,859
2025-02-11,Café,2,1411,747
2025-02-12,Maïs,2,252,771
2025-02-12,Riz,2,496,757
2025-02-12,Sorgho,2,292,989
2025-02-12,Igname,2,346,766
2025-02-12,Manioc,2,174,903
2025-02-12,Soja,2,402,1025
2025-02-12,Coton,2,583,858
2025-02-12,Cacao,2,1751,1007
2025-02-12,Café,2,1377,851
2025-02-13,Maïs,2,233,940
2025-02-13,Riz,2,511,695
2025-02-13,Sorgho,2,276,836
2025-02-13,Igname,2,367,928
2025-02-13,Manioc,2,181,824
2025-02-13,Soja,2,432,837
2025-02-13,Coton,2,601,1032
2025-02-13,Cacao,2,1797,734
2025-02-13,Café,2,1421,922
2025-02-14,Maïs,2,239,893
2025-02-14,Riz,2,475,912
2025-02-14,Sorgho,2,252,856
2025-02-14,Igname,2,346,912
2025-02-14,Manioc,2,166,988
2025-02-14,Soja,2,412,1091
2025-02-14,Coton,2,591,778
2025-02-14,Cacao,2,1819,814
2025-02-14,Café,2,1470,820
2025-02-15,Maïs,2,254,1005
2025-02-15,Riz,2,457,789
2025-02-15,Sorgho,2,320,761
2025-02-15,Igname,2,350,874
2025-02-15,Manioc,2,172,880
2025-02-15,Soja,2,415,917
2025-02-15,Coton,2,622,818
2025-02-15,Cacao,2,1787,868
2025-02-15,Café,2,1378,870
2025-02-16,Maïs,2,228,955
2025-02-16,Riz,2,470,968
2025-02-16,Sorgho,2,277,893
2025-02-16,Igname,2,336,840
2025-02-16,Manioc,2,180,798
2025-02-16,Soja,2,425,672
2025-02-16,Coton,2,621,778
2025-02-16,Cacao,2,1890,780
2025-02-16,Café,2,1485,917
2025-02-17,Maïs,2,238,910
2025-02-17,Riz,2,515,806
2025-02-17,Sorgho,2,290,791
2025-02-17,Igname,2,339,752
2025-02-17,Manioc,2,176,890
2025-02-17,Soja,2,408,835
2025-02-17,Coton,2,585,860
2025-02-17,Cacao,2,1662,1005
2025-02-17,Café,2,1413,910
2025-02-18,Maïs,2,239,781
2025-02-18,Riz,2,457,842
2025-02-18,Sorgho,2,287,958
2025-02-18,Igname,2,351,864
2025-02-18,Manioc,2,179,700
2025-02-18,Soja,2,429,886
2025-02-18,Coton,2,583,883
2025-02-18,Cacao,2,1861,694
2025-02-18,Café,2,1272,1018
2025-02-19,Maïs,2,256,790
2025-02-19,Riz,2,456,1071
2025-02-19,Sorgho,2,296,866
2025-02-19,Igname,2,369,844
2025-02-19,Manioc,2,180,710
2025-02-19,Soja,2,381,828
2025-02-19,Coton,2,614,848
2025-02-19,Cacao,2,1808,1008
2025-02-19,Café,2,1472,731
2025-02-20,Maïs,2,234,1035
2025-02-20,Riz,2,487,800
2025-02-20,Sorgho,2,275,896
2025-02-20,Igname,2,334,794
2025-02-20,Manioc,2,166,872
2025-02-20,Soja,2,423,678
2025-02-20,Coton,2,608,928
2025-02-20,Cacao,2,1827,698
2025-02-20,Café,2,1423,661
2025-02-21,Maïs,2,234,964
2025-02-21,Riz,2,485,770
2025-02-21,Sorgho,2,265,941
2025-02-21,Igname,2,336,917
2025-02-21,Manioc,2,173,903
2025-02-21,Soja,2,432,802
2025-02-21,Coton,2,588,953
2025-02-21,Cacao,2,1910,724
2025-02-21,Café,2,1416,636
2025-02-22,Maïs,2,234,840
2025-02-22,Riz,2,471,920
2025-02-22,Sorgho,2,287,936
2025-02-22,Igname,2,340,912
2025-02-22,Manioc,2,171,925
2025-02-22,Soja,2,427,963
2025-02-22,Coton,2,611,748
2025-02-22,Cacao,2,1736,975
2025-02-22,Café,2,1350,958
2025-02-23,Maïs,2,235,632
2025-02-23,Riz,2,487,808
2025-02-23,Sorgho,2,304,904
2025-02-23,Igname,2,358,789
2025-02-23,Manioc,2,176,693
2025-02-23,Soja,2,415,777
2025-02-23,Coton,2,579,817
2025-02-23,Cacao,2,1803,734
2025-02-23,Café,2,1503,663
2025-02-24,Maïs,2,246,1028
2025-02-24,Riz,2,456,782
2025-02-24,Sorgho,2,278,730
2025-02-24,Igname,2,357,713
2025-02-24,Manioc,2,181,883
2025-02-24,Soja,2,376,832
2025-02-24,Coton,2,582,641
2025-02-24,Cacao,2,1732,621
2025-02-24,Café,2,1374,1029
2025-02-25,Maïs,2,230,944
2025-02-25,Riz,2,464,831
2025-02-25,Sorgho,2,319,749
2025-02-25,Igname,2,346,878
2025-02-25,Manioc,2,169,953
2025-02-25,Soja,2,381,983
2025-02-25,Coton,2,600,812
2025-02-25,Cacao,2,1744,764
2025-02-25,Café,2,1390,685
2025-02-26,Maïs,2,233,826
2025-02-26,Riz,2,466,818
2025-02-26,Sorgho,2,305,740
2025-02-26,Igname,2,341,1031
2025-02-26,Manioc,2,178,893
2025-02-26,Soja,2,443,820
2025-02-26,Coton,2,609,740
2025-02-26,Cacao,2,1823,776
2025-02-26,Café,2,1345,1004
2025-02-27,Maïs,2,233,851
2025-02-27,Riz,2,467,823
2025-02-27,Sorgho,2,307,776
2025-02-27,Igname,2,353,900
2025-02-27,Manioc,2,180,943
2025-02-27,Soja,2,419,889
2025-02-27,Coton,2,625,942
2025-02-27,Cacao,2,1945,876
2025-02-27,Café,2,1386,1092
2025-02-28,Maïs,2,236,827
2025-02-28,Riz,2,443,813
2025-02-28,Sorgho,2,289,1033
2025-02-28,Igname,2,363,1018
2025-02-28,Manioc,2,168,930
2025-02-28,Soja,2,414,851
2025-02-28,Coton,2,614,794
2025-02-28,Cacao,2,1858,942
2025-02-28,Café,2,1380,861
2025-03-01,Maïs,3,237,909
2025-03-01,Riz,3,486,675
2025-03-01,Sorgho,3,305,605
2025-03-01,Igname,3,359,769
2025-03-01,Manioc,3,184,739
2025-03-01,Soja,3,508,760
2025-03-01,Coton,3,643,741
2025-03-01,Cacao,3,1980,693
2025-03-01,Café,3,1320,844
2025-03-02,Maïs,3,240,922
2025-03-02,Riz,3,476,751
2025-03-02,Sorgho,3,319,827
2025-03-02,Igname,3,365,764
2025-03-02,Manioc,3,191,702
2025-03-02,Soja,3,394,995
2025-03-02,Coton,3,618,953
2025-03-02,Cacao,3,1907,827
2025-03-02,Café,3,1391,902
2025-03-03,Maïs,3,234,796
2025-03-03,Riz,3,480,813
2025-03-03,Sorgho,3,290,865
2025-03-03,Igname,3,354,1023
2025-03-03,Manioc,3,183,859
2025-03-03,Soja,3,420,874
2025-03-03,Coton,3,632,856
2025-03-03,Cacao,3,1865,849
2025-03-03,Café,3,1479,750
2025-03-04,Maïs,3,246,963
2025-03-04,Riz,3,531,872
2025-03-04,Sorgho,3,290,814
2025-03-04,Igname,3,364,948
2025-03-04,Manioc,3,188,830
2025-03-04,Soja,3,393,1029
2025-03-04,Coton,3,613,818
2025-03-04,Cacao,3,1918,758
2025-03-04,Café,3,1394,968
2025-03-05,Maïs,3,226,991
2025-03-05,Riz,3,496,883
2025-03-05,Sorgho,3,314,820
2025-03-05,Igname,3,366,906
2025-03-05,Manioc,3,182,867
2025-03-05,Soja,3,453,561
2025-03-05,Coton,3,591,819
2025-03-05,Cacao,3,1777,758
2025-03-05,Café,3,1413,834
2025-03-06,Maïs,3,253,786
2025-03-06,Riz,3,496,718
2025-03-06,Sorgho,3,305,984
2025-03-06,Igname,3,380,883
2025-03-06,Manioc,3,226,667
2025-03-06,Soja,3,438,606
2025-03-06,Coton,3,601,1081
2025-03-06,Cacao,3,1746,871
2025-03-06,Café,3,1481,1005
2025-03-07,Maïs,3,255,817
2025-03-07,Riz,3,486,731
2025-03-07,Sorgho,3,285,755
2025-03-07,Igname,3,354,916
2025-03-07,Manioc,3,180,919
2025-03-07,Soja,3,408,729
2025-03-07,Coton,3,598,723
2025-03-07,Cacao,3,1838,779
2025-03-07,Café,3,1502,858
2025-03-08,Maïs,3,238,947
2025-03-08,Riz,3,463,658
2025-03-08,Sorgho,3,312,670
2025-03-08,Igname,3,345,824
2025-03-08,Manioc,3,196,876
2025-03-08,Soja,3,436,847
2025-03-08,Coton,3,598,878
2025-03-08,Cacao,3,1769,767
2025-03-08,Café,3,1464,845
2025-03-09,Maïs,3,223,1061
2025-03-09,Riz,3,497,948
2025-03-09,Sorgho,3,283,752
2025-03-09,Igname,3,352,925
2025-03-09,Manioc,3,177,704
2025-03-09,Soja,3,434,938
2025-03-09,Coton,3,603,894
2025-03-09,Cacao,3,1844,816
2025-03-09,Café,3,1453,684
2025-03-10,Maïs,3,243,828
2025-03-10,Riz,3,497,802
2025-03-10,Sorgho,3,301,753
2025-03-10,Igname,3,357,637
2025-03-10,Manioc,3,178,892
2025-03-10,Soja,3,429,749
2025-03-10,Coton,3,576,765
2025-03-10,Cacao,3,1741,705
2025-03-10,Café,3,1487,765
2025-03-11,Maïs,3,242,845
2025-03-11,Riz,3,500,834
2025-03-11,Sorgho,3,291,748
2025-03-11,Igname,3,381,928
2025-03-11,Manioc,3,179,833
2025-03-11,Soja,3,462,630
2025-03-11,Coton,3,558,774
2025-03-11,Cacao,3,1863,907
2025-03-11,Café,3,1413,782
2025-03-12,Maïs,3,239,765
2025-03-12,Riz,3,476,720
2025-03-12,Sorgho,3,324,884
2025-03-12,Igname,3,367,695
2025-03-12,Manioc,3,169,973
2025-03-12,Soja,3,425,712
2025-03-12,Coton,3,632,767
2025-03-12,Cacao,3,1701,950
2025-03-12,Café,3,1378,913
2025-03-13,Maïs,3,245,788
2025-03-13,Riz,3,513,812
2025-03-13,Sorgho,3,308,979
2025-03-13,Igname,3,373,846
2025-03-13,Manioc,3,180,872
2025-03-13,Soja,3,379,1059
2025-03-13,Coton,3,614,828
2025-03-13,Cacao,3,1752,712
2025-03-13,Café,3,1371,827
2025-03-14,Maïs,3,246,690
2025-03-14,Riz,3,517,840
2025-03-14,Sorgho,3,310,830
2025-03-14,Igname,3,342,957
2025-03-14,Manioc,3,191,933
2025-03-14,Soja,3,437,748
2025-03-14,Coton,3,609,858
2025-03-14,Cacao,3,1816,797
2025-03-14,Café,3,1415,796
2025-03-15,Maïs,3,258,910
2025-03-15,Riz,3,491,738
2025-03-15,Sorgho,3,318,580
2025-03-15,Igname,3,355,1011
2025-03-15,Manioc,3,178,878
2025-03-15,Soja,3,428,973
2025-03-15,Coton,3,624,738
2025-03-15,Cacao,3,1743,931
2025-03-15,Café,3,1466,905
2025-03-16,Maïs,3,250,660
2025-03-16,Riz,3,484,701
2025-03-16,Sorgho,3,310,974
2025-03-16,Igname,3,396,779
2025-03-16,Manioc,3,176,912
2025-03-16,Soja,3,410,869
2025-03-16,Coton,3,595,834
2025-03-16,Cacao,3,1870,736
2025-03-16,Café,3,1387,789
2025-03-17,Maïs,3,222,760
2025-03-17,Riz,3,469,985
2025-03-17,Sorgho,3,316,665
2025-03-17,Igname,3,334,1020
2025-03-17,Manioc,3,188,741
2025-03-17,Soja,3,410,976
2025-03-17,Coton,3,572,911
2025-03-17,Cacao,3,1911,638
2025-03-17,Café,3,1347,912
2025-03-18,Maïs,3,234,812
2025-03-18,Riz,3,475,805
2025-03-18,Sorgho,3,286,714
2025-03-18,Igname,3,377,823
2025-03-18,Manioc,3,186,774
2025-03-18,Soja,3,441,672
2025-03-18,Coton,3,630,1057
2025-03-18,Cacao,3,1759,1120
2025-03-18,Café,3,1456,771
2025-03-19,Maïs,3,264,673
2025-03-19,Riz,3,465,790
2025-03-19,Sorgho,3,284,1008
2025-03-19,Igname,3,362,690
2025-03-19,Manioc,3,179,717
2025-03-19,Soja,3,421,906
2025-03-19,Coton,3,622,909
2025-03-19,Cacao,3,1796,737
2025-03-19,Café,3,1487,803
2025-03-20,Maïs,3,218,794
2025-03-20,Riz,3,506,823
2025-03-20,Sorgho,3,294,836
2025-03-20,Igname,3,351,835
2025-03-20,Manioc,3,171,755
2025-03-20,Soja,3,404,918
2025-03-20,Coton,3,611,920
2025-03-20,Cacao,3,1688,931
2025-03-20,Café,3,1490,798
2025-03-21,Maïs,3,222,844
2025-03-21,Riz,3,501,776
2025-03-21,Sorgho,3,292,849
2025-03-21,Igname,3,378,835
2025-03-21,Manioc,3,188,850
2025-03-21,Soja,3,421,870
2025-03-21,Coton,3,610,717
2025-03-21,Cacao,3,1747,893
2025-03-21,Café,3,1485,754
2025-03-22,Maïs,3,240,853
2025-03-22,Riz,3,474,998
2025-03-22,Sorgho,3,281,850
2025-03-22,Igname,3,383,831
2025-03-22,Manioc,3,187,808
2025-03-22,Soja,3,438,627
2025-03-22,Coton,3,611,743
2025-03-22,Cacao,3,1809,720
2025-03-22,Café,3,1441,791
2025-03-23,Maïs,3,237,620
2025-03-23,Riz,3,488,665
2025-03-23,Sorgho,3,276,797
2025-03-23,Igname,3,363,736
2025-03-23,Manioc,3,173,731
2025-03-23,Soja,3,399,903
2025-03-23,Coton,3,564,863
2025-03-23,Cacao,3,1893,795
2025-03-23,Café,3,1407,805
2025-03-24,Maïs,3,250,733
2025-03-24,Riz,3,435,729
2025-03-24,Sorgho,3,302,877
2025-03-24,Igname,3,371,936
2025-03-24,Manioc,3,177,835
2025-03-24,Soja,3,406,758
2025-03-24,Coton,3,581,786
2025-03-24,Cacao,3,1624,978
2025-03-24,Café,3,1502,989
2025-03-25,Maïs,3,233,667
2025-03-25,Riz,3,482,799
2025-03-25,Sorgho,3,289,782
2025-03-25,Igname,3,350,619
2025-03-25,Manioc,3,185,714
2025-03-25,Soja,3,412,707
2025-03-25,Coton,3,634,719
2025-03-25,Cacao,3,1892,1019
2025-03-25,Café,3,1472,678
2025-03-26,Maïs,3,233,976
2025-03-26,Riz,3,529,887
2025-03-26,Sorgho,3,301,830
2025-03-26,Igname,3,351,900
2025-03-26,Manioc,3,191,804
2025-03-26,Soja,3,437,738
2025-03-26,Coton,3,602,789
2025-03-26,Cacao,3,1743,820
2025-03-26,Café,3,1439,853
2025-03-27,Maïs,3,241,862
2025-03-27,Riz,3,429,1077
2025-03-27,Sorgho,3,296,812
2025-03-27,Igname,3,374,784
2025-03-27,Manioc,3,184,933
2025-03-27,Soja,3,413,820
2025-03-27,Coton,3,611,622
2025-03-27,Cacao,3,1718,768
2025-03-27,Café,3,1535,749
2025-03-28,Maïs,3,248,874
2025-03-28,Riz,3,498,894
2025-03-28,Sorgho,3,299,875
2025-03-28,Igname,3,368,641
2025-03-28,Manioc,3,182,665
2025-03-28,Soja,3,409,929
2025-03-28,Coton,3,584,672
2025-03-28,Cacao,3,1932,855
2025-03-28,Café,3,1528,738
2025-03-29,Maïs,3,235,856
2025-03-29,Riz,3,452,806
2025-03-29,Sorgho,3,279,982
2025-03-29,Igname,3,378,827
2025-03-29,Manioc,3,177,886
2025-03-29,Soja,3,457,643
2025-03-29,Coton,3,624,712
2025-03-29,Cacao,3,1845,867
2025-03-29,Café,3,1471,933
2025-03-30,Maïs,3,235,742
2025-03-30,Riz,3,491,685
2025-03-30,Sorgho,3,298,925
2025-03-30,Igname,3,347,838
2025-03-30,Manioc,3,176,1004
2025-03-30,Soja,3,395,909
2025-03-30,Coton,3,590,777
2025-03-30,Cacao,3,1843,924
2025-03-30,Café,3,1465,859
2025-03-31,Maïs,3,244,868
2025-03-31,Riz,3,458,1014
2025-03-31,Sorgho,3,295,846
2025-03-31,Igname,3,340,842
2025-03-31,Manioc,3,175,878
2025-03-31,Soja,3,414,753
2025-03-31,Coton,3,600,939
2025-03-31,Cacao,3,1742,950
2025-03-31,Café,3,1471,733
2025-04-01,Maïs,4,227,908
2025-04-01,Riz,4,494,648
2025-04-01,Sorgho,4,297,904
2025-04-01,Igname,4,371,745
2025-04-01,Manioc,4,176,838
2025-04-01,Soja,4,400,1284
2025-04-01,Coton,4,618,928
2025-04-01,Cacao,4,1775,811
2025-04-01,Café,4,1405,973
2025-04-02,Maïs,4,247,682
2025-04-02,Riz,4,464,725
2025-04-02,Sorgho,4,305,820
2025-04-02,Igname,4,374,751
2025-04-02,Manioc,4,180,685
2025-04-02,Soja,4,415,745
2025-04-02,Coton,4,617,687
2025-04-02,Cacao,4,1755,929
2025-04-02,Café,4,1455,759
2025-04-03,Maïs,4,220,855
2025-04-03,Riz,4,491,898
2025-04-03,Sorgho,4,313,861
2025-04-03,Igname,4,345,739
2025-04-03,Manioc,4,190,900
2025-04-03,Soja,4,395,958
2025-04-03,Coton,4,630,817
2025-04-03,Cacao,4,1845,739
2025-04-03,Café,4,1423,818
2025-04-04,Maïs,4,234,777
2025-04-04,Riz,4,489,780
2025-04-04,Sorgho,4,297,940
2025-04-04,Igname,4,375,768
2025-04-04,Manioc,4,178,894
2025-04-04,Soja,4,400,743
2025-04-04,Coton,4,626,691
2025-04-04,Cacao,4,1610,1012
2025-04-04,Café,4,1368,818
2025-04-05,Maïs,4,237,791
2025-04-05,Riz,4,459,831
2025-04-05,Sorgho,4,322,731
2025-04-05,Igname,4,323,905
2025-04-05,Manioc,4,172,956
2025-04-05,Soja,4,414,911
2025-04-05,Coton,4,627,751
2025-04-05,Cacao,4,1766,838
2025-04-05,Café,4,1394,753
2025-04-06,Maïs,4,225,839
2025-04-06,Riz,4,486,684
2025-04-06,Sorgho,4,277,801
2025-04-06,Igname,4,360,806
2025-04-06,Manioc,4,171,1004
2025-04-06,Soja,4,394,1059
2025-04-06,Coton,4,569,722
2025-04-06,Cacao,4,1762,798
2025-04-06,Café,4,1473,887
2025-04-07,Maïs,4,224,941
2025-04-07,Riz,4,473,853
2025-04-07,Sorgho,4,297,794
2025-04-07,Igname,4,330,1203
2025-04-07,Manioc,4,168,806
2025-04-07,Soja,4,418,928
2025-04-07,Coton,4,596,894
2025-04-07,Cacao,4,1652,720
2025-04-07,Café,4,1510,660
2025-04-08,Maïs,4,231,974
2025-04-08,Riz,4,466,963
2025-04-08,Sorgho,4,309,823
2025-04-08,Igname,4,339,890
2025-04-08,Manioc,4,172,1000
2025-04-08,Soja,4,389,781
2025-04-08,Coton,4,618,798
2025-04-08,Cacao,4,1968,787
2025-04-08,Café,4,1441,858
2025-04-09,Maïs,4,230,693
2025-04-09,Riz,4,449,781
2025-04-09,Sorgho,4,296,759
2025-04-09,Igname,4,373,679
2025-04-09,Manioc,4,179,830
2025-04-09,Soja,4,407,1041
2025-04-09,Coton,4,623,806
2025-04-09,Cacao,4,1737,850
2025-04-09,Café,4,1528,965
2025-04-10,Maïs,4,226,1143
2025-04-10,Riz,4,496,838
2025-04-10,Sorgho,4,286,861
2025-04-10,Igname,4,375,669
2025-04-10,Manioc,4,173,933
2025-04-10,Soja,4,430,888
2025-04-10,Coton,4,588,889
2025-04-10,Cacao,4,1744,818
2025-04-10,Café,4,1392,772
2025-04-11,Maïs,4,235,798
2025-04-11,Riz,4,487,918
2025-04-11,Sorgho,4,306,749
2025-04-11,Igname,4,370,878
2025-04-11,Manioc,4,173,816
2025-04-11,Soja,4,425,745
2025-04-11,Coton,4,625,888
2025-04-11,Cacao,4,1912,895
2025-04-11,Café,4,1520,745
2025-04-12,Maïs,4,229,935
2025-04-12,Riz,4,515,734
2025-04-12,Sorgho,4,304,737
2025-04-12,Igname,4,343,920
2025-04-12,Manioc,4,185,927
2025-04-12,Soja,4,419,840
2025-04-12,Coton,4,649,924
2025-04-12,Cacao,4,1841,827
2025-04-12,Café,4,1371,887
2025-04-13,Maïs,4,235,791
2025-04-13,Riz,4,466,717
2025-04-13,Sorgho,4,301,752
2025-04-13,Igname,4,360,1032
2025-04-13,Manioc,4,200,785
2025-04-13,Soja,4,431,901
2025-04-13,Coton,4,606,729
2025-04-13,Cacao,4,1824,803
2025-04-13,Café,4,1338,913
2025-04-14,Maïs,4,240,766
2025-04-14,Riz,4,431,1166
2025-04-14,Sorgho,4,342,639
2025-04-14,Igname,4,349,924
2025-04-14,Manioc,4,189,615
2025-04-14,Soja,4,490,821
2025-04-14,Coton,4,618,803
2025-04-14,Cacao,4,1803,987
2025-04-14,Café,4,1427,659
2025-04-15,Maïs,4,221,812
2025-04-15,Riz,4,483,667
2025-04-15,Sorgho,4,277,865
2025-04-15,Igname,4,350,947
2025-04-15,Manioc,4,180,783
2025-04-15,Soja,4,421,881
2025-04-15,Coton,4,614,840
2025-04-15,Cacao,4,1783,968
2025-04-15,Café,4,1458,900
2025-04-16,Maïs,4,234,870
2025-04-16,Riz,4,469,839
2025-04-16,Sorgho,4,295,958
2025-04-16,Igname,4,347,946
2025-04-16,Manioc,4,170,818
2025-04-16,Soja,4,402,739
2025-04-16,Coton,4,567,1002
2025-04-16,Cacao,4,1815,716
2025-04-16,Café,4,1385,916
2025-04-17,Maïs,4,238,955
2025-04-17,Riz,4,439,860
2025-04-17,Sorgho,4,288,915
2025-04-17,Igname,4,362,911
2025-04-17,Manioc,4,184,703
2025-04-17,Soja,4,409,877
2025-04-17,Coton,4,612,788
2025-04-17,Cacao,4,1861,845
2025-04-17,Café,4,1479,904
2025-04-18,Maïs,4,187,988
2025-04-18,Riz,4,480,884
2025-04-18,Sorgho,4,304,833
2025-04-18,Igname,4,338,843
2025-04-18,Manioc,4,173,784
2025-04-18,Soja,4,418,830
2025-04-18,Coton,4,553,880
2025-04-18,Cacao,4,1770,974
2025-04-18,Café,4,1416,710
2025-04-19,Maïs,4,233,718
2025-04-19,Riz,4,504,1008
2025-04-19,Sorgho,4,315,858
2025-04-19,Igname,4,396,846
2025-04-19,Manioc,4,184,787
2025-04-19,Soja,4,444,826
2025-04-19,Coton,4,617,778
2025-04-19,Cacao,4,1803,873
2025-04-19,Café,4,1460,727
2025-04-20,Maïs,4,244,748
2025-04-20,Riz,4,471,1052
2025-04-20,Sorgho,4,292,962
2025-04-20,Igname,4,373,757
2025-04-20,Manioc,4,178,824
2025-04-20,Soja,4,432,856
2025-04-20,Coton,4,613,750
2025-04-20,Cacao,4,1677,1042
2025-04-20,Café,4,1374,895
2025-04-21,Maïs,4,244,777
2025-04-21,Riz,4,475,917
2025-04-21,Sorgho,4,299,838
2025-04-21,Igname,4,344,900
2025-04-21,Manioc,4,165,846
2025-04-21,Soja,4,445,774
2025-04-21,Coton,4,611,710
2025-04-21,Cacao,4,1768,818
2025-04-21,Café,4,1484,788
2025-04-22,Maïs,4,241,873
2025-04-22,Riz,4,501,743
2025-04-22,Sorgho,4,313,785
2025-04-22,Igname,4,383,763
2025-04-22,Manioc,4,179,758
2025-04-22,Soja,4,410,884
2025-04-22,Coton,4,562,712
2025-04-22,Cacao,4,1664,875
2025-04-22,Café,4,1482,864
2025-04-23,Maïs,4,228,725
2025-04-23,Riz,4,474,619
2025-04-23,Sorgho,4,305,970
2025-04-23,Igname,4,350,758
2025-04-23,Manioc,4,165,898
2025-04-23,Soja,4,427,571
2025-04-23,Coton,4,600,654
2025-04-23,Cacao,4,1849,914
2025-04-23,Café,4,1338,995
2025-04-24,Maïs,4,214,1038
2025-04-24,Riz,4,457,906
2025-04-24,Sorgho,4,291,974
2025-04-24,Igname,4,377,688
2025-04-24,Manioc,4,180,830
2025-04-24,Soja,4,418,683
2025-04-24,Coton,4,578,1028
2025-04-24,Cacao,4,1787,847
2025-04-24,Café,4,1412,707
2025-04-25,Maïs,4,252,700
2025-04-25,Riz,4,462,843
2025-04-25,Sorgho,4,302,758
2025-04-25,Igname,4,376,660
2025-04-25,Manioc,4,168,956
2025-04-25,Soja,4,409,890
2025-04-25,Coton,4,627,788
2025-04-25,Cacao,4,1807,866
2025-04-25,Café,4,1456,898
2025-04-26,Maïs,4,248,690
2025-04-26,Riz,4,453,864
2025-04-26,Sorgho,4,313,978
2025-04-26,Igname,4,324,760
2025-04-26,Manioc,4,172,1012
2025-04-26,Soja,4,411,705
2025-04-26,Coton,4,608,625
2025-04-26,Cacao,4,1771,928
2025-04-26,Café,4,1364,738
2025-04-27,Maïs,4,256,748
2025-04-27,Riz,4,459,722
2025-04-27,Sorgho,4,302,649
2025-04-27,Igname,4,372,787
2025-04-27,Manioc,4,177,580
2025-04-27,Soja,4,415,781
2025-04-27,Coton,4,598,710
2025-04-27,Cacao,4,1767,832
2025-04-27,Café,4,1500,845
2025-04-28,Maïs,4,251,774
2025-04-28,Riz,4,506,666
2025-04-28,Sorgho,4,277,879
2025-04-28,Igname,4,367,898
2025-04-28,Manioc,4,182,687
2025-04-28,Soja,4,419,694
2025-04-28,Coton,4,603,829
2025-04-28,Cacao,4,1661,845
2025-04-28,Café,4,1566,524
2025-04-29,Maïs,4,256,930
2025-04-29,Riz,4,485,902
2025-04-29,Sorgho,4,297,927
2025-04-29,Igname,4,381,657
2025-04-29,Manioc,4,181,741
2025-04-29,Soja,4,377,1066
2025-04-29,Coton,4,597,821
2025-04-29,Cacao,4,1785,805
2025-04-29,Café,4,1490,632
2025-04-30,Maïs,4,247,1101
2025-04-30,Riz,4,490,818
2025-04-30,Sorgho,4,291,779
2025-04-30,Igname,4,363,852
2025-04-30,Manioc,4,183,743
2025-04-30,Soja,4,421,887
2025-04-30,Coton,4,584,1001
2025-04-30,Cacao,4,1877,675
2025-04-30,Café,4,1516,886
2025-05-01,Maïs,5,229,962
2025-05-01,Riz,5,454,950
2025-05-01,Sorgho,5,309,745
2025-05-01,Igname,5,343,795
2025-05-01,Manioc,5,164,847
2025-05-01,Soja,5,414,810
2025-05-01,Coton,5,578,922
2025-05-01,Cacao,5,1795,771
2025-05-01,Café,5,1427,815
2025-05-02,Maïs,5,258,930
2025-05-02,Riz,5,459,893
2025-05-02,Sorgho,5,270,908
2025-05-02,Igname,5,338,1025
2025-05-02,Manioc,5,182,637
2025-05-02,Soja,5,508,641
2025-05-02,Coton,5,572,943
2025-05-02,Cacao,5,1622,959
2025-05-02,Café,5,1340,937
2025-05-03,Maïs,5,229,898
2025-05-03,Riz,5,467,859
2025-05-03,Sorgho,5,267,963
2025-05-03,Igname,5,340,1020
2025-05-03,Manioc,5,175,896
2025-05-03,Soja,5,360,1162
2025-05-03,Coton,5,529,789
2025-05-03,Cacao,5,1800,924
2025-05-03,Café,5,1386,739
2025-05-04,Maïs,5,279,800
2025-05-04,Riz,5,468,813
2025-05-04,Sorgho,5,284,895
2025-05-04,Igname,5,340,828
2025-05-04,Manioc,5,160,1018
2025-05-04,Soja,5,411,879
2025-05-04,Coton,5,586,801
2025-05-04,Cacao,5,1669,790
2025-05-04,Café,5,1409,770
2025-05-05,Maïs,5,225,744
2025-05-05,Riz,5,468,711
2025-05-05,Sorgho,5,312,823
2025-05-05,Igname,5,345,828
2025-05-05,Manioc,5,176,777
2025-05-05,Soja,5,407,904
2025-05-05,Coton,5,579,879
2025-05-05,Cacao,5,1764,965
2025-05-05,Café,5,1308,944
2025-05-06,Maïs,5,233,1069
2025-05-06,Riz,5,465,854
2025-05-06,Sorgho,5,288,974
2025-05-06,Igname,5,354,722
2025-05-06,Manioc,5,166,960
2025-05-06,Soja,5,403,771
2025-05-06,Coton,5,565,954
2025-05-06,Cacao,5,1705,829
2025-05-06,Café,5,1315,769
2025-05-07,Maïs,5,245,654
2025-05-07,Riz,5,433,928
2025-05-07,Sorgho,5,305,774
2025-05-07,Igname,5,330,843
2025-05-07,Manioc,5,171,837
2025-05-07,Soja,5,424,676
2025-05-07,Coton,5,541,886
2025-05-07,Cacao,5,1731,881
2025-05-07,Café,5,1376,681
2025-05-08,Maïs,5,236,904
2025-05-08,Riz,5,463,950
2025-05-08,Sorgho,5,270,998
2025-05-08,Igname,5,347,865
2025-05-08,Manioc,5,179,666
2025-05-08,Soja,5,396,776
2025-05-08,Coton,5,551,984
2025-05-08,Cacao,5,1841,908
2025-05-08,Café,5,1435,788
2025-05-09,Maïs,5,204,916
2025-05-09,Riz,5,456,932
2025-05-09,Sorgho,5,278,570
2025-05-09,Igname,5,330,961
2025-05-09,Manioc,5,179,706
2025-05-09,Soja,5,373,950
2025-05-09,Coton,5,551,1045
2025-05-09,Cacao,5,1828,901
2025-05-09,Café,5,1366,881
2025-05-10,Maïs,5,220,861
2025-05-10,Riz,5,458,933
2025-05-10,Sorgho,5,285,900
2025-05-10,Igname,5,353,946
2025-05-10,Manioc,5,178,801
2025-05-10,Soja,5,395,749
2025-05-10,Coton,5,521,1002
2025-05-10,Cacao,5,1697,905
2025-05-10,Café,5,1360,1003
2025-05-11,Maïs,5,235,962
2025-05-11,Riz,5,451,1001
2025-05-11,Sorgho,5,286,768
2025-05-11,Igname,5,335,863
2025-05-11,Manioc,5,157,707
2025-05-11,Soja,5,371,1003
2025-05-11,Coton,5,587,909
2025-05-11,Cacao,5,1776,883
2025-05-11,Café,5,1328,976
2025-05-12,Maïs,5,244,799
2025-05-12,Riz,5,459,802
2025-05-12,Sorgho,5,290,1031
2025-05-12,Igname,5,318,784
2025-05-12,Manioc,5,182,757
2025-05-12,Soja,5,384,1014
2025-05-12,Coton,5,600,900
2025-05-12,Cacao,5,1747,917
2025-05-12,Café,5,1305,824
2025-05-13,Maïs,5,210,914
2025-05-13,Riz,5,404,970
2025-05-13,Sorgho,5,262,894
2025-05-13,Igname,5,328,892
2025-05-13,Manioc,5,167,888
2025-05-13,Soja,5,407,612
2025-05-13,Coton,5,627,740
2025-05-13,Cacao,5,1622,764
2025-05-13,Café,5,1347,913
2025-05-14,Maïs,5,248,824
2025-05-14,Riz,5,438,846
2025-05-14,Sorgho,5,285,858
2025-05-14,Igname,5,343,963
2025-05-14,Manioc,5,180,699
2025-05-14,Soja,5,439,663
2025-05-14,Coton,5,557,1003
2025-05-14,Cacao,5,1671,837
2025-05-14,Café,5,1328,1027
2025-05-15,Maïs,5,228,943
2025-05-15,Riz,5,443,927
2025-05-15,Sorgho,5,284,761
2025-05-15,Igname,5,341,978
2025-05-15,Manioc,5,174,1007
2025-05-15,Soja,5,403,883
2025-05-15,Coton,5,603,799
2025-05-15,Cacao,5,1749,671
2025-05-15,Café,5,1396,887
2025-05-16,Maïs,5,216,917
2025-05-16,Riz,5,453,1055
2025-05-16,Sorgho,5,268,986
2025-05-16,Igname,5,354,1041
2025-05-16,Manioc,5,172,757
2025-05-16,Soja,5,366,1140
2025-05-16,Coton,5,596,708
2025-05-16,Cacao,5,1745,820
2025-05-16,Café,5,1411,800
2025-05-17,Maïs,5,218,898
2025-05-17,Riz,5,456,804
2025-05-17,Sorgho,5,289,739
2025-05-17,Igname,5,337,893
2025-05-17,Manioc,5,180,771
2025-05-17,Soja,5,405,826
2025-05-17,Coton,5,577,777
2025-05-17,Cacao,5,1892,572
2025-05-17,Café,5,1327,1055
2025-05-18,Maïs,5,232,1025
2025-05-18,Riz,5,475,827
2025-05-18,Sorgho,5,299,824
2025-05-18,Igname,5,363,806
2025-05-18,Manioc,5,168,822
2025-05-18,Soja,5,434,891
2025-05-18,Coton,5,594,823
2025-05-18,Cacao,5,1814,821
2025-05-18,Café,5,1420,1031
2025-05-19,Maïs,5,229,817
2025-05-19,Riz,5,473,738
2025-05-19,Sorgho,5,266,960
2025-05-19,Igname,5,344,882
2025-05-19,Manioc,5,163,900
2025-05-19,Soja,5,399,860
2025-05-19,Coton,5,563,835
2025-05-19,Cacao,5,1805,840
2025-05-19,Café,5,1329,974
2025-05-20,Maïs,5,233,850
2025-05-20,Riz,5,442,998
2025-05-20,Sorgho,5,294,807
2025-05-20,Igname,5,337,767
2025-05-20,Manioc,5,171,774
2025-05-20,Soja,5,394,885
2025-05-20,Coton,5,539,830
2025-05-20,Cacao,5,1613,852
2025-05-20,Café,5,1365,945
2025-05-21,Maïs,5,244,728
2025-05-21,Riz,5,409,860
2025-05-21,Sorgho,5,228,1044
2025-05-21,Igname,5,354,1006
2025-05-21,Manioc,5,170,1014
2025-05-21,Soja,5,375,1101
2025-05-21,Coton,5,621,698
2025-05-21,Cacao,5,1679,955
2025-05-21,Café,5,1442,853
2025-05-22,Maïs,5,227,825
2025-05-22,Riz,5,451,724
2025-05-22,Sorgho,5,303,564
2025-05-22,Igname,5,311,980
2025-05-22,Manioc,5,171,989
2025-05-22,Soja,5,436,817
2025-05-22,Coton,5,628,767
2025-05-22,Cacao,5,1825,966
2025-05-22,Café,5,1305,942
2025-05-23,Maïs,5,241,818
2025-05-23,Riz,5,450,935
2025-05-23,Sorgho,5,285,869
2025-05-23,Igname,5,348,1005
2025-05-23,Manioc,5,162,1040
2025-05-23,Soja,5,387,918
2025-05-23,Coton,5,579,906
2025-05-23,Cacao,5,1733,888
2025-05-23,Café,5,1329,816
2025-05-24,Maïs,5,242,824
2025-05-24,Riz,5,436,919
2025-05-24,Sorgho,5,297,852
2025-05-24,Igname,5,344,964
2025-05-24,Manioc,5,175,832
2025-05-24,Soja,5,404,753
2025-05-24,Coton,5,549,986
2025-05-24,Cacao,5,1706,855
2025-05-24,Café,5,1319,819
2025-05-25,Maïs,5,225,787
2025-05-25,Riz,5,473,933
2025-05-25,Sorgho,5,287,923
2025-05-25,Igname,5,324,808
2025-05-25,Manioc,5,180,890
2025-05-25,Soja,5,373,1144
2025-05-25,Coton,5,548,961
2025-05-25,Cacao,5,1632,959
2025-05-25,Café,5,1345,884
2025-05-26,Maïs,5,231,1027
2025-05-26,Riz,5,474,880
2025-05-26,Sorgho,5,295,769
2025-05-26,Igname,5,354,838
2025-05-26,Manioc,5,171,918
2025-05-26,Soja,5,409,813
2025-05-26,Coton,5,555,999
2025-05-26,Cacao,5,1917,860
2025-05-26,Café,5,1333,794
2025-05-27,Maïs,5,254,756
2025-05-27,Riz,5,437,1007
2025-05-27,Sorgho,5,311,795
2025-05-27,Igname,5,355,914
2025-05-27,Manioc,5,211,713
2025-05-27,Soja,5,412,801
2025-05-27,Coton,5,609,716
2025-05-27,Cacao,5,1886,1003
2025-05-27,Café,5,1320,985
2025-05-28,Maïs,5,228,845
2025-05-28,Riz,5,481,852
2025-05-28,Sorgho,5,294,803
2025-05-28,Igname,5,336,817
2025-05-28,Manioc,5,173,868
2025-05-28,Soja,5,399,864
2025-05-28,Coton,5,605,843
2025-05-28,Cacao,5,1635,907
2025-05-28,Café,5,1415,746
2025-05-29,Maïs,5,244,807
2025-05-29,Riz,5,443,1092
2025-05-29,Sorgho,5,265,886
2025-05-29,Igname,5,349,827
2025-05-29,Manioc,5,157,1002
2025-05-29,Soja,5,417,935
2025-05-29,Coton,5,606,748
2025-05-29,Cacao,5,2139,744
2025-05-29,Café,5,1455,823
2025-05-30,Maïs,5,239,978
2025-05-30,Riz,5,457,938
2025-05-30,Sorgho,5,292,955
2025-05-30,Igname,5,341,887
2025-05-30,Manioc,5,168,829
2025-05-30,Soja,5,402,1061
2025-05-30,Coton,5,557,823
2025-05-30,Cacao,5,1676,931
2025-05-30,Café,5,1405,813
2025-05-31,Maïs,5,236,888
2025-05-31,Riz,5,455,809
2025-05-31,Sorgho,5,278,1075
2025-05-31,Igname,5,332,955
2025-05-31,Manioc,5,188,763
2025-05-31,Soja,5,401,1034
2025-05-31,Coton,5,608,800
2025-05-31,Cacao,5,1853,610
2025-05-31,Café,5,1433,794
2025-06-01,Maïs,6,213,1151
2025-06-01,Riz,6,431,875
2025-06-01,Sorgho,6,281,943
2025-06-01,Igname,6,329,1029
2025-06-01,Manioc,6,160,884
2025-06-01,Soja,6,373,1026
2025-06-01,Coton,6,508,985
2025-06-01,Cacao,6,1558,1024
2025-06-01,Café,6,1303,878
2025-06-02,Maïs,6,204,1028
2025-06-02,Riz,6,416,1088
2025-06-02,Sorgho,6,282,920
2025-06-02,Igname,6,308,852
2025-06-02,Manioc,6,159,934
2025-06-02,Soja,6,350,1009
2025-06-02,Coton,6,543,949
2025-06-02,Cacao,6,1561,927
2025-06-02,Café,6,1259,758
2025-06-03,Maïs,6,209,873
2025-06-03,Riz,6,412,1031
2025-06-03,Sorgho,6,253,1036
2025-06-03,Igname,6,304,1153
2025-06-03,Manioc,6,156,1099
2025-06-03,Soja,6,366,976
2025-06-03,Coton,6,550,997
2025-06-03,Cacao,6,1673,887
2025-06-03,Café,6,1376,854
2025-06-04,Maïs,6,217,997
2025-06-04,Riz,6,402,991
2025-06-04,Sorgho,6,282,817
2025-06-04,Igname,6,326,1046
2025-06-04,Manioc,6,155,941
2025-06-04,Soja,6,374,765
2025-06-04,Coton,6,536,917
2025-06-04,Cacao,6,1553,815
2025-06-04,Café,6,1189,765
2025-06-05,Maïs,6,214,893
2025-06-05,Riz,6,432,960
2025-06-05,Sorgho,6,281,888
2025-06-05,Igname,6,315,922
2025-06-05,Manioc,6,160,865
2025-06-05,Soja,6,399,842
2025-06-05,Coton,6,529,1047
2025-06-05,Cacao,6,1644,882
2025-06-05,Café,6,1303,1027
2025-06-06,Maïs,6,212,877
2025-06-06,Riz,6,430,1022
2025-06-06,Sorgho,6,255,1035
2025-06-06,Igname,6,330,1039
2025-06-06,Manioc,6,145,1013
2025-06-06,Soja,6,376,909
2025-06-06,Coton,6,530,996
2025-06-06,Cacao,6,1700,926
2025-06-06,Café,6,1306,874
2025-06-07,Maïs,6,216,931
2025-06-07,Riz,6,440,1135
2025-06-07,Sorgho,6,268,1036
2025-06-07,Igname,6,344,825
2025-06-07,Manioc,6,177,782
2025-06-07,Soja,6,347,906
2025-06-07,Coton,6,565,904
2025-06-07,Cacao,6,1600,868
2025-06-07,Café,6,1166,954
2025-06-08,Maïs,6,215,922
2025-06-08,Riz,6,436,878
2025-06-08,Sorgho,6,259,1180
2025-06-08,Igname,6,327,917
2025-06-08,Manioc,6,157,1051
2025-06-08,Soja,6,366,1025
2025-06-08,Coton,6,491,1043
2025-06-08,Cacao,6,1711,849
2025-06-08,Café,6,1269,856
2025-06-09,Maïs,6,216,791
2025-06-09,Riz,6,443,791
2025-06-09,Sorgho,6,271,1047
2025-06-09,Igname,6,309,813
2025-06-09,Manioc,6,176,755
2025-06-09,Soja,6,365,887
2025-06-09,Coton,6,541,1029
2025-06-09,Cacao,6,1724,875
2025-06-09,Café,6,1317,1084
2025-06-10,Maïs,6,215,931
2025-06-10,Riz,6,454,882
2025-06-10,Sorgho,6,271,726
2025-06-10,Igname,6,343,852
2025-06-10,Manioc,6,161,813
2025-06-10,Soja,6,387,907
2025-06-10,Coton,6,504,1015
2025-06-10,Cacao,6,1515,953
2025-06-10,Café,6,1175,1011
2025-06-11,Maïs,6,213,1017
2025-06-11,Riz,6,503,746
2025-06-11,Sorgho,6,269,941
2025-06-11,Igname,6,312,926
2025-06-11,Manioc,6,161,978
2025-06-11,Soja,6,380,874
2025-06-11,Coton,6,507,928
2025-06-11,Cacao,6,1599,831
2025-06-11,Café,6,1356,811
2025-06-12,Maïs,6,210,919
2025-06-12,Riz,6,389,876
2025-06-12,Sorgho,6,255,1096
2025-06-12,Igname,6,321,932
2025-06-12,Manioc,6,170,831
2025-06-12,Soja,6,389,941
2025-06-12,Coton,6,526,992
2025-06-12,Cacao,6,1546,1139
2025-06-12,Café,6,1233,990
2025-06-13,Maïs,6,205,1035
2025-06-13,Riz,6,467,926
2025-06-13,Sorgho,6,273,939
2025-06-13,Igname,6,315,961
2025-06-13,Manioc,6,158,1085
2025-06-13,Soja,6,361,1008
2025-06-13,Coton,6,517,837
2025-06-13,Cacao,6,1585,980
2025-06-13,Café,6,1299,903
2025-06-14,Maïs,6,225,890
2025-06-14,Riz,6,407,1153
2025-06-14,Sorgho,6,269,818
2025-06-14,Igname,6,314,959
2025-06-14,Manioc,6,156,927
2025-06-14,Soja,6,399,829
2025-06-14,Coton,6,543,1023
2025-06-14,Cacao,6,1626,873
2025-06-14,Café,6,1328,1015
2025-06-15,Maïs,6,207,1022
2025-06-15,Riz,6,425,809
2025-06-15,Sorgho,6,249,982
2025-06-15,Igname,6,329,901
2025-06-15,Manioc,6,157,1037
2025-06-15,Soja,6,381,827
2025-06-15,Coton,6,554,946
2025-06-15,Cacao,6,1596,962
2025-06-15,Café,6,1223,893
2025-06-16,Maïs,6,223,1087
2025-06-16,Riz,6,422,1160
2025-06-16,Sorgho,6,257,1053
2025-06-16,Igname,6,375,835
2025-06-16,Manioc,6,166,918
2025-06-16,Soja,6,399,931
2025-06-16,Coton,6,583,816
2025-06-16,Cacao,6,1641,1086
2025-06-16,Café,6,1284,948
2025-06-17,Maïs,6,213,887
2025-06-17,Riz,6,390,867
2025-06-17,Sorgho,6,291,857
2025-06-17,Igname,6,323,1005
2025-06-17,Manioc,6,165,868
2025-06-17,Soja,6,365,966
2025-06-17,Coton,6,569,957
2025-06-17,Cacao,6,1580,980
2025-06-17,Café,6,1340,987
2025-06-18,Maïs,6,199,1052
2025-06-18,Riz,6,446,851
2025-06-18,Sorgho,6,276,894
2025-06-18,Igname,6,304,1049
2025-06-18,Manioc,6,160,779
2025-06-18,Soja,6,368,998
2025-06-18,Coton,6,524,853
2025-06-18,Cacao,6,1784,913
2025-06-18,Café,6,1210,911
2025-06-19,Maïs,6,236,834
2025-06-19,Riz,6,446,767
2025-06-19,Sorgho,6,252,927
2025-06-19,Igname,6,295,907
2025-06-19,Manioc,6,155,1065
2025-06-19,Soja,6,396,985
2025-06-19,Coton,6,566,1037
2025-06-19,Cacao,6,1539,1190
2025-06-19,Café,6,1362,1037
2025-06-20,Maïs,6,218,929
2025-06-20,Riz,6,449,771
2025-06-20,Sorgho,6,252,968
2025-06-20,Igname,6,321,1153
2025-06-20,Manioc,6,171,846
2025-06-20,Soja,6,395,908
2025-06-20,Coton,6,538,858
2025-06-20,Cacao,6,1664,708
2025-06-20,Café,6,1293,933
2025-06-21,Maïs,6,216,1000
2025-06-21,Riz,6,425,767
2025-06-21,Sorgho,6,278,1026
2025-06-21,Igname,6,318,1073
2025-06-21,Manioc,6,161,923
2025-06-21,Soja,6,349,1109
2025-06-21,Coton,6,538,857
2025-06-21,Cacao,6,1707,770
2025-06-21,Café,6,1271,916
2025-06-22,Maïs,6,213,1030
2025-06-22,Riz,6,428,964
2025-06-22,Sorgho,6,261,1088
2025-06-22,Igname,6,309,939
2025-06-22,Manioc,6,150,998
2025-06-22,Soja,6,382,1005
2025-06-22,Coton,6,516,1151
2025-06-22,Cacao,6,1572,944
2025-06-22,Café,6,1261,952
2025-06-23,Maïs,6,222,994
2025-06-23,Riz,6,446,973
2025-06-23,Sorgho,6,253,913
2025-06-23,Igname,6,323,1133
2025-06-23,Manioc,6,170,1073
2025-06-23,Soja,6,390,845
2025-06-23,Coton,6,572,802
2025-06-23,Cacao,6,1702,860
2025-06-23,Café,6,1275,955
2025-06-24,Maïs,6,221,724
2025-06-24,Riz,6,462,663
2025-06-24,Sorgho,6,274,892
2025-06-24,Igname,6,350,883
2025-06-24,Manioc,6,148,968
2025-06-24,Soja,6,366,1033
2025-06-24,Coton,6,552,963
2025-06-24,Cacao,6,1586,995
2025-06-24,Café,6,1346,935
2025-06-25,Maïs,6,217,936
2025-06-25,Riz,6,428,940
2025-06-25,Sorgho,6,287,594
2025-06-25,Igname,6,326,931
2025-06-25,Manioc,6,153,1011
2025-06-25,Soja,6,387,798
2025-06-25,Coton,6,566,867
2025-06-25,Cacao,6,1628,832
2025-06-25,Café,6,1230,1134
2025-06-26,Maïs,6,210,957
2025-06-26,Riz,6,414,909
2025-06-26,Sorgho,6,267,1051
2025-06-26,Igname,6,333,839
2025-06-26,Manioc,6,148,948
2025-06-26,Soja,6,383,851
2025-06-26,Coton,6,517,997
2025-06-26,Cacao,6,1579,1101
2025-06-26,Café,6,1329,971
2025-06-27,Maïs,6,219,770
2025-06-27,Riz,6,472,727
2025-06-27,Sorgho,6,275,809
2025-06-27,Igname,6,303,868
2025-06-27,Manioc,6,166,1042
2025-06-27,Soja,6,399,812
2025-06-27,Coton,6,528,760
2025-06-27,Cacao,6,1680,835
2025-06-27,Café,6,1302,935
2025-06-28,Maïs,6,213,986
2025-06-28,Riz,6,432,1033
2025-06-28,Sorgho,6,241,1023
2025-06-28,Igname,6,350,701
2025-06-28,Manioc,6,154,1109
2025-06-28,Soja,6,383,1037
2025-06-28,Coton,6,596,865
2025-06-28,Cacao,6,1777,1022
2025-06-28,Café,6,1256,912
2025-06-29,Maïs,6,218,871
2025-06-29,Riz,6,463,849
2025-06-29,Sorgho,6,272,835
2025-06-29,Igname,6,308,903
2025-06-29,Manioc,6,169,885
2025-06-29,Soja,6,414,734
2025-06-29,Coton,6,527,1077
2025-06-29,Cacao,6,1683,849
2025-06-29,Café,6,1281,1070
2025-06-30,Maïs,6,203,986
2025-06-30,Riz,6,438,983
2025-06-30,Sorgho,6,288,761
2025-06-30,Igname,6,343,854
2025-06-30,Manioc,6,153,992
2025-06-30,Soja,6,372,887
2025-06-30,Coton,6,543,904
2025-06-30,Cacao,6,1222,1183
2025-06-30,Café,6,1431,804
2025-07-01,Maïs,7,196,894
2025-07-01,Riz,7,398,1012
2025-07-01,Sorgho,7,248,1176
2025-07-01,Igname,7,290,1029
2025-07-01,Manioc,7,165,893
2025-07-01,Soja,7,366,947
2025-07-01,Coton,7,471,1171
2025-07-01,Cacao,7,1509,873
2025-07-01,Café,7,1280,921
2025-07-02,Maïs,7,194,1060
2025-07-02,Riz,7,378,1051
2025-07-02,Sorgho,7,254,852
2025-07-02,Igname,7,296,840
2025-07-02,Manioc,7,172,943
2025-07-02,Soja,7,376,812
2025-07-02,Coton,7,503,1066
2025-07-02,Cacao,7,1464,1088
2025-07-02,Café,7,1250,951
2025-07-03,Maïs,7,198,1014
2025-07-03,Riz,7,399,1011
2025-07-03,Sorgho,7,253,942
2025-07-03,Igname,7,304,1056
2025-07-03,Manioc,7,154,1085
2025-07-03,Soja,7,365,910
2025-07-03,Coton,7,508,942
2025-07-03,Cacao,7,1507,964
2025-07-03,Café,7,1054,963
2025-07-04,Maïs,7,203,933
2025-07-04,Riz,7,418,845
2025-07-04,Sorgho,7,238,1170
2025-07-04,Igname,7,316,1119
2025-07-04,Manioc,7,161,1028
2025-07-04,Soja,7,370,830
2025-07-04,Coton,7,474,967
2025-07-04,Cacao,7,1565,1007
2025-07-04,Café,7,1126,1039
2025-07-05,Maïs,7,195,1076
2025-07-05,Riz,7,400,1037
2025-07-05,Sorgho,7,254,1091
2025-07-05,Igname,7,294,967
2025-07-05,Manioc,7,161,896
2025-07-05,Soja,7,329,1127
2025-07-05,Coton,7,513,710
2025-07-05,Cacao,7,1586,1010
2025-07-05,Café,7,1263,891
2025-07-06,Maïs,7,201,1084
2025-07-06,Riz,7,413,961
2025-07-06,Sorgho,7,253,934
2025-07-06,Igname,7,273,1085
2025-07-06,Manioc,7,156,926
2025-07-06,Soja,7,342,1041
2025-07-06,Coton,7,522,1009
2025-07-06,Cacao,7,1481,848
2025-07-06,Café,7,1142,1324
2025-07-07,Maïs,7,213,1126
2025-07-07,Riz,7,429,859
2025-07-07,Sorgho,7,263,976
2025-07-07,Igname,7,294,1166
2025-07-07,Manioc,7,149,1006
2025-07-07,Soja,7,397,858
2025-07-07,Coton,7,492,898
2025-07-07,Cacao,7,1600,921
2025-07-07,Café,7,1236,1053
2025-07-08,Maïs,7,219,1028
2025-07-08,Riz,7,402,1056
2025-07-08,Sorgho,7,258,939
2025-07-08,Igname,7,313,671
2025-07-08,Manioc,7,142,1048
2025-07-08,Soja,7,331,1019
2025-07-08,Coton,7,512,1091
2025-07-08,Cacao,7,1540,955
2025-07-08,Café,7,1199,967
2025-07-09,Maïs,7,218,1099
2025-07-09,Riz,7,423,809
2025-07-09,Sorgho,7,256,945
2025-07-09,Igname,7,267,1235
2025-07-09,Manioc,7,154,966
2025-07-09,Soja,7,346,1106
2025-07-09,Coton,7,518,866
2025-07-09,Cacao,7,1480,888
2025-07-09,Café,7,1238,1094
2025-07-10,Maïs,7,214,987
2025-07-10,Riz,7,415,1124
2025-07-10,Sorgho,7,243,787
2025-07-10,Igname,7,323,915
2025-07-10,Manioc,7,147,935
2025-07-10,Soja,7,322,1284
2025-07-10,Coton,7,496,1035
2025-07-10,Cacao,7,1347,1393
2025-07-10,Café,7,1219,1184
2025-07-11,Maïs,7,215,834
2025-07-11,Riz,7,425,713
2025-07-11,Sorgho,7,257,784
2025-07-11,Igname,7,293,1097
2025-07-11,Manioc,7,146,1038
2025-07-11,Soja,7,356,947
2025-07-11,Coton,7,557,1149
2025-07-11,Cacao,7,1572,1008
2025-07-11,Café,7,1209,857
2025-07-12,Maïs,7,197,1025
2025-07-12,Riz,7,394,1158
2025-07-12,Sorgho,7,245,714
2025-07-12,Igname,7,286,954
2025-07-12,Manioc,7,141,1061
2025-07-12,Soja,7,354,999
2025-07-12,Coton,7,479,1005
2025-07-12,Cacao,7,1546,1071
2025-07-12,Café,7,1201,1072
2025-07-13,Maïs,7,192,875
2025-07-13,Riz,7,391,1206
2025-07-13,Sorgho,7,264,1005
2025-07-13,Igname,7,292,942
2025-07-13,Manioc,7,152,943
2025-07-13,Soja,7,354,923
2025-07-13,Coton,7,525,940
2025-07-13,Cacao,7,1463,971
2025-07-13,Café,7,1265,996
2025-07-14,Maïs,7,203,996
2025-07-14,Riz,7,425,892
2025-07-14,Sorgho,7,253,1134
2025-07-14,Igname,7,282,928
2025-07-14,Manioc,7,154,1249
2025-07-14,Soja,7,343,1076
2025-07-14,Coton,7,451,1082
2025-07-14,Cacao,7,1465,925
2025-07-14,Café,7,1092,927
2025-07-15,Maïs,7,195,1043
2025-07-15,Riz,7,399,1127
2025-07-15,Sorgho,7,263,1059
2025-07-15,Igname,7,293,1042
2025-07-15,Manioc,7,166,890
2025-07-15,Soja,7,341,1156
2025-07-15,Coton,7,517,957
2025-07-15,Cacao,7,1513,969
2025-07-15,Café,7,1230,752
2025-07-16,Maïs,7,176,1213
2025-07-16,Riz,7,409,688
2025-07-16,Sorgho,7,224,1006
2025-07-16,Igname,7,290,1194
2025-07-16,Manioc,7,153,926
2025-07-16,Soja,7,353,1155
2025-07-16,Coton,7,499,953
2025-07-16,Cacao,7,1508,923
2025-07-16,Café,7,1242,979
2025-07-17,Maïs,7,195,1101
2025-07-17,Riz,7,400,1048
2025-07-17,Sorgho,7,240,962
2025-07-17,Igname,7,293,1123
2025-07-17,Manioc,7,149,981
2025-07-17,Soja,7,335,1127
2025-07-17,Coton,7,490,1065
2025-07-17,Cacao,7,1454,1038
2025-07-17,Café,7,1296,1105
2025-07-18,Maïs,7,188,898
2025-07-18,Riz,7,431,1103
2025-07-18,Sorgho,7,244,938
2025-07-18,Igname,7,338,978
2025-07-18,Manioc,7,164,1003
2025-07-18,Soja,7,351,997
2025-07-18,Coton,7,508,1111
2025-07-18,Cacao,7,1582,1002
2025-07-18,Café,7,1107,1105
2025-07-19,Maïs,7,217,871
2025-07-19,Riz,7,379,1003
2025-07-19,Sorgho,7,254,1177
2025-07-19,Igname,7,300,1012
2025-07-19,Manioc,7,166,846
2025-07-19,Soja,7,349,979
2025-07-19,Coton,7,566,966
2025-07-19,Cacao,7,1482,1081
2025-07-19,Café,7,1253,1010
2025-07-20,Maïs,7,223,775
2025-07-20,Riz,7,380,920
2025-07-20,Sorgho,7,240,1157
2025-07-20,Igname,7,310,1042
2025-07-20,Manioc,7,142,948
2025-07-20,Soja,7,361,879
2025-07-20,Coton,7,504,1050
2025-07-20,Cacao,7,1393,1107
2025-07-20,Café,7,1245,1032
2025-07-21,Maïs,7,202,736
2025-07-21,Riz,7,385,1096
2025-07-21,Sorgho,7,246,1002
2025-07-21,Igname,7,315,1021
2025-07-21,Manioc,7,145,775
2025-07-21,Soja,7,373,879
2025-07-21,Coton,7,511,1053
2025-07-21,Cacao,7,1502,936
2025-07-21,Café,7,1100,1030
2025-07-22,Maïs,7,194,1040
2025-07-22,Riz,7,375,1077
2025-07-22,Sorgho,7,256,905
2025-07-22,Igname,7,293,1005
2025-07-22,Manioc,7,147,1044
2025-07-22,Soja,7,327,1089
2025-07-22,Coton,7,504,952
2025-07-22,Cacao,7,1442,1136
2025-07-22,Café,7,1258,1089
2025-07-23,Maïs,7,184,1028
2025-07-23,Riz,7,388,1179
2025-07-23,Sorgho,7,252,958
2025-07-23,Igname,7,282,1060
2025-07-23,Manioc,7,164,828
2025-07-23,Soja,7,353,1031
2025-07-23,Coton,7,469,1107
2025-07-23,Cacao,7,1417,1028
2025-07-23,Café,7,1231,961
2025-07-24,Maïs,7,199,1046
2025-07-24,Riz,7,373,1225
2025-07-24,Sorgho,7,237,924
2025-07-24,Igname,7,324,1064
2025-07-24,Manioc,7,147,1054
2025-07-24,Soja,7,337,1144
2025-07-24,Coton,7,515,1104
2025-07-24,Cacao,7,1476,1038
2025-07-24,Café,7,1194,929
2025-07-25,Maïs,7,199,940
2025-07-25,Riz,7,418,896
2025-07-25,Sorgho,7,256,870
2025-07-25,Igname,7,290,897
2025-07-25,Manioc,7,155,895
2025-07-25,Soja,7,355,1177
2025-07-25,Coton,7,461,1001
2025-07-25,Cacao,7,1527,899
2025-07-25,Café,7,1231,987
2025-07-26,Maïs,7,208,795
2025-07-26,Riz,7,383,1036
2025-07-26,Sorgho,7,254,1009
2025-07-26,Igname,7,296,1021
2025-07-26,Manioc,7,143,1095
2025-07-26,Soja,7,355,1099
2025-07-26,Coton,7,500,999
2025-07-26,Cacao,7,1429,1104
2025-07-26,Café,7,1144,1049
2025-07-27,Maïs,7,206,989
2025-07-27,Riz,7,414,1045
2025-07-27,Sorgho,7,269,987
2025-07-27,Igname,7,320,944
2025-07-27,Manioc,7,148,1059
2025-07-27,Soja,7,356,872
2025-07-27,Coton,7,496,994
2025-07-27,Cacao,7,1528,1020
2025-07-27,Café,7,994,1101
2025-07-28,Maïs,7,194,988
2025-07-28,Riz,7,423,1001
2025-07-28,Sorgho,7,262,908
2025-07-28,Igname,7,274,1209
2025-07-28,Manioc,7,156,684
2025-07-28,Soja,7,340,1011
2025-07-28,Coton,7,512,1053
2025-07-28,Cacao,7,1453,1210
2025-07-28,Café,7,1298,852
2025-07-29,Maïs,7,205,971
2025-07-29,Riz,7,418,921
2025-07-29,Sorgho,7,250,1089
2025-07-29,Igname,7,301,1059
2025-07-29,Manioc,7,186,923
2025-07-29,Soja,7,362,926
2025-07-29,Coton,7,513,822
2025-07-29,Cacao,7,1434,1176
2025-07-29,Café,7,1211,864
2025-07-30,Maïs,7,199,882
2025-07-30,Riz,7,404,1110
2025-07-30,Sorgho,7,244,1011
2025-07-30,Igname,7,296,1006
2025-07-30,Manioc,7,159,813
2025-07-30,Soja,7,366,893
2025-07-30,Coton,7,486,1139
2025-07-30,Cacao,7,1563,1144
2025-07-30,Café,7,1266,1036
2025-07-31,Maïs,7,207,1008
2025-07-31,Riz,7,431,881
2025-07-31,Sorgho,7,233,1032
2025-07-31,Igname,7,293,1175
2025-07-31,Manioc,7,137,854
2025-07-31,Soja,7,353,721
2025-07-31,Coton,7,366,1407
2025-07-31,Cacao,7,1567,908
2025-07-31,Café,7,1219,976
2025-08-01,Maïs,8,184,1177
2025-08-01,Riz,8,345,1219
2025-08-01,Sorgho,8,251,958
2025-08-01,Igname,8,286,1129
2025-08-01,Manioc,8,147,1045
2025-08-01,Soja,8,349,955
2025-08-01,Coton,8,480,1117
2025-08-01,Cacao,8,1437,839
2025-08-01,Café,8,1077,1140
2025-08-02,Maïs,8,180,1133
2025-08-02,Riz,8,364,1010
2025-08-02,Sorgho,8,242,1106
2025-08-02,Igname,8,293,1020
2025-08-02,Manioc,8,108,1368
2025-08-02,Soja,8,335,1213
2025-08-02,Coton,8,482,976
2025-08-02,Cacao,8,1427,847
2025-08-02,Café,8,1159,1072
2025-08-03,Maïs,8,184,1047
2025-08-03,Riz,8,349,1057
2025-08-03,Sorgho,8,215,1259
2025-08-03,Igname,8,294,1002
2025-08-03,Manioc,8,139,1124
2025-08-03,Soja,8,330,1086
2025-08-03,Coton,8,476,920
2025-08-03,Cacao,8,1428,866
2025-08-03,Café,8,1127,1059
2025-08-04,Maïs,8,179,1111
2025-08-04,Riz,8,387,851
2025-08-04,Sorgho,8,244,1040
2025-08-04,Igname,8,277,1047
2025-08-04,Manioc,8,140,1050
2025-08-04,Soja,8,355,1074
2025-08-04,Coton,8,454,994
2025-08-04,Cacao,8,1350,1077
2025-08-04,Café,8,1204,860
2025-08-05,Maïs,8,195,992
2025-08-05,Riz,8,377,1024
2025-08-05,Sorgho,8,237,1005
2025-08-05,Igname,8,298,1112
2025-08-05,Manioc,8,157,797
2025-08-05,Soja,8,326,1032
2025-08-05,Coton,8,456,1167
2025-08-05,Cacao,8,1302,1186
2025-08-05,Café,8,1146,1082
2025-08-06,Maïs,8,208,858
2025-08-06,Riz,8,385,914
2025-08-06,Sorgho,8,222,1136
2025-08-06,Igname,8,301,922
2025-08-06,Manioc,8,151,977
2025-08-06,Soja,8,342,931
2025-08-06,Coton,8,477,1133
2025-08-06,Cacao,8,1418,1129
2025-08-06,Café,8,1105,1055
2025-08-07,Maïs,8,184,1245
2025-08-07,Riz,8,377,1229
2025-08-07,Sorgho,8,216,1119
2025-08-07,Igname,8,284,1137
2025-08-07,Manioc,8,150,1076
2025-08-07,Soja,8,309,973
2025-08-07,Coton,8,490,926
2025-08-07,Cacao,8,1368,1322
2025-08-07,Café,8,1197,1058
2025-08-08,Maïs,8,206,765
2025-08-08,Riz,8,349,868
2025-08-08,Sorgho,8,249,1130
2025-08-08,Igname,8,269,1392
2025-08-08,Manioc,8,144,1068
2025-08-08,Soja,8,344,962
2025-08-08,Coton,8,460,1155
2025-08-08,Cacao,8,1362,1083
2025-08-08,Café,8,1204,963
2025-08-09,Maïs,8,204,1100
2025-08-09,Riz,8,395,936
2025-08-09,Sorgho,8,234,865
2025-08-09,Igname,8,275,1180
2025-08-09,Manioc,8,151,984
2025-08-09,Soja,8,321,1004
2025-08-09,Coton,8,454,1087
2025-08-09,Cacao,8,1336,1205
2025-08-09,Café,8,1035,1232
2025-08-10,Maïs,8,197,976
2025-08-10,Riz,8,374,1066
2025-08-10,Sorgho,8,258,1138
2025-08-10,Igname,8,281,1327
2025-08-10,Manioc,8,144,952
2025-08-10,Soja,8,441,797
2025-08-10,Coton,8,497,948
2025-08-10,Cacao,8,1347,933
2025-08-10,Café,8,1169,1027
2025-08-11,Maïs,8,194,1094
2025-08-11,Riz,8,383,957
2025-08-11,Sorgho,8,210,1317
2025-08-11,Igname,8,278,1079
2025-08-11,Manioc,8,144,1066
2025-08-11,Soja,8,318,1224
2025-08-11,Coton,8,495,1062
2025-08-11,Cacao,8,1469,1030
2025-08-11,Café,8,1141,1039
2025-08-12,Maïs,8,183,1104
2025-08-12,Riz,8,365,1190
2025-08-12,Sorgho,8,230,1017
2025-08-12,Igname,8,284,1228
2025-08-12,Manioc,8,187,827
2025-08-12,Soja,8,343,1038
2025-08-12,Coton,8,461,1271
2025-08-12,Cacao,8,1387,1200
2025-08-12,Café,8,1089,793
2025-08-13,Maïs,8,200,827
2025-08-13,Riz,8,370,1138
2025-08-13,Sorgho,8,228,1060
2025-08-13,Igname,8,282,1205
2025-08-13,Manioc,8,139,982
2025-08-13,Soja,8,308,1077
2025-08-13,Coton,8,506,854
2025-08-13,Cacao,8,1495,1017
2025-08-13,Café,8,1161,899
2025-08-14,Maïs,8,178,1133
2025-08-14,Riz,8,343,1072
2025-08-14,Sorgho,8,229,948
2025-08-14,Igname,8,284,1069
2025-08-14,Manioc,8,142,1119
2025-08-14,Soja,8,324,1368
2025-08-14,Coton,8,418,1192
2025-08-14,Cacao,8,1556,964
2025-08-14,Café,8,1141,1162
2025-08-15,Maïs,8,194,963
2025-08-15,Riz,8,374,1228
2025-08-15,Sorgho,8,255,983
2025-08-15,Igname,8,291,1132
2025-08-15,Manioc,8,136,1092
2025-08-15,Soja,8,323,1094
2025-08-15,Coton,8,463,1020
2025-08-15,Cacao,8,1487,1112
2025-08-15,Café,8,1115,995
2025-08-16,Maïs,8,211,965
2025-08-16,Riz,8,382,1053
2025-08-16,Sorgho,8,231,1263
2025-08-16,Igname,8,273,1175
2025-08-16,Manioc,8,164,956
2025-08-16,Soja,8,352,817
2025-08-16,Coton,8,470,962
2025-08-16,Cacao,8,1471,1037
2025-08-16,Café,8,1168,922
2025-08-17,Maïs,8,181,1163
2025-08-17,Riz,8,391,1231
2025-08-17,Sorgho,8,231,1019
2025-08-17,Igname,8,255,1131
2025-08-17,Manioc,8,135,1182
2025-08-17,Soja,8,330,989
2025-08-17,Coton,8,463,1187
2025-08-17,Cacao,8,1513,1190
2025-08-17,Café,8,1249,1030
2025-08-18,Maïs,8,169,1376
2025-08-18,Riz,8,384,1108
2025-08-18,Sorgho,8,236,1211
2025-08-18,Igname,8,261,1009
2025-08-18,Manioc,8,154,906
2025-08-18,Soja,8,334,816
2025-08-18,Coton,8,471,1233
2025-08-18,Cacao,8,1288,1209
2025-08-18,Café,8,1123,1146
2025-08-19,Maïs,8,171,1313
2025-08-19,Riz,8,356,1143
2025-08-19,Sorgho,8,233,983
2025-08-19,Igname,8,273,1247
2025-08-19,Manioc,8,133,1108
2025-08-19,Soja,8,323,861
2025-08-19,Coton,8,463,1232
2025-08-19,Cacao,8,1526,1092
2025-08-19,Café,8,1169,943
2025-08-20,Maïs,8,179,1211
2025-08-20,Riz,8,346,1165
2025-08-20,Sorgho,8,234,1153
2025-08-20,Igname,8,270,1289
2025-08-20,Manioc,8,148,1069
2025-08-20,Soja,8,329,949
2025-08-20,Coton,8,478,1175
2025-08-20,Cacao,8,1398,1174
2025-08-20,Café,8,1148,1130
2025-08-21,Maïs,8,197,1091
2025-08-21,Riz,8,398,884
2025-08-21,Sorgho,8,262,1001
2025-08-21,Igname,8,294,951
2025-08-21,Manioc,8,147,1125
2025-08-21,Soja,8,342,1025
2025-08-21,Coton,8,472,1018
2025-08-21,Cacao,8,1419,1207
2025-08-21,Café,8,1270,1204
2025-08-22,Maïs,8,166,1463
2025-08-22,Riz,8,359,1139
2025-08-22,Sorgho,8,230,1110
2025-08-22,Igname,8,255,1313
2025-08-22,Manioc,8,136,1004
2025-08-22,Soja,8,336,912
2025-08-22,Coton,8,478,1247
2025-08-22,Cacao,8,1428,1120
2025-08-22,Café,8,1117,1054
2025-08-23,Maïs,8,195,1043
2025-08-23,Riz,8,405,892
2025-08-23,Sorgho,8,234,881
2025-08-23,Igname,8,272,1156
2025-08-23,Manioc,8,133,1127
2025-08-23,Soja,8,345,955
2025-08-23,Coton,8,468,1078
2025-08-23,Cacao,8,1415,1237
2025-08-23,Café,8,1112,1187
2025-08-24,Maïs,8,198,949
2025-08-24,Riz,8,369,1095
2025-08-24,Sorgho,8,218,1022
2025-08-24,Igname,8,301,988
2025-08-24,Manioc,8,140,981
2025-08-24,Soja,8,296,1114
2025-08-24,Coton,8,456,955
2025-08-24,Cacao,8,1317,1126
2025-08-24,Café,8,1157,1255
2025-08-25,Maïs,8,190,1122
2025-08-25,Riz,8,335,1483
2025-08-25,Sorgho,8,244,940
2025-08-25,Igname,8,296,1110
2025-08-25,Manioc,8,126,1284
2025-08-25,Soja,8,299,1057
2025-08-25,Coton,8,489,943
2025-08-25,Cacao,8,1410,929
2025-08-25,Café,8,1131,1022
2025-08-26,Maïs,8,193,1114
2025-08-26,Riz,8,375,1033
2025-08-26,Sorgho,8,248,1171
2025-08-26,Igname,8,274,1025
2025-08-26,Manioc,8,140,1139
2025-08-26,Soja,8,331,904
2025-08-26,Coton,8,476,1161
2025-08-26,Cacao,8,1362,936
2025-08-26,Café,8,1128,1205
2025-08-27,Maïs,8,204,960
2025-08-27,Riz,8,393,1078
2025-08-27,Sorgho,8,238,1071
2025-08-27,Igname,8,290,1155
2025-08-27,Manioc,8,142,824
2025-08-27,Soja,8,348,986
2025-08-27,Coton,8,479,1053
2025-08-27,Cacao,8,1499,1022
2025-08-27,Café,8,1145,1022
2025-08-28,Maïs,8,187,1012
2025-08-28,Riz,8,384,1191
2025-08-28,Sorgho,8,222,1125
2025-08-28,Igname,8,278,977
2025-08-28,Manioc,8,135,1219
2025-08-28,Soja,8,322,1234
2025-08-28,Coton,8,504,935
2025-08-28,Cacao,8,1484,1162
2025-08-28,Café,8,1205,1061
2025-08-29,Maïs,8,184,1043
2025-08-29,Riz,8,397,988
2025-08-29,Sorgho,8,255,919
2025-08-29,Igname,8,299,1019
2025-08-29,Manioc,8,136,1011
2025-08-29,Soja,8,305,1065
2025-08-29,Coton,8,462,1107
2025-08-29,Cacao,8,1424,1012
2025-08-29,Café,8,1130,1011
2025-08-30,Maïs,8,179,1178
2025-08-30,Riz,8,384,920
2025-08-30,Sorgho,8,227,1027
2025-08-30,Igname,8,280,1100
2025-08-30,Manioc,8,144,1006
2025-08-30,Soja,8,319,1128
2025-08-30,Coton,8,452,1010
2025-08-30,Cacao,8,1346,1033
2025-08-30,Café,8,1160,944
2025-08-31,Maïs,8,188,974
2025-08-31,Riz,8,397,1134
2025-08-31,Sorgho,8,249,1013
2025-08-31,Igname,8,278,1063
2025-08-31,Manioc,8,145,925
2025-08-31,Soja,8,317,1189
2025-08-31,Coton,8,491,1045
2025-08-31,Cacao,8,1401,1144
2025-08-31,Café,8,1161,979
2025-09-01,Maïs,9,186,1144
2025-09-01,Riz,9,358,1242
2025-09-01,Sorgho,9,247,1002
2025-09-01,Igname,9,283,1138
2025-09-01,Manioc,9,131,1137
2025-09-01,Soja,9,330,1100
2025-09-01,Coton,9,483,1225
2025-09-01,Cacao,9,1327,1205
2025-09-01,Café,9,1129,868
2025-09-02,Maïs,9,197,962
2025-09-02,Riz,9,403,1066
2025-09-02,Sorgho,9,225,1106
2025-09-02,Igname,9,276,1039
2025-09-02,Manioc,9,137,1217
2025-09-02,Soja,9,335,1166
2025-09-02,Coton,9,418,1236
2025-09-02,Cacao,9,1381,1269
2025-09-02,Café,9,1115,1042
2025-09-03,Maïs,9,208,989
2025-09-03,Riz,9,378,1027
2025-09-03,Sorgho,9,238,930
2025-09-03,Igname,9,280,1164
2025-09-03,Manioc,9,141,1047
2025-09-03,Soja,9,305,1265
2025-09-03,Coton,9,479,1244
2025-09-03,Cacao,9,1451,1046
2025-09-03,Café,9,1206,1049
2025-09-04,Maïs,9,167,1227
2025-09-04,Riz,9,376,1030
2025-09-04,Sorgho,9,269,928
2025-09-04,Igname,9,291,1045
2025-09-04,Manioc,9,149,915
2025-09-04,Soja,9,320,1147
2025-09-04,Coton,9,491,1092
2025-09-04,Cacao,9,1412,895
2025-09-04,Café,9,1016,1213
2025-09-05,Maïs,9,166,1250
2025-09-05,Riz,9,411,852
2025-09-05,Sorgho,9,242,859
2025-09-05,Igname,9,279,966
2025-09-05,Manioc,9,151,1038
2025-09-05,Soja,9,332,1099
2025-09-05,Coton,9,440,950
2025-09-05,Cacao,9,1282,1094
2025-09-05,Café,9,1167,1149
2025-09-06,Maïs,9,192,896
2025-09-06,Riz,9,376,1112
2025-09-06,Sorgho,9,234,1013
2025-09-06,Igname,9,262,1253
2025-09-06,Manioc,9,146,1014
2025-09-06,Soja,9,317,1189
2025-09-06,Coton,9,452,1108
2025-09-06,Cacao,9,1202,1387
2025-09-06,Café,9,1132,1072
2025-09-07,Maïs,9,176,1221
2025-09-07,Riz,9,375,1250
2025-09-07,Sorgho,9,247,1000
2025-09-07,Igname,9,264,1224
2025-09-07,Manioc,9,139,992
2025-09-07,Soja,9,315,1072
2025-09-07,Coton,9,467,1049
2025-09-07,Cacao,9,1724,957
2025-09-07,Café,9,1165,1018
2025-09-08,Maïs,9,182,1224
2025-09-08,Riz,9,385,978
2025-09-08,Sorgho,9,228,1076
2025-09-08,Igname,9,285,929
2025-09-08,Manioc,9,151,993
2025-09-08,Soja,9,333,1108
2025-09-08,Coton,9,458,1306
2025-09-08,Cacao,9,1415,1163
2025-09-08,Café,9,1228,887
2025-09-09,Maïs,9,200,986
2025-09-09,Riz,9,386,1028
2025-09-09,Sorgho,9,222,1142
2025-09-09,Igname,9,263,1088
2025-09-09,Manioc,9,152,1002
2025-09-09,Soja,9,332,1041
2025-09-09,Coton,9,433,1335
2025-09-09,Cacao,9,1431,1204
2025-09-09,Café,9,1154,1051
2025-09-10,Maïs,9,203,1055
2025-09-10,Riz,9,367,950
2025-09-10,Sorgho,9,246,1030
2025-09-10,Igname,9,276,982
2025-09-10,Manioc,9,128,1281
2025-09-10,Soja,9,322,1209
2025-09-10,Coton,9,523,925
2025-09-10,Cacao,9,1750,839
2025-09-10,Café,9,1206,987
2025-09-11,Maïs,9,183,1094
2025-09-11,Riz,9,368,1069
2025-09-11,Sorgho,9,232,1080
2025-09-11,Igname,9,313,1030
2025-09-11,Manioc,9,142,1008
2025-09-11,Soja,9,325,1031
2025-09-11,Coton,9,447,1102
2025-09-11,Cacao,9,1460,940
2025-09-11,Café,9,1084,981
2025-09-12,Maïs,9,196,924
2025-09-12,Riz,9,355,1257
2025-09-12,Sorgho,9,248,830
2025-09-12,Igname,9,292,946
2025-09-12,Manioc,9,127,1250
2025-09-12,Soja,9,337,1049
2025-09-12,Coton,9,468,949
2025-09-12,Cacao,9,1386,1078
2025-09-12,Café,9,1236,1048
2025-09-13,Maïs,9,189,1101
2025-09-13,Riz,9,381,1266
2025-09-13,Sorgho,9,257,883
2025-09-13,Igname,9,282,969
2025-09-13,Manioc,9,119,1352
2025-09-13,Soja,9,328,1095
2025-09-13,Coton,9,438,1236
2025-09-13,Cacao,9,1392,1032
2025-09-13,Café,9,1141,1124
2025-09-14,Maïs,9,173,1124
2025-09-14,Riz,9,379,956
2025-09-14,Sorgho,9,226,1055
2025-09-14,Igname,9,257,1129
2025-09-14,Manioc,9,130,1058
2025-09-14,Soja,9,343,1126
2025-09-14,Coton,9,472,1096
2025-09-14,Cacao,9,1346,983
2025-09-14,Café,9,1232,1062
2025-09-15,Maïs,9,190,1157
2025-09-15,Riz,9,395,777
2025-09-15,Sorgho,9,244,1105
2025-09-15,Igname,9,242,1196
2025-09-15,Manioc,9,135,962
2025-09-15,Soja,9,301,1219
2025-09-15,Coton,9,486,915
2025-09-15,Cacao,9,1368,1209
2025-09-15,Café,9,1038,1222
2025-09-16,Maïs,9,160,1124
2025-09-16,Riz,9,387,974
2025-09-16,Sorgho,9,226,1086
2025-09-16,Igname,9,309,966
2025-09-16,Manioc,9,145,1144
2025-09-16,Soja,9,291,1167
2025-09-16,Coton,9,500,895
2025-09-16,Cacao,9,1262,1220
2025-09-16,Café,9,1223,984
2025-09-17,Maïs,9,201,1147
2025-09-17,Riz,9,332,1183
2025-09-17,Sorgho,9,260,1061
2025-09-17,Igname,9,293,784
2025-09-17,Manioc,9,136,1009
2025-09-17,Soja,9,343,1072
2025-09-17,Coton,9,481,1110
2025-09-17,Cacao,9,1480,1138
2025-09-17,Café,9,1039,1081
2025-09-18,Maïs,9,181,1153
2025-09-18,Riz,9,372,1072
2025-09-18,Sorgho,9,221,1003
2025-09-18,Igname,9,290,1181
2025-09-18,Manioc,9,136,1055
2025-09-18,Soja,9,316,1052
2025-09-18,Coton,9,487,1047
2025-09-18,Cacao,9,1435,982
2025-09-18,Café,9,1155,1072
2025-09-19,Maïs,9,190,1202
2025-09-19,Riz,9,351,1038
2025-09-19,Sorgho,9,226,984
2025-09-19,Igname,9,283,964
2025-09-19,Manioc,9,124,1313
2025-09-19,Soja,9,298,1343
2025-09-19,Coton,9,435,1120
2025-09-19,Cacao,9,1361,1177
2025-09-19,Café,9,1123,1066
2025-09-20,Maïs,9,190,932
2025-09-20,Riz,9,394,1161
2025-09-20,Sorgho,9,214,1275
2025-09-20,Igname,9,258,1258
2025-09-20,Manioc,9,152,1022
2025-09-20,Soja,9,332,1087
2025-09-20,Coton,9,516,940
2025-09-20,Cacao,9,1517,901
2025-09-20,Café,9,1133,878
2025-09-21,Maïs,9,184,1116
2025-09-21,Riz,9,378,944
2025-09-21,Sorgho,9,226,1136
2025-09-21,Igname,9,296,1040
2025-09-21,Manioc,9,135,958
2025-09-21,Soja,9,323,1163
2025-09-21,Coton,9,395,1267
2025-09-21,Cacao,9,1333,1046
2025-09-21,Café,9,1100,1070
2025-09-22,Maïs,9,173,1099
2025-09-22,Riz,9,349,1227
2025-09-22,Sorgho,9,236,1069
2025-09-22,Igname,9,269,1142
2025-09-22,Manioc,9,147,1240
2025-09-22,Soja,9,316,964
2025-09-22,Coton,9,491,909
2025-09-22,Cacao,9,1395,904
2025-09-22,Café,9,1149,947
2025-09-23,Maïs,9,185,1001
2025-09-23,Riz,9,373,909
2025-09-23,Sorgho,9,233,1008
2025-09-23,Igname,9,278,952
2025-09-23,Manioc,9,139,1129
2025-09-23,Soja,9,330,1101
2025-09-23,Coton,9,439,1099
2025-09-23,Cacao,9,1542,952
2025-09-23,Café,9,1086,943
2025-09-24,Maïs,9,189,1098
2025-09-24,Riz,9,387,1040
2025-09-24,Sorgho,9,233,978
2025-09-24,Igname,9,282,1129
2025-09-24,Manioc,9,140,1152
2025-09-24,Soja,9,321,1170
2025-09-24,Coton,9,493,986
2025-09-24,Cacao,9,1320,1247
2025-09-24,Café,9,1086,980
2025-09-25,Maïs,9,210,958
2025-09-25,Riz,9,389,1053
2025-09-25,Sorgho,9,233,1067
2025-09-25,Igname,9,285,1056
2025-09-25,Manioc,9,140,1087
2025-09-25,Soja,9,326,1104
2025-09-25,Coton,9,433,1261
2025-09-25,Cacao,9,1402,1044
2025-09-25,Café,9,1060,1157
2025-09-26,Maïs,9,193,1040
2025-09-26,Riz,9,399,1011
2025-09-26,Sorgho,9,219,1364
2025-09-26,Igname,9,286,1036
2025-09-26,Manioc,9,132,1245
2025-09-26,Soja,9,298,1131
2025-09-26,Coton,9,464,1047
2025-09-26,Cacao,9,1403,1018
2025-09-26,Café,9,1148,1030
2025-09-27,Maïs,9,209,1049
2025-09-27,Riz,9,351,1103
2025-09-27,Sorgho,9,212,1090
2025-09-27,Igname,9,259,1080
2025-09-27,Manioc,9,143,1154
2025-09-27,Soja,9,327,1127
2025-09-27,Coton,9,463,1236
2025-09-27,Cacao,9,1197,1219
2025-09-27,Café,9,1049,1118
2025-09-28,Maïs,9,182,1287
2025-09-28,Riz,9,376,1144
2025-09-28,Sorgho,9,237,1150
2025-09-28,Igname,9,260,1104
2025-09-28,Manioc,9,126,1258
2025-09-28,Soja,9,334,1146
2025-09-28,Coton,9,478,996
2025-09-28,Cacao,9,1575,1122
2025-09-28,Café,9,1096,1114
2025-09-29,Maïs,9,184,1054
2025-09-29,Riz,9,361,1212
2025-09-29,Sorgho,9,241,999
2025-09-29,Igname,9,304,916
2025-09-29,Manioc,9,124,1270
2025-09-29,Soja,9,315,1168
2025-09-29,Coton,9,449,1164
2025-09-29,Cacao,9,1331,1121
2025-09-29,Café,9,1205,982
2025-09-30,Maïs,9,190,950
2025-09-30,Riz,9,370,1125
2025-09-30,Sorgho,9,208,1225
2025-09-30,Igname,9,273,961
2025-09-30,Manioc,9,148,903
2025-09-30,Soja,9,345,845
2025-09-30,Coton,9,476,1195
2025-09-30,Cacao,9,1423,1026
2025-09-30,Café,9,1044,1109
2025-10-01,Maïs,10,199,954
2025-10-01,Riz,10,374,1131
2025-10-01,Sorgho,10,264,909
2025-10-01,Igname,10,286,960
2025-10-01,Manioc,10,146,1191
2025-10-01,Soja,10,347,900
2025-10-01,Coton,10,492,888
2025-10-01,Cacao,10,1513,957
2025-10-01,Café,10,1187,1035
2025-10-02,Maïs,10,197,1182
2025-10-02,Riz,10,353,1215
2025-10-02,Sorgho,10,242,1046
2025-10-02,Igname,10,279,1108
2025-10-02,Manioc,10,141,1005
2025-10-02,Soja,10,349,1029
2025-10-02,Coton,10,452,1151
2025-10-02,Cacao,10,1435,1079
2025-10-02,Café,10,1141,919
2025-10-03,Maïs,10,180,1176
2025-10-03,Riz,10,403,999
2025-10-03,Sorgho,10,236,1092
2025-10-03,Igname,10,296,1016
2025-10-03,Manioc,10,136,1197
2025-10-03,Soja,10,319,1219
2025-10-03,Coton,10,474,1024
2025-10-03,Cacao,10,1380,1020
2025-10-03,Café,10,1192,906
2025-10-04,Maïs,10,210,1022
2025-10-04,Riz,10,401,1022
2025-10-04,Sorgho,10,228,1021
2025-10-04,Igname,10,297,1086
2025-10-04,Manioc,10,135,975
2025-10-04,Soja,10,355,903
2025-10-04,Coton,10,470,1147
2025-10-04,Cacao,10,1285,1346
2025-10-04,Café,10,1173,932
2025-10-05,Maïs,10,197,1020
2025-10-05,Riz,10,419,1039
2025-10-05,Sorgho,10,230,1174
2025-10-05,Igname,10,278,1096
2025-10-05,Manioc,10,155,821
2025-10-05,Soja,10,336,945
2025-10-05,Coton,10,475,1139
2025-10-05,Cacao,10,1448,1035
2025-10-05,Café,10,1137,1165
2025-10-06,Maïs,10,191,1092
2025-10-06,Riz,10,429,1028
2025-10-06,Sorgho,10,225,1140
2025-10-06,Igname,10,281,1071
2025-10-06,Manioc,10,138,955
2025-10-06,Soja,10,355,976
2025-10-06,Coton,10,479,943
2025-10-06,Cacao,10,1465,1095
2025-10-06,Café,10,1027,1060
2025-10-07,Maïs,10,182,1090
2025-10-07,Riz,10,392,1171
2025-10-07,Sorgho,10,249,1004
2025-10-07,Igname,10,292,1157
2025-10-07,Manioc,10,154,860
2025-10-07,Soja,10,313,1156
2025-10-07,Coton,10,511,1046
2025-10-07,Cacao,10,1384,1017
2025-10-07,Café,10,1190,853
2025-10-08,Maïs,10,182,1180
2025-10-08,Riz,10,366,1237
2025-10-08,Sorgho,10,235,982
2025-10-08,Igname,10,289,1091
2025-10-08,Manioc,10,135,1202
2025-10-08,Soja,10,321,998
2025-10-08,Coton,10,473,1237
2025-10-08,Cacao,10,1528,909
2025-10-08,Café,10,1137,1179
2025-10-09,Maïs,10,191,1072
2025-10-09,Riz,10,370,1189
2025-10-09,Sorgho,10,224,1244
2025-10-09,Igname,10,282,994
2025-10-09,Manioc,10,146,846
2025-10-09,Soja,10,339,886
2025-10-09,Coton,10,457,1058
2025-10-09,Cacao,10,1524,764
2025-10-09,Café,10,1097,979
2025-10-10,Maïs,10,197,1101
2025-10-10,Riz,10,367,1081
2025-10-10,Sorgho,10,225,1078
2025-10-10,Igname,10,285,855
2025-10-10,Manioc,10,152,1221
2025-10-10,Soja,10,347,911
2025-10-10,Coton,10,482,933
2025-10-10,Cacao,10,1318,1233
2025-10-10,Café,10,970,1320
2025-10-11,Maïs,10,198,1061
2025-10-11,Riz,10,377,990
2025-10-11,Sorgho,10,236,1013
2025-10-11,Igname,10,312,957
2025-10-11,Manioc,10,139,903
2025-10-11,Soja,10,340,1021
2025-10-11,Coton,10,493,1190
2025-10-11,Cacao,10,1488,1148
2025-10-11,Café,10,1066,1181
2025-10-12,Maïs,10,204,937
2025-10-12,Riz,10,361,1194
2025-10-12,Sorgho,10,234,1002
2025-10-12,Igname,10,279,1044
2025-10-12,Manioc,10,134,1140
2025-10-12,Soja,10,387,987
2025-10-12,Coton,10,483,1127
2025-10-12,Cacao,10,1527,871
2025-10-12,Café,10,1116,1292
2025-10-13,Maïs,10,192,983
2025-10-13,Riz,10,397,986
2025-10-13,Sorgho,10,232,1090
2025-10-13,Igname,10,296,1049
2025-10-13,Manioc,10,147,1080
2025-10-13,Soja,10,319,853
2025-10-13,Coton,10,466,851
2025-10-13,Cacao,10,1501,1146
2025-10-13,Café,10,1262,860
2025-10-14,Maïs,10,177,777
2025-10-14,Riz,10,356,1055
2025-10-14,Sorgho,10,243,1047
2025-10-14,Igname,10,300,1133
2025-10-14,Manioc,10,139,1283
2025-10-14,Soja,10,344,1052
2025-10-14,Coton,10,456,931
2025-10-14,Cacao,10,1484,996
2025-10-14,Café,10,1064,1128
2025-10-15,Maïs,10,203,1010
2025-10-15,Riz,10,398,1136
2025-10-15,Sorgho,10,255,1051
2025-10-15,Igname,10,259,1222
2025-10-15,Manioc,10,141,1116
2025-10-15,Soja,10,349,946
2025-10-15,Coton,10,497,1084
2025-10-15,Cacao,10,1524,851
2025-10-15,Café,10,1088,1137
2025-10-16,Maïs,10,184,951
2025-10-16,Riz,10,365,980
2025-10-16,Sorgho,10,233,1141
2025-10-16,Igname,10,269,1018
2025-10-16,Manioc,10,145,1006
2025-10-16,Soja,10,338,936
2025-10-16,Coton,10,499,901
2025-10-16,Cacao,10,1888,682
2025-10-16,Café,10,1204,867
2025-10-17,Maïs,10,195,1016
2025-10-17,Riz,10,358,1003
2025-10-17,Sorgho,10,234,1161
2025-10-17,Igname,10,288,1015
2025-10-17,Manioc,10,130,1333
2025-10-17,Soja,10,332,1057
2025-10-17,Coton,10,500,961
2025-10-17,Cacao,10,1540,1028
2025-10-17,Café,10,1149,909
2025-10-18,Maïs,10,190,1103
2025-10-18,Riz,10,405,951
2025-10-18,Sorgho,10,244,1002
2025-10-18,Igname,10,306,1019
2025-10-18,Manioc,10,146,1085
2025-10-18,Soja,10,320,1145
2025-10-18,Coton,10,501,1065
2025-10-18,Cacao,10,1413,1202
2025-10-18,Café,10,1227,1087
2025-10-19,Maïs,10,205,867
2025-10-19,Riz,10,383,1099
2025-10-19,Sorgho,10,243,1086
2025-10-19,Igname,10,296,938
2025-10-19,Manioc,10,138,1253
2025-10-19,Soja,10,326,1088
2025-10-19,Coton,10,452,1117
2025-10-19,Cacao,10,1507,999
2025-10-19,Café,10,1068,1080
2025-10-20,Maïs,10,195,980
2025-10-20,Riz,10,354,1066
2025-10-20,Sorgho,10,236,1241
2025-10-20,Igname,10,282,1000
2025-10-20,Manioc,10,149,769
2025-10-20,Soja,10,330,824
2025-10-20,Coton,10,470,1146
2025-10-20,Cacao,10,1364,1225
2025-10-20,Café,10,1245,820
2025-10-21,Maïs,10,165,1204
2025-10-21,Riz,10,514,813
2025-10-21,Sorgho,10,255,1098
2025-10-21,Igname,10,305,895
2025-10-21,Manioc,10,144,1038
2025-10-21,Soja,10,344,734
2025-10-21,Coton,10,519,901
2025-10-21,Cacao,10,1400,1060
2025-10-21,Café,10,1236,938
2025-10-22,Maïs,10,187,1001
2025-10-22,Riz,10,393,1065
2025-10-22,Sorgho,10,244,1029
2025-10-22,Igname,10,297,1225
2025-10-22,Manioc,10,141,1013
2025-10-22,Soja,10,342,1024
2025-10-22,Coton,10,493,828
2025-10-22,Cacao,10,1468,819
2025-10-22,Café,10,1165,1068
2025-10-23,Maïs,10,191,1113
2025-10-23,Riz,10,380,1077
2025-10-23,Sorgho,10,245,916
2025-10-23,Igname,10,284,986
2025-10-23,Manioc,10,139,1047
2025-10-23,Soja,10,312,1110
2025-10-23,Coton,10,449,1080
2025-10-23,Cacao,10,1405,1112
2025-10-23,Café,10,1122,958
2025-10-24,Maïs,10,186,890
2025-10-24,Riz,10,390,899
2025-10-24,Sorgho,10,232,1104
2025-10-24,Igname,10,313,975
2025-10-24,Manioc,10,136,1080
2025-10-24,Soja,10,334,1074
2025-10-24,Coton,10,479,1104
2025-10-24,Cacao,10,1480,927
2025-10-24,Café,10,1132,1034
2025-10-25,Maïs,10,204,1084
2025-10-25,Riz,10,346,1013
2025-10-25,Sorgho,10,240,943
2025-10-25,Igname,10,293,1155
2025-10-25,Manioc,10,150,1019
2025-10-25,Soja,10,362,1045
2025-10-25,Coton,10,492,1050
2025-10-25,Cacao,10,1409,1178
2025-10-25,Café,10,1196,1027
2025-10-26,Maïs,10,194,806
2025-10-26,Riz,10,405,888
2025-10-26,Sorgho,10,228,1089
2025-10-26,Igname,10,304,1024
2025-10-26,Manioc,10,136,1280
2025-10-26,Soja,10,276,1351
2025-10-26,Coton,10,407,1079
2025-10-26,Cacao,10,1460,954
2025-10-26,Café,10,1110,1012
2025-10-27,Maïs,10,190,1079
2025-10-27,Riz,10,356,1264
2025-10-27,Sorgho,10,225,1297
2025-10-27,Igname,10,277,1036
2025-10-27,Manioc,10,129,1129
2025-10-27,Soja,10,328,1032
2025-10-27,Coton,10,533,1009
2025-10-27,Cacao,10,1494,1047
2025-10-27,Café,10,1159,967
2025-10-28,Maïs,10,207,881
2025-10-28,Riz,10,365,879
2025-10-28,Sorgho,10,259,876
2025-10-28,Igname,10,214,1472
2025-10-28,Manioc,10,146,1234
2025-10-28,Soja,10,333,1059
2025-10-28,Coton,10,516,1034
2025-10-28,Cacao,10,1418,1076
2025-10-28,Café,10,1079,910
2025-10-29,Maïs,10,197,1065
2025-10-29,Riz,10,352,1006
2025-10-29,Sorgho,10,251,951
2025-10-29,Igname,10,278,1064
2025-10-29,Manioc,10,143,882
2025-10-29,Soja,10,341,1005
2025-10-29,Coton,10,479,1033
2025-10-29,Cacao,10,1335,1145
2025-10-29,Café,10,1169,933
2025-10-30,Maïs,10,185,1060
2025-10-30,Riz,10,388,1088
2025-10-30,Sorgho,10,248,961
2025-10-30,Igname,10,283,964
2025-10-30,Manioc,10,141,970
2025-10-30,Soja,10,321,1102
2025-10-30,Coton,10,505,961
2025-10-30,Cacao,10,1401,1027
2025-10-30,Café,10,1071,1068
2025-10-31,Maïs,10,199,1011
2025-10-31,Riz,10,415,877
2025-10-31,Sorgho,10,238,997
2025-10-31,Igname,10,292,1110
2025-10-31,Manioc,10,140,1001
2025-10-31,Soja,10,377,1043
2025-10-31,Coton,10,461,1039
2025-10-31,Cacao,10,1398,1060
2025-10-31,Café,10,1146,955
2025-11-01,Maïs,11,174,1196
2025-11-01,Riz,11,400,687
2025-11-01,Sorgho,11,257,1011
2025-11-01,Igname,11,306,843
2025-11-01,Manioc,11,141,1065
2025-11-01,Soja,11,379,857
2025-11-01,Coton,11,512,910
2025-11-01,Cacao,11,1555,834
2025-11-01,Café,11,1121,1036
2025-11-02,Maïs,11,195,1008
2025-11-02,Riz,11,418,993
2025-11-02,Sorgho,11,271,901
2025-11-02,Igname,11,324,991
2025-11-02,Manioc,11,138,1109
2025-11-02,Soja,11,374,857
2025-11-02,Coton,11,466,1100
2025-11-02,Cacao,11,1869,676
2025-11-02,Café,11,1249,910
2025-11-03,Maïs,11,187,996
2025-11-03,Riz,11,384,1022
2025-11-03,Sorgho,11,253,939
2025-11-03,Igname,11,296,1204
2025-11-03,Manioc,11,148,1016
2025-11-03,Soja,11,374,989
2025-11-03,Coton,11,545,703
2025-11-03,Cacao,11,1431,1164
2025-11-03,Café,11,1171,1077
2025-11-04,Maïs,11,207,985
2025-11-04,Riz,11,401,1154
2025-11-04,Sorgho,11,264,1019
2025-11-04,Igname,11,303,1106
2025-11-04,Manioc,11,148,1095
2025-11-04,Soja,11,386,829
2025-11-04,Coton,11,525,972
2025-11-04,Cacao,11,1519,1164
2025-11-04,Café,11,1350,882
2025-11-05,Maïs,11,203,890
2025-11-05,Riz,11,373,1067
2025-11-05,Sorgho,11,238,890
2025-11-05,Igname,11,309,1011
2025-11-05,Manioc,11,159,1108
2025-11-05,Soja,11,383,884
2025-11-05,Coton,11,512,832
2025-11-05,Cacao,11,1571,1066
2025-11-05,Café,11,1230,1135
2025-11-06,Maïs,11,212,925
2025-11-06,Riz,11,432,788
2025-11-06,Sorgho,11,273,741
2025-11-06,Igname,11,303,918
2025-11-06,Manioc,11,142,1139
2025-11-06,Soja,11,371,1149
2025-11-06,Coton,11,517,1074
2025-11-06,Cacao,11,1597,981
2025-11-06,Café,11,1176,980
2025-11-07,Maïs,11,195,945
2025-11-07,Riz,11,419,910
2025-11-07,Sorgho,11,258,786
2025-11-07,Igname,11,327,1003
2025-11-07,Manioc,11,143,976
2025-11-07,Soja,11,341,936
2025-11-07,Coton,11,516,795
2025-11-07,Cacao,11,1554,985
2025-11-07,Café,11,1245,948
2025-11-08,Maïs,11,193,1006
2025-11-08,Riz,11,423,769
2025-11-08,Sorgho,11,262,830
2025-11-08,Igname,11,321,887
2025-11-08,Manioc,11,155,1020
2025-11-08,Soja,11,352,752
2025-11-08,Coton,11,522,881
2025-11-08,Cacao,11,1498,925
2025-11-08,Café,11,1211,1163
2025-11-09,Maïs,11,193,1152
2025-11-09,Riz,11,376,1099
2025-11-09,Sorgho,11,271,816
2025-11-09,Igname,11,322,814
2025-11-09,Manioc,11,151,896
2025-11-09,Soja,11,365,976
2025-11-09,Coton,11,509,987
2025-11-09,Cacao,11,1614,968
2025-11-09,Café,11,1171,987
2025-11-10,Maïs,11,156,1380
2025-11-10,Riz,11,406,1062
2025-11-10,Sorgho,11,248,1156
2025-11-10,Igname,11,303,971
2025-11-10,Manioc,11,155,877
2025-11-10,Soja,11,352,1084
2025-11-10,Coton,11,479,1126
2025-11-10,Cacao,11,1520,1084
2025-11-10,Café,11,1127,1005
2025-11-11,Maïs,11,192,1028
2025-11-11,Riz,11,429,816
2025-11-11,Sorgho,11,242,978
2025-11-11,Igname,11,294,855
2025-11-11,Manioc,11,149,945
2025-11-11,Soja,11,363,716
2025-11-11,Coton,11,504,1053
2025-11-11,Cacao,11,1549,962
2025-11-11,Café,11,1233,1092
2025-11-12,Maïs,11,207,1112
2025-11-12,Riz,11,409,902
2025-11-12,Sorgho,11,254,1023
2025-11-12,Igname,11,314,967
2025-11-12,Manioc,11,149,941
2025-11-12,Soja,11,348,1152
2025-11-12,Coton,11,500,862
2025-11-12,Cacao,11,1553,938
2025-11-12,Café,11,1272,840
2025-11-13,Maïs,11,199,1010
2025-11-13,Riz,11,393,1222
2025-11-13,Sorgho,11,250,934
2025-11-13,Igname,11,310,1083
2025-11-13,Manioc,11,165,799
2025-11-13,Soja,11,370,1083
2025-11-13,Coton,11,521,933
2025-11-13,Cacao,11,1607,806
2025-11-13,Café,11,1120,963
2025-11-14,Maïs,11,212,929
2025-11-14,Riz,11,388,1123
2025-11-14,Sorgho,11,236,1127
2025-11-14,Igname,11,276,1206
2025-11-14,Manioc,11,142,993
2025-11-14,Soja,11,334,775
2025-11-14,Coton,11,519,889
2025-11-14,Cacao,11,1430,1069
2025-11-14,Café,11,1231,863
2025-11-15,Maïs,11,199,1245
2025-11-15,Riz,11,418,905
2025-11-15,Sorgho,11,240,1055
2025-11-15,Igname,11,321,878
2025-11-15,Manioc,11,141,1170
2025-11-15,Soja,11,370,821
2025-11-15,Coton,11,522,930
2025-11-15,Cacao,11,1518,829
2025-11-15,Café,11,1243,1140
2025-11-16,Maïs,11,209,948
2025-11-16,Riz,11,418,921
2025-11-16,Sorgho,11,276,765
2025-11-16,Igname,11,327,978
2025-11-16,Manioc,11,157,881
2025-11-16,Soja,11,374,903
2025-11-16,Coton,11,507,911
2025-11-16,Cacao,11,1517,821
2025-11-16,Café,11,1293,897
2025-11-17,Maïs,11,195,999
2025-11-17,Riz,11,408,848
2025-11-17,Sorgho,11,225,1042
2025-11-17,Igname,11,297,914
2025-11-17,Manioc,11,150,823
2025-11-17,Soja,11,360,1117
2025-11-17,Coton,11,509,855
2025-11-17,Cacao,11,1189,1293
2025-11-17,Café,11,1237,969
2025-11-18,Maïs,11,207,767
2025-11-18,Riz,11,405,914
2025-11-18,Sorgho,11,261,814
2025-11-18,Igname,11,320,829
2025-11-18,Manioc,11,149,1180
2025-11-18,Soja,11,349,1027
2025-11-18,Coton,11,490,1085
2025-11-18,Cacao,11,1477,1116
2025-11-18,Café,11,1362,903
2025-11-19,Maïs,11,173,1080
2025-11-19,Riz,11,390,1109
2025-11-19,Sorgho,11,239,1065
2025-11-19,Igname,11,266,1051
2025-11-19,Manioc,11,165,988
2025-11-19,Soja,11,364,938
2025-11-19,Coton,11,493,825
2025-11-19,Cacao,11,1512,1042
2025-11-19,Café,11,1259,968
2025-11-20,Maïs,11,191,987
2025-11-20,Riz,11,395,952
2025-11-20,Sorgho,11,250,1073
2025-11-20,Igname,11,302,986
2025-11-20,Manioc,11,152,1113
2025-11-20,Soja,11,384,948
2025-11-20,Coton,11,505,1012
2025-11-20,Cacao,11,1606,906
2025-11-20,Café,11,1211,1124
2025-11-21,Maïs,11,219,836
2025-11-21,Riz,11,457,906
2025-11-21,Sorgho,11,240,1108
2025-11-21,Igname,11,314,1091
2025-11-21,Manioc,11,156,1116
2025-11-21,Soja,11,345,1003
2025-11-21,Coton,11,514,1022
2025-11-21,Cacao,11,1502,815
2025-11-21,Café,11,1217,957
2025-11-22,Maïs,11,202,1139
2025-11-22,Riz,11,393,835
2025-11-22,Sorgho,11,272,964
2025-11-22,Igname,11,287,998
2025-11-22,Manioc,11,153,1040
2025-11-22,Soja,11,350,885
2025-11-22,Coton,11,505,1034
2025-11-22,Cacao,11,1530,1008
2025-11-22,Café,11,1199,1039
2025-11-23,Maïs,11,192,1126
2025-11-23,Riz,11,425,961
2025-11-23,Sorgho,11,261,916
2025-11-23,Igname,11,302,1099
2025-11-23,Manioc,11,156,921
2025-11-23,Soja,11,427,898
2025-11-23,Coton,11,500,833
2025-11-23,Cacao,11,1652,1014
2025-11-23,Café,11,1235,1081
2025-11-24,Maïs,11,191,1041
2025-11-24,Riz,11,407,988
2025-11-24,Sorgho,11,282,896
2025-11-24,Igname,11,312,989
2025-11-24,Manioc,11,137,1184
2025-11-24,Soja,11,342,1103
2025-11-24,Coton,11,515,971
2025-11-24,Cacao,11,1350,1192
2025-11-24,Café,11,1209,1040
2025-11-25,Maïs,11,190,1119
2025-11-25,Riz,11,419,992
2025-11-25,Sorgho,11,246,1274
2025-11-25,Igname,11,314,1068
2025-11-25,Manioc,11,165,902
2025-11-25,Soja,11,380,1023
2025-11-25,Coton,11,536,992
2025-11-25,Cacao,11,1525,750
2025-11-25,Café,11,1235,1062
2025-11-26,Maïs,11,193,1001
2025-11-26,Riz,11,398,1153
2025-11-26,Sorgho,11,251,962
2025-11-26,Igname,11,280,903
2025-11-26,Manioc,11,146,1022
2025-11-26,Soja,11,387,978
2025-11-26,Coton,11,519,954
2025-11-26,Cacao,11,1556,1040
2025-11-26,Café,11,1256,1031
2025-11-27,Maïs,11,218,793
2025-11-27,Riz,11,373,1131
2025-11-27,Sorgho,11,271,931
2025-11-27,Igname,11,298,1240
2025-11-27,Manioc,11,152,1106
2025-11-27,Soja,11,369,977
2025-11-27,Coton,11,505,907
2025-11-27,Cacao,11,1493,1104
2025-11-27,Café,11,1261,1048
2025-11-28,Maïs,11,199,1050
2025-11-28,Riz,11,439,1008
2025-11-28,Sorgho,11,252,893
2025-11-28,Igname,11,295,1148
2025-11-28,Manioc,11,148,1153
2025-11-28,Soja,11,331,977
2025-11-28,Coton,11,473,872
2025-11-28,Cacao,11,1634,675
2025-11-28,Café,11,1272,875
2025-11-29,Maïs,11,202,975
2025-11-29,Riz,11,430,1005
2025-11-29,Sorgho,11,240,1104
2025-11-29,Igname,11,306,1034
2025-11-29,Manioc,11,154,887
2025-11-29,Soja,11,354,998
2025-11-29,Coton,11,499,1065
2025-11-29,Cacao,11,1394,1154
2025-11-29,Café,11,1255,1004
2025-11-30,Maïs,11,186,988
2025-11-30,Riz,11,393,1040
2025-11-30,Sorgho,11,264,1119
2025-11-30,Igname,11,303,1035
2025-11-30,Manioc,11,141,1004
2025-11-30,Soja,11,356,1084
2025-11-30,Coton,11,505,1100
2025-11-30,Cacao,11,1531,876
2025-11-30,Café,11,1191,1053
2025-12-01,Maïs,12,225,840
2025-12-01,Riz,12,419,1114
2025-12-01,Sorgho,12,266,901
2025-12-01,Igname,12,337,1048
2025-12-01,Manioc,12,155,923
2025-12-01,Soja,12,366,859
2025-12-01,Coton,12,538,808
2025-12-01,Cacao,12,1563,867
2025-12-01,Café,12,1306,901
2025-12-02,Maïs,12,227,971
2025-12-02,Riz,12,418,884
2025-12-02,Sorgho,12,264,834
2025-12-02,Igname,12,316,1113
2025-12-02,Manioc,12,160,846
2025-12-02,Soja,12,396,957
2025-12-02,Coton,12,543,1019
2025-12-02,Cacao,12,1716,963
2025-12-02,Café,12,1350,832
2025-12-03,Maïs,12,223,1051
2025-12-03,Riz,12,433,1035
2025-12-03,Sorgho,12,278,884
2025-12-03,Igname,12,314,981
2025-12-03,Manioc,12,149,1103
2025-12-03,Soja,12,382,1019
2025-12-03,Coton,12,543,814
2025-12-03,Cacao,12,1763,965
2025-12-03,Café,12,1334,788
2025-12-04,Maïs,12,225,929
2025-12-04,Riz,12,465,833
2025-12-04,Sorgho,12,253,978
2025-12-04,Igname,12,273,1108
2025-12-04,Manioc,12,174,739
2025-12-04,Soja,12,383,1052
2025-12-04,Coton,12,568,904
2025-12-04,Cacao,12,1597,924
2025-12-04,Café,12,1423,855
2025-12-05,Maïs,12,230,716
2025-12-05,Riz,12,430,843
2025-12-05,Sorgho,12,252,1120
2025-12-05,Igname,12,332,1042
2025-12-05,Manioc,12,176,681
2025-12-05,Soja,12,367,1016
2025-12-05,Coton,12,535,800
2025-12-05,Cacao,12,1648,919
2025-12-05,Café,12,1474,722
2025-12-06,Maïs,12,228,843
2025-12-06,Riz,12,458,767
2025-12-06,Sorgho,12,255,830
2025-12-06,Igname,12,258,1051
2025-12-06,Manioc,12,163,856
2025-12-06,Soja,12,393,925
2025-12-06,Coton,12,564,932
2025-12-06,Cacao,12,1720,703
2025-12-06,Café,12,1233,1080
2025-12-07,Maïs,12,221,923
2025-12-07,Riz,12,299,1442
2025-12-07,Sorgho,12,272,1017
2025-12-07,Igname,12,327,1078
2025-12-07,Manioc,12,165,971
2025-12-07,Soja,12,393,937
2025-12-07,Coton,12,542,915
2025-12-07,Cacao,12,1592,827
2025-12-07,Café,12,1320,874
2025-12-08,Maïs,12,227,926
2025-12-08,Riz,12,472,878
2025-12-08,Sorgho,12,280,1007
2025-12-08,Igname,12,322,753
2025-12-08,Manioc,12,156,705
2025-12-08,Soja,12,377,1070
2025-12-08,Coton,12,530,1016
2025-12-08,Cacao,12,1630,1009
2025-12-08,Café,12,1216,1031
2025-12-09,Maïs,12,216,984
2025-12-09,Riz,12,436,733
2025-12-09,Sorgho,12,277,841
2025-12-09,Igname,12,329,684
2025-12-09,Manioc,12,167,757
2025-12-09,Soja,12,368,912
2025-12-09,Coton,12,564,833
2025-12-09,Cacao,12,1680,762
2025-12-09,Café,12,1289,1175
2025-12-10,Maïs,12,225,1031
2025-12-10,Riz,12,489,820
2025-12-10,Sorgho,12,266,925
2025-12-10,Igname,12,324,1003
2025-12-10,Manioc,12,165,814
2025-12-10,Soja,12,383,911
2025-12-10,Coton,12,629,710
2025-12-10,Cacao,12,1695,956
2025-12-10,Café,12,1285,771
2025-12-11,Maïs,12,244,684
2025-12-11,Riz,12,431,1023
2025-12-11,Sorgho,12,262,865
2025-12-11,Igname,12,311,1165
2025-12-11,Manioc,12,181,875
2025-12-11,Soja,12,393,780
2025-12-11,Coton,12,543,1034
2025-12-11,Cacao,12,1663,833
2025-12-11,Café,12,1301,1008
2025-12-12,Maïs,12,204,939
2025-12-12,Riz,12,463,790
2025-12-12,Sorgho,12,254,1113
2025-12-12,Igname,12,326,969
2025-12-12,Manioc,12,155,1015
2025-12-12,Soja,12,384,924
2025-12-12,Coton,12,522,1065
2025-12-12,Cacao,12,2000,648
2025-12-12,Café,12,1073,1188
2025-12-13,Maïs,12,221,972
2025-12-13,Riz,12,419,1031
2025-12-13,Sorgho,12,268,901
2025-12-13,Igname,12,319,850
2025-12-13,Manioc,12,164,1075
2025-12-13,Soja,12,379,958
2025-12-13,Coton,12,559,812
2025-12-13,Cacao,12,1512,889
2025-12-13,Café,12,1340,986
2025-12-14,Maïs,12,220,876
2025-12-14,Riz,12,427,936
2025-12-14,Sorgho,12,284,891
2025-12-14,Igname,12,349,802
2025-12-14,Manioc,12,177,875
2025-12-14,Soja,12,354,998
2025-12-14,Coton,12,516,892
2025-12-14,Cacao,12,1565,1039
2025-12-14,Café,12,1413,807
2025-12-15,Maïs,12,234,1070
2025-12-15,Riz,12,423,945
2025-12-15,Sorgho,12,272,952
2025-12-15,Igname,12,320,749
2025-12-15,Manioc,12,166,864
2025-12-15,Soja,12,395,762
2025-12-15,Coton,12,500,1153
2025-12-15,Cacao,12,1743,985
2025-12-15,Café,12,1329,796
2025-12-16,Maïs,12,210,790
2025-12-16,Riz,12,433,995
2025-12-16,Sorgho,12,290,726
2025-12-16,Igname,12,333,1103
2025-12-16,Manioc,12,165,972
2025-12-16,Soja,12,345,997
2025-12-16,Coton,12,564,920
2025-12-16,Cacao,12,1656,1038
2025-12-16,Café,12,1289,1063
2025-12-17,Maïs,12,215,873
2025-12-17,Riz,12,430,801
2025-12-17,Sorgho,12,288,763
2025-12-17,Igname,12,328,962
2025-12-17,Manioc,12,153,1021
2025-12-17,Soja,12,344,864
2025-12-17,Coton,12,540,793
2025-12-17,Cacao,12,1469,1164
2025-12-17,Café,12,1258,845
2025-12-18,Maïs,12,220,1008
2025-12-18,Riz,12,444,899
2025-12-18,Sorgho,12,274,926
2025-12-18,Igname,12,326,1027
2025-12-18,Manioc,12,170,1110
2025-12-18,Soja,12,393,757
2025-12-18,Coton,12,600,851
2025-12-18,Cacao,12,1729,819
2025-12-18,Café,12,1442,696
2025-12-19,Maïs,12,209,825
2025-12-19,Riz,12,422,857
2025-12-19,Sorgho,12,265,867
2025-12-19,Igname,12,323,1046
2025-12-19,Manioc,12,161,774
2025-12-19,Soja,12,383,931
2025-12-19,Coton,12,520,1013
2025-12-19,Cacao,12,1572,1024
2025-12-19,Café,12,1388,955
2025-12-20,Maïs,12,208,947
2025-12-20,Riz,12,444,818
2025-12-20,Sorgho,12,287,788
2025-12-20,Igname,12,314,938
2025-12-20,Manioc,12,148,1009
2025-12-20,Soja,12,378,938
2025-12-20,Coton,12,574,667
2025-12-20,Cacao,12,1627,872
2025-12-20,Café,12,1431,1049
2025-12-21,Maïs,12,174,1188
2025-12-21,Riz,12,455,899
2025-12-21,Sorgho,12,260,844
2025-12-21,Igname,12,345,965
2025-12-21,Manioc,12,218,503
2025-12-21,Soja,12,402,1002
2025-12-21,Coton,12,524,1047
2025-12-21,Cacao,12,1611,1062
2025-12-21,Café,12,1175,910
2025-12-22,Maïs,12,209,1050
2025-12-22,Riz,12,447,908
2025-12-22,Sorgho,12,278,879
2025-12-22,Igname,12,291,990
2025-12-22,Manioc,12,150,947
2025-12-22,Soja,12,367,793
2025-12-22,Coton,12,561,792
2025-12-22,Cacao,12,1705,876
2025-12-22,Café,12,1292,1117
2025-12-23,Maïs,12,205,1007
2025-12-23,Riz,12,406,1091
2025-12-23,Sorgho,12,268,1203
2025-12-23,Igname,12,332,856
2025-12-23,Manioc,12,163,1015
2025-12-23,Soja,12,397,904
2025-12-23,Coton,12,549,1022
2025-12-23,Cacao,12,1729,744
2025-12-23,Café,12,1213,836
2025-12-24,Maïs,12,216,1028
2025-12-24,Riz,12,432,746
2025-12-24,Sorgho,12,265,961
2025-12-24,Igname,12,334,786
2025-12-24,Manioc,12,162,924
2025-12-24,Soja,12,398,830
2025-12-24,Coton,12,541,697
2025-12-24,Cacao,12,1596,897
2025-12-24,Café,12,1201,1072
2025-12-25,Maïs,12,218,843
2025-12-25,Riz,12,439,908
2025-12-25,Sorgho,12,267,1128
2025-12-25,Igname,12,329,809
2025-12-25,Manioc,12,167,831
2025-12-25,Soja,12,376,875
2025-12-25,Coton,12,587,938
2025-12-25,Cacao,12,1572,1072
2025-12-25,Café,12,1301,907
2025-12-26,Maïs,12,271,646
2025-12-26,Riz,12,467,1056
2025-12-26,Sorgho,12,281,1012
2025-12-26,Igname,12,318,918
2025-12-26,Manioc,12,174,724
2025-12-26,Soja,12,365,871
2025-12-26,Coton,12,578,928
2025-12-26,Cacao,12,1526,1123
2025-12-26,Café,12,1400,1046
2025-12-27,Maïs,12,235,869
2025-12-27,Riz,12,453,1098
2025-12-27,Sorgho,12,329,726
2025-12-27,Igname,12,331,1024
2025-12-27,Manioc,12,167,1092
2025-12-27,Soja,12,379,912
2025-12-27,Coton,12,563,883
2025-12-27,Cacao,12,1721,809
2025-12-27,Café,12,1369,781
2025-12-28,Maïs,12,200,1100
2025-12-28,Riz,12,362,938
2025-12-28,Sorgho,12,298,838
2025-12-28,Igname,12,340,683
2025-12-28,Manioc,12,171,923
2025-12-28,Soja,12,338,1098
2025-12-28,Coton,12,596,871
2025-12-28,Cacao,12,1610,942
2025-12-28,Café,12,1205,1131
2025-12-29,Maïs,12,226,989
2025-12-29,Riz,12,429,924
2025-12-29,Sorgho,12,262,960
2025-12-29,Igname,12,316,1008
2025-12-29,Manioc,12,167,755
2025-12-29,Soja,12,383,905
2025-12-29,Coton,12,557,895
2025-12-29,Cacao,12,1579,1013
2025-12-29,Café,12,1415,810
2025-12-30,Maïs,12,217,927
2025-12-30,Riz,12,461,994
2025-12-30,Sorgho,12,289,835
2025-12-30,Igname,12,330,933
2025-12-30,Manioc,12,166,836
2025-12-30,Soja,12,394,930
2025-12-30,Coton,12,532,990
2025-12-30,Cacao,12,1748,1019
2025-12-30,Café,12,1192,1193
