"country","commodity","indicator","Unit","Date","Value"
"Togo","1.1.1.1. Wheat","Imports (Tons)","Tons","2000","59742"
"Togo","1.1.1.1. Wheat","Imports (Tons)","Tons","2001","130436"
"Togo","1.1.1.1. Wheat","Imports (Tons)","Tons","2002","158540"
"Togo","1.1.1.1. Wheat","Imports (Tons)","Tons","2003","125257"
"Togo","1.1.1.1. Wheat","Imports (Tons)","Tons","2004","73511"
"Togo","1.1.1.1. Wheat","Imports (Tons)","Tons","2005","100777"
"Togo","1.1.1.1. Wheat","Imports (Tons)","Tons","2007","69713"
"Togo","1.1.1.1. Wheat","Imports (Tons)","Tons","2008","44869"
"Togo","1.1.1.1. Wheat","Imports (Tons)","Tons","2010","46964"
"Togo","1.1.1.1. Wheat","Imports (Tons)","Tons","2011","69690"
"Togo","1.1.1.1. Wheat","Imports (Tons)","Tons","2012","73710"
"Togo","1.1.1.1. Wheat","Imports (Tons)","Tons","2013","85899"
"Togo","1.1.1.1. Wheat","Imports (Tons)","Tons","2014","65804.481"
"Togo","1.1.1.1. Wheat","Imports (Tons)","Tons","2015","72139.45"
"Togo","1.1.1.1. Wheat","Imports (Tons)","Tons","2016","102946.323"
"Togo","1.1.1.1. Wheat","Imports (Tons)","Tons","2017","96194.733"
"Togo","1.1.1.1. Wheat","Imports (Tons)","Tons","2018","86006.767"
"Togo","1.1.1.1. Wheat","Imports (Tons)","Tons","2019","80807"
"Togo","1.1.1.1. Wheat","Imports (Tons)","Tons","2020","112976"
"Togo","1.1.1.1. Wheat","Imports (Tons)","Tons","2022","172601"
"Togo","1.1.1.1. Wheat","Exports (Tons)","","2000","34"
"Togo","1.1.1.1. Wheat","Exports (Tons)","","2001","0"
"Togo","1.1.1.1. Wheat","Exports (Tons)","","2002","323"
"Togo","1.1.1.1. Wheat","Exports (Tons)","","2003","89"
"Togo","1.1.1.1. Wheat","Exports (Tons)","","2005","10"
"Togo","1.1.1.1. Wheat","Exports (Tons)","","2008","123"
"Togo","1.1.1.1. Wheat","Exports (Tons)","","2017","999"
"Togo","1.1.1.1. Wheat","Exports (Tons)","","2019","80"
"Togo","1.1.1.2. Maize","Area planted (Ha)","Ha","2000","369183"
"Togo","1.1.1.2. Maize","Area planted (Ha)","Ha","2001","411581"
"Togo","1.1.1.2. Maize","Area planted (Ha)","Ha","2002","403153"
"Togo","1.1.1.2. Maize","Area planted (Ha)","Ha","2003","422534"
"Togo","1.1.1.2. Maize","Area planted (Ha)","Ha","2004","479549"
"Togo","1.1.1.2. Maize","Area planted (Ha)","Ha","2005","439481"
"Togo","1.1.1.2. Maize","Area planted (Ha)","Ha","2006","465282"
"Togo","1.1.1.2. Maize","Area planted (Ha)","Ha","2007","468200"
"Togo","1.1.1.2. Maize","Area planted (Ha)","Ha","2008","494994"
"Togo","1.1.1.2. Maize","Area planted (Ha)","Ha","2009","518955.47"
"Togo","1.1.1.2. Maize","Area planted (Ha)","Ha","2010","715857"
"Togo","1.1.1.2. Maize","Area planted (Ha)","Ha","2011","522629"
"Togo","1.1.1.2. Maize","Area planted (Ha)","Ha","2012","754739.29"
"Togo","1.1.1.2. Maize","Area planted (Ha)","Ha","2013","749288"
"Togo","1.1.1.2. Maize","Area planted (Ha)","Ha","2014","696588"
"Togo","1.1.1.2. Maize","Area planted (Ha)","Ha","2015","571885.1371"
"Togo","1.1.1.2. Maize","Area planted (Ha)","Ha","2016","675831"
"Togo","1.1.1.2. Maize","Area planted (Ha)","Ha","2017","694422.0631"
"Togo","1.1.1.2. Maize","Area planted (Ha)","Ha","2018","715274.8941"
"Togo","1.1.1.2. Maize","Area planted (Ha)","Ha","2019","743273.339430587"
"Togo","1.1.1.2. Maize","Area planted (Ha)","Ha","2020","721872.006154209"
"Togo","1.1.1.2. Maize","Area planted (Ha)","Ha","2021","755187"
"Togo","1.1.1.2. Maize","Area planted (Ha)","Ha","2022","763336"
"Togo","1.1.1.2. Maize","Area harvested (Ha)","Ha","2000","369183"
"Togo","1.1.1.2. Maize","Area harvested (Ha)","Ha","2001","411581"
"Togo","1.1.1.2. Maize","Area harvested (Ha)","Ha","2002","403153"
"Togo","1.1.1.2. Maize","Area harvested (Ha)","Ha","2003","422534"
"Togo","1.1.1.2. Maize","Area harvested (Ha)","Ha","2004","479549"
"Togo","1.1.1.2. Maize","Area harvested (Ha)","Ha","2005","439481"
"Togo","1.1.1.2. Maize","Area harvested (Ha)","Ha","2006","465282"
"Togo","1.1.1.2. Maize","Area harvested (Ha)","Ha","2007","468200"
"Togo","1.1.1.2. Maize","Area harvested (Ha)","Ha","2008","494994"
"Togo","1.1.1.2. Maize","Area harvested (Ha)","Ha","2009","518955.47"
"Togo","1.1.1.2. Maize","Area harvested (Ha)","Ha","2010","715857"
"Togo","1.1.1.2. Maize","Area harvested (Ha)","Ha","2011","522629"
"Togo","1.1.1.2. Maize","Area harvested (Ha)","Ha","2012","754739.29"
"Togo","1.1.1.2. Maize","Area harvested (Ha)","Ha","2013","749288"
"Togo","1.1.1.2. Maize","Area harvested (Ha)","Ha","2014","696588"
"Togo","1.1.1.2. Maize","Area harvested (Ha)","Ha","2015","571885.1371"
"Togo","1.1.1.2. Maize","Area harvested (Ha)","Ha","2016","675831"
"Togo","1.1.1.2. Maize","Area harvested (Ha)","Ha","2017","694422.0631"
"Togo","1.1.1.2. Maize","Area harvested (Ha)","Ha","2018","715274.8941"
"Togo","1.1.1.2. Maize","Area harvested (Ha)","Ha","2019","743273.339430587"
"Togo","1.1.1.2. Maize","Area harvested (Ha)","Ha","2020","721872.006154209"
"Togo","1.1.1.2. Maize","Area harvested (Ha)","Ha","2021","755187"
"Togo","1.1.1.2. Maize","Area harvested (Ha)","Ha","2022","763336"
"Togo","1.1.1.2. Maize","Yield on area harvested (Kg/Ha)","KG/HA","2000","1305.72642835667"
"Togo","1.1.1.2. Maize","Yield on area harvested (Kg/Ha)","KG/HA","2001","1169"
"Togo","1.1.1.2. Maize","Yield on area harvested (Kg/Ha)","KG/HA","2002","1276"
"Togo","1.1.1.2. Maize","Yield on area harvested (Kg/Ha)","KG/HA","2003","1089.69260701201"
"Togo","1.1.1.2. Maize","Yield on area harvested (Kg/Ha)","KG/HA","2004","1275"
"Togo","1.1.1.2. Maize","Yield on area harvested (Kg/Ha)","KG/HA","2005","1158"
"Togo","1.1.1.2. Maize","Yield on area harvested (Kg/Ha)","KG/HA","2006","1155"
"Togo","1.1.1.2. Maize","Yield on area harvested (Kg/Ha)","KG/HA","2007","1171"
"Togo","1.1.1.2. Maize","Yield on area harvested (Kg/Ha)","KG/HA","2008","1192"
"Togo","1.1.1.2. Maize","Yield on area harvested (Kg/Ha)","KG/HA","2009","1255.865409"
"Togo","1.1.1.2. Maize","Yield on area harvested (Kg/Ha)","KG/HA","2010","1212.896049"
"Togo","1.1.1.2. Maize","Yield on area harvested (Kg/Ha)","KG/HA","2011","1245.127997"
"Togo","1.1.1.2. Maize","Yield on area harvested (Kg/Ha)","KG/HA","2012","1142"
"Togo","1.1.1.2. Maize","Yield on area harvested (Kg/Ha)","KG/HA","2013","924.3575234"
"Togo","1.1.1.2. Maize","Yield on area harvested (Kg/Ha)","KG/HA","2014","1195.891536"
"Togo","1.1.1.2. Maize","Yield on area harvested (Kg/Ha)","KG/HA","2015","1389.546516"
"Togo","1.1.1.2. Maize","Yield on area harvested (Kg/Ha)","KG/HA","2016","1223.524788"
"Togo","1.1.1.2. Maize","Yield on area harvested (Kg/Ha)","KG/HA","2017","1230.792285"
"Togo","1.1.1.2. Maize","Yield on area harvested (Kg/Ha)","KG/HA","2018","1239.565278"
"Togo","1.1.1.2. Maize","Yield on area harvested (Kg/Ha)","KG/HA","2019","1227.11994865433"
"Togo","1.1.1.2. Maize","Yield on area harvested (Kg/Ha)","KG/HA","2020","1227.11994865433"
"Togo","1.1.1.2. Maize","Yield on area harvested (Kg/Ha)","KG/HA","2021","1230.18537130539"
"Togo","1.1.1.2. Maize","Yield on area harvested (Kg/Ha)","KG/HA","2022","1254"
"Togo","1.1.1.2. Maize","Production on area harvested (Tons)","Tons","2000","482052"
"Togo","1.1.1.2. Maize","Production on area harvested (Tons)","Tons","2001","464091"
"Togo","1.1.1.2. Maize","Production on area harvested (Tons)","Tons","2002","510060"
"Togo","1.1.1.2. Maize","Production on area harvested (Tons)","Tons","2003","537860"
"Togo","1.1.1.2. Maize","Production on area harvested (Tons)","Tons","2004","522561"
"Togo","1.1.1.2. Maize","Production on area harvested (Tons)","Tons","2005","509468"
"Togo","1.1.1.2. Maize","Production on area harvested (Tons)","Tons","2006","543343"
"Togo","1.1.1.2. Maize","Production on area harvested (Tons)","Tons","2007","546050"
"Togo","1.1.1.2. Maize","Production on area harvested (Tons)","Tons","2008","590104"
"Togo","1.1.1.2. Maize","Production on area harvested (Tons)","Tons","2009","651738.2235"
"Togo","1.1.1.2. Maize","Production on area harvested (Tons)","Tons","2010","868260.127"
"Togo","1.1.1.2. Maize","Production on area harvested (Tons)","Tons","2011","650740"
"Togo","1.1.1.2. Maize","Production on area harvested (Tons)","Tons","2012","862257.4314"
"Togo","1.1.1.2. Maize","Production on area harvested (Tons)","Tons","2013","692610"
"Togo","1.1.1.2. Maize","Production on area harvested (Tons)","Tons","2014","833043.693"
"Togo","1.1.1.2. Maize","Production on area harvested (Tons)","Tons","2015","794661"
"Togo","1.1.1.2. Maize","Production on area harvested (Tons)","Tons","2016","826895.981"
"Togo","1.1.1.2. Maize","Production on area harvested (Tons)","Tons","2017","854689.318"
"Togo","1.1.1.2. Maize","Production on area harvested (Tons)","Tons","2018","886629.9229"
"Togo","1.1.1.2. Maize","Production on area harvested (Tons)","Tons","2019","912085.542118198"
"Togo","1.1.1.2. Maize","Production on area harvested (Tons)","Tons","2020","885030.406662367"
"Togo","1.1.1.2. Maize","Production on area harvested (Tons)","Tons","2021","929020"
"Togo","1.1.1.2. Maize","Production on area harvested (Tons)","Tons","2022","957047"
"Togo","1.1.1.2. Maize","Post harvest losses (Tons)","","2000","1305.72642835667"
"Togo","1.1.1.2. Maize","Post harvest losses (Tons)","","2001","1127.58120515767"
"Togo","1.1.1.2. Maize","Post harvest losses (Tons)","","2002","1265.17724040253"
"Togo","1.1.1.2. Maize","Post harvest losses (Tons)","","2003","1272.93898242508"
"Togo","1.1.1.2. Maize","Post harvest losses (Tons)","","2004","1089.69260701201"
"Togo","1.1.1.2. Maize","Post harvest losses (Tons)","","2005","1159.24920531263"
"Togo","1.1.1.2. Maize","Post harvest losses (Tons)","","2006","1167.77137305978"
"Togo","1.1.1.2. Maize","Post harvest losses (Tons)","","2007","1166.27509611277"
"Togo","1.1.1.2. Maize","Post harvest losses (Tons)","","2008","1192.14374315648"
"Togo","1.1.1.2. Maize","Post harvest losses (Tons)","","2009","1255.86540883749"
"Togo","1.1.1.2. Maize","Post harvest losses (Tons)","","2010","1212.89604907125"
"Togo","1.1.1.2. Maize","Post harvest losses (Tons)","","2011","1245.12799710693"
"Togo","1.1.1.2. Maize","Post harvest losses (Tons)","","2012","1142.45732642327"
"Togo","1.1.1.2. Maize","Post harvest losses (Tons)","","2013","924.357523408889"
"Togo","1.1.1.2. Maize","Post harvest losses (Tons)","","2014","1195.89153559924"
"Togo","1.1.1.2. Maize","Post harvest losses (Tons)","","2015","1389.54651633313"
"Togo","1.1.1.2. Maize","Post harvest losses (Tons)","","2016","1223.52478800173"
"Togo","1.1.1.2. Maize","Post harvest losses (Tons)","","2017","1230.79228529195"
"Togo","1.1.1.2. Maize","Post harvest losses (Tons)","","2018","1239.56527792802"
"Togo","1.1.1.2. Maize","Post harvest losses (Tons)","","2019","1227.11994865433"
"Togo","1.1.1.2. Maize","Post harvest losses (Tons)","","2020","1226.02123245835"
"Togo","1.1.1.2. Maize","Imports (Tons)","Tons","2000","46"
"Togo","1.1.1.2. Maize","Imports (Tons)","Tons","2001","46"
"Togo","1.1.1.2. Maize","Imports (Tons)","Tons","2002","46"
"Togo","1.1.1.2. Maize","Imports (Tons)","Tons","2003","46"
"Togo","1.1.1.2. Maize","Imports (Tons)","Tons","2004","46"
"Togo","1.1.1.2. Maize","Imports (Tons)","Tons","2005","46"
"Togo","1.1.1.2. Maize","Imports (Tons)","Tons","2006","46"
"Togo","1.1.1.2. Maize","Imports (Tons)","Tons","2007","46"
"Togo","1.1.1.2. Maize","Imports (Tons)","Tons","2008","46"
"Togo","1.1.1.2. Maize","Imports (Tons)","Tons","2009","46"
"Togo","1.1.1.2. Maize","Imports (Tons)","Tons","2010","46"
"Togo","1.1.1.2. Maize","Imports (Tons)","Tons","2011","46"
"Togo","1.1.1.2. Maize","Imports (Tons)","Tons","2012","46"
"Togo","1.1.1.2. Maize","Imports (Tons)","Tons","2013","46"
"Togo","1.1.1.2. Maize","Imports (Tons)","Tons","2014","46"
"Togo","1.1.1.2. Maize","Imports (Tons)","Tons","2015","46"
"Togo","1.1.1.2. Maize","Imports (Tons)","Tons","2016","46"
"Togo","1.1.1.2. Maize","Imports (Tons)","Tons","2017","46"
"Togo","1.1.1.2. Maize","Imports (Tons)","Tons","2018","46"
"Togo","1.1.1.2. Maize","Imports (Tons)","Tons","2019","46"
"Togo","1.1.1.2. Maize","Imports (Tons)","Tons","2020","46"
"Togo","1.1.1.2. Maize","Imports (Tons)","Tons","2021","46"
"Togo","1.1.1.2. Maize","Imports (Tons)","Tons","2022","46"
"Togo","1.1.1.2. Maize","Exports (Tons)","Tons","2000","15"
"Togo","1.1.1.2. Maize","Exports (Tons)","Tons","2001","15"
"Togo","1.1.1.2. Maize","Exports (Tons)","Tons","2002","15"
"Togo","1.1.1.2. Maize","Exports (Tons)","Tons","2003","15"
"Togo","1.1.1.2. Maize","Exports (Tons)","Tons","2004","15"
"Togo","1.1.1.2. Maize","Exports (Tons)","Tons","2005","15"
"Togo","1.1.1.2. Maize","Exports (Tons)","Tons","2006","15"
"Togo","1.1.1.2. Maize","Exports (Tons)","Tons","2007","15"
"Togo","1.1.1.2. Maize","Exports (Tons)","Tons","2008","15"
"Togo","1.1.1.2. Maize","Exports (Tons)","Tons","2009","15"
"Togo","1.1.1.2. Maize","Exports (Tons)","Tons","2010","15"
"Togo","1.1.1.2. Maize","Exports (Tons)","Tons","2011","15"
"Togo","1.1.1.2. Maize","Exports (Tons)","Tons","2012","15"
"Togo","1.1.1.2. Maize","Exports (Tons)","Tons","2013","15"
"Togo","1.1.1.2. Maize","Exports (Tons)","Tons","2014","15"
"Togo","1.1.1.2. Maize","Exports (Tons)","Tons","2015","15"
"Togo","1.1.1.2. Maize","Exports (Tons)","Tons","2016","15"
"Togo","1.1.1.2. Maize","Exports (Tons)","Tons","2017","15"
"Togo","1.1.1.2. Maize","Exports (Tons)","Tons","2018","15"
"Togo","1.1.1.2. Maize","Exports (Tons)","Tons","2019","15"
"Togo","1.1.1.2. Maize","Exports (Tons)","Tons","2020","15"
"Togo","1.1.1.2. Maize","Exports (Tons)","Tons","2021","15"
"Togo","1.1.1.2. Maize","Exports (Tons)","Tons","2022","15"
"Togo","1.1.1.2. Maize","Seed (Tons)","Tons","2022","131.22"
"Togo","1.1.1.3. Barley","Imports (Tons)","","2001","0"
"Togo","1.1.1.4. Sorghum","Area planted (Ha)","Ha","2000","181884"
"Togo","1.1.1.4. Sorghum","Area planted (Ha)","Ha","2001","183674"
"Togo","1.1.1.4. Sorghum","Area planted (Ha)","Ha","2002","195184"
"Togo","1.1.1.4. Sorghum","Area planted (Ha)","Ha","2003","177277"
"Togo","1.1.1.4. Sorghum","Area planted (Ha)","Ha","2004","167488"
"Togo","1.1.1.4. Sorghum","Area planted (Ha)","Ha","2005","209754"
"Togo","1.1.1.4. Sorghum","Area planted (Ha)","Ha","2006","215456"
"Togo","1.1.1.4. Sorghum","Area planted (Ha)","Ha","2007","211779"
"Togo","1.1.1.4. Sorghum","Area planted (Ha)","Ha","2008","213007"
"Togo","1.1.1.4. Sorghum","Area planted (Ha)","Ha","2009","216435.52"
"Togo","1.1.1.4. Sorghum","Area planted (Ha)","Ha","2010","202319"
"Togo","1.1.1.4. Sorghum","Area planted (Ha)","Ha","2011","220917"
"Togo","1.1.1.4. Sorghum","Area planted (Ha)","Ha","2012","345111"
"Togo","1.1.1.4. Sorghum","Area planted (Ha)","Ha","2013","302123"
"Togo","1.1.1.4. Sorghum","Area planted (Ha)","Ha","2014","313039.0604"
"Togo","1.1.1.4. Sorghum","Area planted (Ha)","Ha","2015","304185"
"Togo","1.1.1.4. Sorghum","Area planted (Ha)","Ha","2016","317189"
"Togo","1.1.1.4. Sorghum","Area planted (Ha)","Ha","2017","315541.8763"
"Togo","1.1.1.4. Sorghum","Area planted (Ha)","Ha","2018","318834.329"
"Togo","1.1.1.4. Sorghum","Area planted (Ha)","Ha","2019","317825.988834573"
"Togo","1.1.1.4. Sorghum","Area planted (Ha)","Ha","2020","311244.574553312"
"Togo","1.1.1.4. Sorghum","Area planted (Ha)","Ha","2021","316034"
"Togo","1.1.1.4. Sorghum","Area planted (Ha)","Ha","2022","317571"
"Togo","1.1.1.4. Sorghum","Area harvested (Ha)","Ha","2000","181884"
"Togo","1.1.1.4. Sorghum","Area harvested (Ha)","Ha","2001","183674"
"Togo","1.1.1.4. Sorghum","Area harvested (Ha)","Ha","2002","195184"
"Togo","1.1.1.4. Sorghum","Area harvested (Ha)","Ha","2003","177277"
"Togo","1.1.1.4. Sorghum","Area harvested (Ha)","Ha","2004","167488"
"Togo","1.1.1.4. Sorghum","Area harvested (Ha)","Ha","2005","209754"
"Togo","1.1.1.4. Sorghum","Area harvested (Ha)","Ha","2006","215456"
"Togo","1.1.1.4. Sorghum","Area harvested (Ha)","Ha","2007","211779"
"Togo","1.1.1.4. Sorghum","Area harvested (Ha)","Ha","2008","213007"
"Togo","1.1.1.4. Sorghum","Area harvested (Ha)","Ha","2009","216435.52"
"Togo","1.1.1.4. Sorghum","Area harvested (Ha)","Ha","2010","202319"
"Togo","1.1.1.4. Sorghum","Area harvested (Ha)","Ha","2011","220917"
"Togo","1.1.1.4. Sorghum","Area harvested (Ha)","Ha","2012","345111"
"Togo","1.1.1.4. Sorghum","Area harvested (Ha)","Ha","2013","302123"
"Togo","1.1.1.4. Sorghum","Area harvested (Ha)","Ha","2014","313039.0604"
"Togo","1.1.1.4. Sorghum","Area harvested (Ha)","Ha","2015","304185"
"Togo","1.1.1.4. Sorghum","Area harvested (Ha)","Ha","2016","317189"
"Togo","1.1.1.4. Sorghum","Area harvested (Ha)","Ha","2017","315541.8763"
"Togo","1.1.1.4. Sorghum","Area harvested (Ha)","Ha","2018","318834.329"
"Togo","1.1.1.4. Sorghum","Area harvested (Ha)","Ha","2019","317825.988834573"
"Togo","1.1.1.4. Sorghum","Area harvested (Ha)","Ha","2020","311244.574553312"
"Togo","1.1.1.4. Sorghum","Area harvested (Ha)","Ha","2021","316034"
"Togo","1.1.1.4. Sorghum","Area harvested (Ha)","Ha","2022","317571"
"Togo","1.1.1.4. Sorghum","Yield on area harvested (Kg/Ha)","KG/HA","2000","870"
"Togo","1.1.1.4. Sorghum","Yield on area harvested (Kg/Ha)","KG/HA","2001","771.59532650239"
"Togo","1.1.1.4. Sorghum","Yield on area harvested (Kg/Ha)","KG/HA","2002","861.663865890647"
"Togo","1.1.1.4. Sorghum","Yield on area harvested (Kg/Ha)","KG/HA","2003","921.270102720601"
"Togo","1.1.1.4. Sorghum","Yield on area harvested (Kg/Ha)","KG/HA","2004","1013.69650363011"
"Togo","1.1.1.4. Sorghum","Yield on area harvested (Kg/Ha)","KG/HA","2005","982"
"Togo","1.1.1.4. Sorghum","Yield on area harvested (Kg/Ha)","KG/HA","2006","1042.55161146591"
"Togo","1.1.1.4. Sorghum","Yield on area harvested (Kg/Ha)","KG/HA","2007","1027"
"Togo","1.1.1.4. Sorghum","Yield on area harvested (Kg/Ha)","KG/HA","2008","1059"
"Togo","1.1.1.4. Sorghum","Yield on area harvested (Kg/Ha)","KG/HA","2009","1098.08572"
"Togo","1.1.1.4. Sorghum","Yield on area harvested (Kg/Ha)","KG/HA","2010","1209.347614"
"Togo","1.1.1.4. Sorghum","Yield on area harvested (Kg/Ha)","KG/HA","2011","1101.169217"
"Togo","1.1.1.4. Sorghum","Yield on area harvested (Kg/Ha)","KG/HA","2012","832"
"Togo","1.1.1.4. Sorghum","Yield on area harvested (Kg/Ha)","KG/HA","2013","944.3703392"
"Togo","1.1.1.4. Sorghum","Yield on area harvested (Kg/Ha)","KG/HA","2014","934.6032588"
"Togo","1.1.1.4. Sorghum","Yield on area harvested (Kg/Ha)","KG/HA","2015","847.7901211"
"Togo","1.1.1.4. Sorghum","Yield on area harvested (Kg/Ha)","KG/HA","2016","859.9794318"
"Togo","1.1.1.4. Sorghum","Yield on area harvested (Kg/Ha)","KG/HA","2017","875.21587"
"Togo","1.1.1.4. Sorghum","Yield on area harvested (Kg/Ha)","KG/HA","2018","869.5423826"
"Togo","1.1.1.4. Sorghum","Yield on area harvested (Kg/Ha)","KG/HA","2019","889.108269665341"
"Togo","1.1.1.4. Sorghum","Yield on area harvested (Kg/Ha)","KG/HA","2020","900"
"Togo","1.1.1.4. Sorghum","Yield on area harvested (Kg/Ha)","KG/HA","2021","876.443673781935"
"Togo","1.1.1.4. Sorghum","Yield on area harvested (Kg/Ha)","KG/HA","2022","884"
"Togo","1.1.1.4. Sorghum","Production on area harvested (Tons)","Tons","2000","155401"
"Togo","1.1.1.4. Sorghum","Production on area harvested (Tons)","Tons","2001","163271"
"Togo","1.1.1.4. Sorghum","Production on area harvested (Tons)","Tons","2002","168983"
"Togo","1.1.1.4. Sorghum","Production on area harvested (Tons)","Tons","2003","155569"
"Togo","1.1.1.4. Sorghum","Production on area harvested (Tons)","Tons","2004","169782"
"Togo","1.1.1.4. Sorghum","Production on area harvested (Tons)","Tons","2005","206032"
"Togo","1.1.1.4. Sorghum","Production on area harvested (Tons)","Tons","2006","221155"
"Togo","1.1.1.4. Sorghum","Production on area harvested (Tons)","Tons","2007","210298"
"Togo","1.1.1.4. Sorghum","Production on area harvested (Tons)","Tons","2008","211257"
"Togo","1.1.1.4. Sorghum","Production on area harvested (Tons)","Tons","2009","237664.7537"
"Togo","1.1.1.4. Sorghum","Production on area harvested (Tons)","Tons","2010","244674"
"Togo","1.1.1.4. Sorghum","Production on area harvested (Tons)","Tons","2011","243267"
"Togo","1.1.1.4. Sorghum","Production on area harvested (Tons)","Tons","2012","250892"
"Togo","1.1.1.4. Sorghum","Production on area harvested (Tons)","Tons","2013","285316"
"Togo","1.1.1.4. Sorghum","Production on area harvested (Tons)","Tons","2014","307579"
"Togo","1.1.1.4. Sorghum","Production on area harvested (Tons)","Tons","2015","270863"
"Togo","1.1.1.4. Sorghum","Production on area harvested (Tons)","Tons","2016","272776.016"
"Togo","1.1.1.4. Sorghum","Production on area harvested (Tons)","Tons","2017","276167.2578"
"Togo","1.1.1.4. Sorghum","Production on area harvested (Tons)","Tons","2018","277239.9621"
"Togo","1.1.1.4. Sorghum","Production on area harvested (Tons)","Tons","2019","282581.714987383"
"Togo","1.1.1.4. Sorghum","Production on area harvested (Tons)","Tons","2020","279105.203482086"
"Togo","1.1.1.4. Sorghum","Production on area harvested (Tons)","Tons","2021","276986"
"Togo","1.1.1.4. Sorghum","Production on area harvested (Tons)","Tons","2022","280809"
"Togo","1.1.1.4. Sorghum","Imports (Tons)","","2004","47"
"Togo","1.1.1.4. Sorghum","Imports (Tons)","","2008","21"
"Togo","1.1.1.4. Sorghum","Imports (Tons)","","2009","0"
"Togo","1.1.1.4. Sorghum","Imports (Tons)","","2010","0"
"Togo","1.1.1.4. Sorghum","Imports (Tons)","","2011","0"
"Togo","1.1.1.4. Sorghum","Imports (Tons)","","2012","0"
"Togo","1.1.1.4. Sorghum","Imports (Tons)","","2013","0"
"Togo","1.1.1.4. Sorghum","Imports (Tons)","","2014","0"
"Togo","1.1.1.4. Sorghum","Imports (Tons)","","2015","0"
"Togo","1.1.1.4. Sorghum","Imports (Tons)","","2016","0"
"Togo","1.1.1.4. Sorghum","Imports (Tons)","","2017","0"
"Togo","1.1.1.4. Sorghum","Imports (Tons)","","2018","0"
"Togo","1.1.1.4. Sorghum","Imports (Tons)","","2019","0"
"Togo","1.1.1.4. Sorghum","Imports (Tons)","","2020","1.2"
"Togo","1.1.1.4. Sorghum","Imports (Tons)","","2022","73"
"Togo","1.1.1.4. Sorghum","Exports (Tons)","Tons","2000","2"
"Togo","1.1.1.4. Sorghum","Exports (Tons)","Tons","2001","0"
"Togo","1.1.1.4. Sorghum","Exports (Tons)","Tons","2003","20"
"Togo","1.1.1.4. Sorghum","Exports (Tons)","Tons","2004","38"
"Togo","1.1.1.4. Sorghum","Exports (Tons)","Tons","2005","24"
"Togo","1.1.1.4. Sorghum","Exports (Tons)","Tons","2008","0"
"Togo","1.1.1.4. Sorghum","Exports (Tons)","Tons","2009","0"
"Togo","1.1.1.4. Sorghum","Exports (Tons)","Tons","2010","0"
"Togo","1.1.1.4. Sorghum","Exports (Tons)","Tons","2011","0"
"Togo","1.1.1.4. Sorghum","Exports (Tons)","Tons","2012","0"
"Togo","1.1.1.4. Sorghum","Exports (Tons)","Tons","2013","0"
"Togo","1.1.1.4. Sorghum","Exports (Tons)","Tons","2014","20"
"Togo","1.1.1.4. Sorghum","Exports (Tons)","Tons","2015","120"
"Togo","1.1.1.4. Sorghum","Exports (Tons)","Tons","2016","5.958"
"Togo","1.1.1.4. Sorghum","Exports (Tons)","Tons","2017","16.422"
"Togo","1.1.1.4. Sorghum","Exports (Tons)","Tons","2018","15.68"
"Togo","1.1.1.4. Sorghum","Exports (Tons)","Tons","2019","7.84"
"Togo","1.1.1.4. Sorghum","Exports (Tons)","Tons","2020","0"
"Togo","1.1.1.5. Rice, paddy","Area planted (Ha)","Ha","2000","32413"
"Togo","1.1.1.5. Rice, paddy","Area planted (Ha)","Ha","2001","32110"
"Togo","1.1.1.5. Rice, paddy","Area planted (Ha)","Ha","2002","32017"
"Togo","1.1.1.5. Rice, paddy","Area planted (Ha)","Ha","2003","28594"
"Togo","1.1.1.5. Rice, paddy","Area planted (Ha)","Ha","2004","32276"
"Togo","1.1.1.5. Rice, paddy","Area planted (Ha)","Ha","2005","32711"
"Togo","1.1.1.5. Rice, paddy","Area planted (Ha)","Ha","2006","30723"
"Togo","1.1.1.5. Rice, paddy","Area planted (Ha)","Ha","2007","32717"
"Togo","1.1.1.5. Rice, paddy","Area planted (Ha)","Ha","2008","36492"
"Togo","1.1.1.5. Rice, paddy","Area planted (Ha)","Ha","2009","45701.9"
"Togo","1.1.1.5. Rice, paddy","Area planted (Ha)","Ha","2010","47403"
"Togo","1.1.1.5. Rice, paddy","Area planted (Ha)","Ha","2011","44713"
"Togo","1.1.1.5. Rice, paddy","Area planted (Ha)","Ha","2012","104043"
"Togo","1.1.1.5. Rice, paddy","Area planted (Ha)","Ha","2013","92239"
"Togo","1.1.1.5. Rice, paddy","Area planted (Ha)","Ha","2014","86515.27975"
"Togo","1.1.1.5. Rice, paddy","Area planted (Ha)","Ha","2015","81600.99143"
"Togo","1.1.1.5. Rice, paddy","Area planted (Ha)","Ha","2016","82914"
"Togo","1.1.1.5. Rice, paddy","Area planted (Ha)","Ha","2017","84395.0878"
"Togo","1.1.1.5. Rice, paddy","Area planted (Ha)","Ha","2018","86805.00691"
"Togo","1.1.1.5. Rice, paddy","Area planted (Ha)","Ha","2019","89677.5865691995"
"Togo","1.1.1.5. Rice, paddy","Area planted (Ha)","Ha","2020","94894.9433772953"
"Togo","1.1.1.5. Rice, paddy","Area planted (Ha)","Ha","2021","98133"
"Togo","1.1.1.5. Rice, paddy","Area planted (Ha)","Ha","2022","99958"
"Togo","1.1.1.5. Rice, paddy","Area harvested (Ha)","Ha","2000","32413"
"Togo","1.1.1.5. Rice, paddy","Area harvested (Ha)","Ha","2001","32110"
"Togo","1.1.1.5. Rice, paddy","Area harvested (Ha)","Ha","2002","32017"
"Togo","1.1.1.5. Rice, paddy","Area harvested (Ha)","Ha","2003","28594"
"Togo","1.1.1.5. Rice, paddy","Area harvested (Ha)","Ha","2004","32276"
"Togo","1.1.1.5. Rice, paddy","Area harvested (Ha)","Ha","2005","32711"
"Togo","1.1.1.5. Rice, paddy","Area harvested (Ha)","Ha","2006","30723"
"Togo","1.1.1.5. Rice, paddy","Area harvested (Ha)","Ha","2007","32717"
"Togo","1.1.1.5. Rice, paddy","Area harvested (Ha)","Ha","2008","36492"
"Togo","1.1.1.5. Rice, paddy","Area harvested (Ha)","Ha","2009","45701.9"
"Togo","1.1.1.5. Rice, paddy","Area harvested (Ha)","Ha","2010","47403"
"Togo","1.1.1.5. Rice, paddy","Area harvested (Ha)","Ha","2011","44713"
"Togo","1.1.1.5. Rice, paddy","Area harvested (Ha)","Ha","2012","104043"
"Togo","1.1.1.5. Rice, paddy","Area harvested (Ha)","Ha","2013","92239"
"Togo","1.1.1.5. Rice, paddy","Area harvested (Ha)","Ha","2014","86515.27975"
"Togo","1.1.1.5. Rice, paddy","Area harvested (Ha)","Ha","2015","81600.99143"
"Togo","1.1.1.5. Rice, paddy","Area harvested (Ha)","Ha","2016","82914"
"Togo","1.1.1.5. Rice, paddy","Area harvested (Ha)","Ha","2017","84395.0878"
"Togo","1.1.1.5. Rice, paddy","Area harvested (Ha)","Ha","2018","86805.00691"
"Togo","1.1.1.5. Rice, paddy","Area harvested (Ha)","Ha","2019","89677.5865691995"
"Togo","1.1.1.5. Rice, paddy","Area harvested (Ha)","Ha","2020","94894.9433772953"
"Togo","1.1.1.5. Rice, paddy","Area harvested (Ha)","Ha","2021","98133"
"Togo","1.1.1.5. Rice, paddy","Area harvested (Ha)","Ha","2022","99958"
"Togo","1.1.1.5. Rice, paddy","Area irrigated (Ha)","","2000","2.083"
"Togo","1.1.1.5. Rice, paddy","Area irrigated (Ha)","","2001","2.336"
"Togo","1.1.1.5. Rice, paddy","Area irrigated (Ha)","","2002","2.57"
"Togo","1.1.1.5. Rice, paddy","Area irrigated (Ha)","","2003","2.743"
"Togo","1.1.1.5. Rice, paddy","Area irrigated (Ha)","","2004","2.572"
"Togo","1.1.1.5. Rice, paddy","Area irrigated (Ha)","","2005","2.209"
"Togo","1.1.1.5. Rice, paddy","Area irrigated (Ha)","","2006","2.553"
"Togo","1.1.1.5. Rice, paddy","Area irrigated (Ha)","","2007","2.834"
"Togo","1.1.1.5. Rice, paddy","Area irrigated (Ha)","","2008","2.689"
"Togo","1.1.1.5. Rice, paddy","Area irrigated (Ha)","","2009","2.65404099806135"
"Togo","1.1.1.5. Rice, paddy","Area irrigated (Ha)","","2010","2.32282766913487"
"Togo","1.1.1.5. Rice, paddy","Area irrigated (Ha)","","2011","2.51005300471899"
"Togo","1.1.1.5. Rice, paddy","Area irrigated (Ha)","","2012","1.627"
"Togo","1.1.1.5. Rice, paddy","Area irrigated (Ha)","","2013","1.78880950574052"
"Togo","1.1.1.5. Rice, paddy","Area irrigated (Ha)","","2014","1.76478227502119"
"Togo","1.1.1.5. Rice, paddy","Area irrigated (Ha)","","2015","1.72733195426257"
"Togo","1.1.1.5. Rice, paddy","Area irrigated (Ha)","","2016","1.65359369949586"
"Togo","1.1.1.5. Rice, paddy","Area irrigated (Ha)","","2017","1.66501427266757"
"Togo","1.1.1.5. Rice, paddy","Area irrigated (Ha)","","2018","1.67604032315734"
"Togo","1.1.1.5. Rice, paddy","Area irrigated (Ha)","","2019","1.63979339076619"
"Togo","1.1.1.5. Rice, paddy","Area irrigated (Ha)","","2020","1.68451095878734"
"Togo","1.1.1.5. Rice, paddy","Yield on area harvested (Kg/Ha)","KG/HA","2000","2083"
"Togo","1.1.1.5. Rice, paddy","Yield on area harvested (Kg/Ha)","KG/HA","2001","2336"
"Togo","1.1.1.5. Rice, paddy","Yield on area harvested (Kg/Ha)","KG/HA","2002","2570"
"Togo","1.1.1.5. Rice, paddy","Yield on area harvested (Kg/Ha)","KG/HA","2003","2743"
"Togo","1.1.1.5. Rice, paddy","Yield on area harvested (Kg/Ha)","KG/HA","2004","2572"
"Togo","1.1.1.5. Rice, paddy","Yield on area harvested (Kg/Ha)","KG/HA","2005","2209"
"Togo","1.1.1.5. Rice, paddy","Yield on area harvested (Kg/Ha)","KG/HA","2006","2553"
"Togo","1.1.1.5. Rice, paddy","Yield on area harvested (Kg/Ha)","KG/HA","2007","2834"
"Togo","1.1.1.5. Rice, paddy","Yield on area harvested (Kg/Ha)","KG/HA","2008","2689"
"Togo","1.1.1.5. Rice, paddy","Yield on area harvested (Kg/Ha)","KG/HA","2009","2654.040998"
"Togo","1.1.1.5. Rice, paddy","Yield on area harvested (Kg/Ha)","KG/HA","2010","2322.827669"
"Togo","1.1.1.5. Rice, paddy","Yield on area harvested (Kg/Ha)","KG/HA","2011","2510.053005"
"Togo","1.1.1.5. Rice, paddy","Yield on area harvested (Kg/Ha)","KG/HA","2012","1627"
"Togo","1.1.1.5. Rice, paddy","Yield on area harvested (Kg/Ha)","KG/HA","2013","1788.809506"
"Togo","1.1.1.5. Rice, paddy","Yield on area harvested (Kg/Ha)","KG/HA","2014","1764.782275"
"Togo","1.1.1.5. Rice, paddy","Yield on area harvested (Kg/Ha)","KG/HA","2015","1727.331954"
"Togo","1.1.1.5. Rice, paddy","Yield on area harvested (Kg/Ha)","KG/HA","2016","1653.593699"
"Togo","1.1.1.5. Rice, paddy","Yield on area harvested (Kg/Ha)","KG/HA","2017","1665.014273"
"Togo","1.1.1.5. Rice, paddy","Yield on area harvested (Kg/Ha)","KG/HA","2018","1676.040323"
"Togo","1.1.1.5. Rice, paddy","Yield on area harvested (Kg/Ha)","KG/HA","2019","1639.79339076619"
"Togo","1.1.1.5. Rice, paddy","Yield on area harvested (Kg/Ha)","KG/HA","2020","1684.51095878734"
"Togo","1.1.1.5. Rice, paddy","Yield on area harvested (Kg/Ha)","KG/HA","2021","1686.90450714846"
"Togo","1.1.1.5. Rice, paddy","Yield on area harvested (Kg/Ha)","KG/HA","2022","1697"
"Togo","1.1.1.5. Rice, paddy","Production on area harvested (Tons)","Tons","2000","59306"
"Togo","1.1.1.5. Rice, paddy","Production on area harvested (Tons)","Tons","2001","64082"
"Togo","1.1.1.5. Rice, paddy","Production on area harvested (Tons)","Tons","2002","69246"
"Togo","1.1.1.5. Rice, paddy","Production on area harvested (Tons)","Tons","2003","62107"
"Togo","1.1.1.5. Rice, paddy","Production on area harvested (Tons)","Tons","2004","68519"
"Togo","1.1.1.5. Rice, paddy","Production on area harvested (Tons)","Tons","2005","72858"
"Togo","1.1.1.5. Rice, paddy","Production on area harvested (Tons)","Tons","2006","76287"
"Togo","1.1.1.5. Rice, paddy","Production on area harvested (Tons)","Tons","2007","80418"
"Togo","1.1.1.5. Rice, paddy","Production on area harvested (Tons)","Tons","2008","85637"
"Togo","1.1.1.5. Rice, paddy","Production on area harvested (Tons)","Tons","2009","121294.7163"
"Togo","1.1.1.5. Rice, paddy","Production on area harvested (Tons)","Tons","2010","110109"
"Togo","1.1.1.5. Rice, paddy","Production on area harvested (Tons)","Tons","2011","112232"
"Togo","1.1.1.5. Rice, paddy","Production on area harvested (Tons)","Tons","2012","169272.523"
"Togo","1.1.1.5. Rice, paddy","Production on area harvested (Tons)","Tons","2013","168325.6923"
"Togo","1.1.1.5. Rice, paddy","Production on area harvested (Tons)","Tons","2014","147929.8383"
"Togo","1.1.1.5. Rice, paddy","Production on area harvested (Tons)","Tons","2015","140952"
"Togo","1.1.1.5. Rice, paddy","Production on area harvested (Tons)","Tons","2016","137106.068"
"Togo","1.1.1.5. Rice, paddy","Production on area harvested (Tons)","Tons","2017","140519.0257"
"Togo","1.1.1.5. Rice, paddy","Production on area harvested (Tons)","Tons","2018","145488.6918"
"Togo","1.1.1.5. Rice, paddy","Production on area harvested (Tons)","Tons","2019","147052.713756036"
"Togo","1.1.1.5. Rice, paddy","Production on area harvested (Tons)","Tons","2020","159851.942073763"
"Togo","1.1.1.5. Rice, paddy","Production on area harvested (Tons)","Tons","2021","165541"
"Togo","1.1.1.5. Rice, paddy","Production on area harvested (Tons)","Tons","2022","169608"
"Togo","1.1.1.5. Rice, paddy","Imports (Tons)","Tons","2000","3"
"Togo","1.1.1.5. Rice, paddy","Imports (Tons)","Tons","2001","0"
"Togo","1.1.1.5. Rice, paddy","Imports (Tons)","Tons","2004","2"
"Togo","1.1.1.5. Rice, paddy","Imports (Tons)","Tons","2005","0"
"Togo","1.1.1.5. Rice, paddy","Imports (Tons)","Tons","2008","1064.73"
"Togo","1.1.1.5. Rice, paddy","Imports (Tons)","Tons","2009","112.014"
"Togo","1.1.1.5. Rice, paddy","Imports (Tons)","Tons","2010","0"
"Togo","1.1.1.5. Rice, paddy","Imports (Tons)","Tons","2011","240"
"Togo","1.1.1.5. Rice, paddy","Imports (Tons)","Tons","2012","0.568"
"Togo","1.1.1.5. Rice, paddy","Imports (Tons)","Tons","2013","3685.497"
"Togo","1.1.1.5. Rice, paddy","Imports (Tons)","Tons","2014","0"
"Togo","1.1.1.5. Rice, paddy","Imports (Tons)","Tons","2015","35"
"Togo","1.1.1.5. Rice, paddy","Imports (Tons)","Tons","2016","6.051"
"Togo","1.1.1.5. Rice, paddy","Imports (Tons)","Tons","2017","71.76"
"Togo","1.1.1.5. Rice, paddy","Imports (Tons)","Tons","2018","19.603"
"Togo","1.1.1.5. Rice, paddy","Imports (Tons)","Tons","2019","0"
"Togo","1.1.1.5. Rice, paddy","Imports (Tons)","Tons","2020","528.162"
"Togo","1.1.1.5. Rice, paddy","Imports (Tons)","Tons","2021","1590.95"
"Togo","1.1.1.5. Rice, paddy","Imports (Tons)","Tons","2022","1524.55"
"Togo","1.1.1.5. Rice, paddy","Exports (Tons)","","2000","0"
"Togo","1.1.1.5. Rice, paddy","Exports (Tons)","","2001","0"
"Togo","1.1.1.5. Rice, paddy","Exports (Tons)","","2008","0"
"Togo","1.1.1.5. Rice, paddy","Exports (Tons)","","2009","0"
"Togo","1.1.1.5. Rice, paddy","Exports (Tons)","","2010","0"
"Togo","1.1.1.5. Rice, paddy","Exports (Tons)","","2011","0"
"Togo","1.1.1.5. Rice, paddy","Exports (Tons)","","2012","332.2"
"Togo","1.1.1.5. Rice, paddy","Exports (Tons)","","2013","0.4"
"Togo","1.1.1.5. Rice, paddy","Exports (Tons)","","2014","0"
"Togo","1.1.1.5. Rice, paddy","Exports (Tons)","","2015","0"
"Togo","1.1.1.5. Rice, paddy","Exports (Tons)","","2016","0"
"Togo","1.1.1.5. Rice, paddy","Exports (Tons)","","2017","0"
"Togo","1.1.1.5. Rice, paddy","Exports (Tons)","","2018","0"
"Togo","1.1.1.5. Rice, paddy","Exports (Tons)","","2019","0"
"Togo","1.1.1.5. Rice, paddy","Exports (Tons)","","2020","0"
"Togo","1.1.1.5. Rice, paddy","Exports (Tons)","","2021","0"
"Togo","1.1.1.6. Millet","Area planted (Ha)","Ha","2000","79580"
"Togo","1.1.1.6. Millet","Area planted (Ha)","Ha","2001","78580"
"Togo","1.1.1.6. Millet","Area planted (Ha)","Ha","2002","76169"
"Togo","1.1.1.6. Millet","Area planted (Ha)","Ha","2003","67681"
"Togo","1.1.1.6. Millet","Area planted (Ha)","Ha","2004","49362"
"Togo","1.1.1.6. Millet","Area planted (Ha)","Ha","2005","51358"
"Togo","1.1.1.6. Millet","Area planted (Ha)","Ha","2006","61748"
"Togo","1.1.1.6. Millet","Area planted (Ha)","Ha","2007","72481"
"Togo","1.1.1.6. Millet","Area planted (Ha)","Ha","2008","72048"
"Togo","1.1.1.6. Millet","Area planted (Ha)","Ha","2009","71467.968"
"Togo","1.1.1.6. Millet","Area planted (Ha)","Ha","2010","73776"
"Togo","1.1.1.6. Millet","Area planted (Ha)","Ha","2011","73356"
"Togo","1.1.1.6. Millet","Area planted (Ha)","Ha","2012","58441"
"Togo","1.1.1.6. Millet","Area planted (Ha)","Ha","2013","50523"
"Togo","1.1.1.6. Millet","Area planted (Ha)","Ha","2014","51804"
"Togo","1.1.1.6. Millet","Area planted (Ha)","Ha","2015","54002"
"Togo","1.1.1.6. Millet","Area planted (Ha)","Ha","2016","60416.97308"
"Togo","1.1.1.6. Millet","Area planted (Ha)","Ha","2017","43912.0701"
"Togo","1.1.1.6. Millet","Area planted (Ha)","Ha","2018","38571.84449"
"Togo","1.1.1.6. Millet","Area planted (Ha)","Ha","2019","44776.8657229804"
"Togo","1.1.1.6. Millet","Area planted (Ha)","Ha","2020","45385"
"Togo","1.1.1.6. Millet","Area planted (Ha)","Ha","2021","46596"
"Togo","1.1.1.6. Millet","Area planted (Ha)","Ha","2022","46942"
"Togo","1.1.1.6. Millet","Area harvested (Ha)","Ha","2000","79580"
"Togo","1.1.1.6. Millet","Area harvested (Ha)","Ha","2001","78580"
"Togo","1.1.1.6. Millet","Area harvested (Ha)","Ha","2002","76169"
"Togo","1.1.1.6. Millet","Area harvested (Ha)","Ha","2003","67681"
"Togo","1.1.1.6. Millet","Area harvested (Ha)","Ha","2004","49362"
"Togo","1.1.1.6. Millet","Area harvested (Ha)","Ha","2005","51358"
"Togo","1.1.1.6. Millet","Area harvested (Ha)","Ha","2006","61748"
"Togo","1.1.1.6. Millet","Area harvested (Ha)","Ha","2007","72481"
"Togo","1.1.1.6. Millet","Area harvested (Ha)","Ha","2008","72048"
"Togo","1.1.1.6. Millet","Area harvested (Ha)","Ha","2009","71467.968"
"Togo","1.1.1.6. Millet","Area harvested (Ha)","Ha","2010","73776"
"Togo","1.1.1.6. Millet","Area harvested (Ha)","Ha","2011","73356"
"Togo","1.1.1.6. Millet","Area harvested (Ha)","Ha","2012","58441"
"Togo","1.1.1.6. Millet","Area harvested (Ha)","Ha","2013","50523"
"Togo","1.1.1.6. Millet","Area harvested (Ha)","Ha","2014","51804"
"Togo","1.1.1.6. Millet","Area harvested (Ha)","Ha","2015","54002"
"Togo","1.1.1.6. Millet","Area harvested (Ha)","Ha","2016","60416.97308"
"Togo","1.1.1.6. Millet","Area harvested (Ha)","Ha","2017","43912.0701"
"Togo","1.1.1.6. Millet","Area harvested (Ha)","Ha","2018","38571.84449"
"Togo","1.1.1.6. Millet","Area harvested (Ha)","Ha","2019","44776.8657229804"
"Togo","1.1.1.6. Millet","Area harvested (Ha)","Ha","2020","45385"
"Togo","1.1.1.6. Millet","Area harvested (Ha)","Ha","2021","46596"
"Togo","1.1.1.6. Millet","Area harvested (Ha)","Ha","2022","46942"
"Togo","1.1.1.6. Millet","Yield on area harvested (Kg/Ha)","KG/HA","2000","620"
"Togo","1.1.1.6. Millet","Yield on area harvested (Kg/Ha)","KG/HA","2001","640"
"Togo","1.1.1.6. Millet","Yield on area harvested (Kg/Ha)","KG/HA","2002","679.09517"
"Togo","1.1.1.6. Millet","Yield on area harvested (Kg/Ha)","KG/HA","2003","696.4436105"
"Togo","1.1.1.6. Millet","Yield on area harvested (Kg/Ha)","KG/HA","2004","709.4120984"
"Togo","1.1.1.6. Millet","Yield on area harvested (Kg/Ha)","KG/HA","2005","820.8847697"
"Togo","1.1.1.6. Millet","Yield on area harvested (Kg/Ha)","KG/HA","2006","686.8724493"
"Togo","1.1.1.6. Millet","Yield on area harvested (Kg/Ha)","KG/HA","2007","758"
"Togo","1.1.1.6. Millet","Yield on area harvested (Kg/Ha)","KG/HA","2008","778"
"Togo","1.1.1.6. Millet","Yield on area harvested (Kg/Ha)","KG/HA","2009","687.6602941"
"Togo","1.1.1.6. Millet","Yield on area harvested (Kg/Ha)","KG/HA","2010","654.1964867"
"Togo","1.1.1.6. Millet","Yield on area harvested (Kg/Ha)","KG/HA","2011","686.5559736"
"Togo","1.1.1.6. Millet","Yield on area harvested (Kg/Ha)","KG/HA","2012","502"
"Togo","1.1.1.6. Millet","Yield on area harvested (Kg/Ha)","KG/HA","2013","1275.478495"
"Togo","1.1.1.6. Millet","Yield on area harvested (Kg/Ha)","KG/HA","2014","624.6867401"
"Togo","1.1.1.6. Millet","Yield on area harvested (Kg/Ha)","KG/HA","2015","740.7518057"
"Togo","1.1.1.6. Millet","Yield on area harvested (Kg/Ha)","KG/HA","2016","829.8543597"
"Togo","1.1.1.6. Millet","Yield on area harvested (Kg/Ha)","KG/HA","2017","593.0977643"
"Togo","1.1.1.6. Millet","Yield on area harvested (Kg/Ha)","KG/HA","2018","586.3869616"
"Togo","1.1.1.6. Millet","Yield on area harvested (Kg/Ha)","KG/HA","2019","598.689520009408"
"Togo","1.1.1.6. Millet","Yield on area harvested (Kg/Ha)","KG/HA","2020","598.689520009408"
"Togo","1.1.1.6. Millet","Yield on area harvested (Kg/Ha)","KG/HA","2021","593.098120010301"
"Togo","1.1.1.6. Millet","Yield on area harvested (Kg/Ha)","KG/HA","2022","611"
"Togo","1.1.1.6. Millet","Production on area harvested (Tons)","Tons","2000","37373"
"Togo","1.1.1.6. Millet","Production on area harvested (Tons)","Tons","2001","41248"
"Togo","1.1.1.6. Millet","Production on area harvested (Tons)","Tons","2002","51726"
"Togo","1.1.1.6. Millet","Production on area harvested (Tons)","Tons","2003","47136"
"Togo","1.1.1.6. Millet","Production on area harvested (Tons)","Tons","2004","35018"
"Togo","1.1.1.6. Millet","Production on area harvested (Tons)","Tons","2005","42159"
"Togo","1.1.1.6. Millet","Production on area harvested (Tons)","Tons","2006","42413"
"Togo","1.1.1.6. Millet","Production on area harvested (Tons)","Tons","2007","45456"
"Togo","1.1.1.6. Millet","Production on area harvested (Tons)","Tons","2008","47402"
"Togo","1.1.1.6. Millet","Production on area harvested (Tons)","Tons","2009","49145.68389"
"Togo","1.1.1.6. Millet","Production on area harvested (Tons)","Tons","2010","48264"
"Togo","1.1.1.6. Millet","Production on area harvested (Tons)","Tons","2011","50363"
"Togo","1.1.1.6. Millet","Production on area harvested (Tons)","Tons","2012","29339"
"Togo","1.1.1.6. Millet","Production on area harvested (Tons)","Tons","2013","64441"
"Togo","1.1.1.6. Millet","Production on area harvested (Tons)","Tons","2014","39683.602"
"Togo","1.1.1.6. Millet","Production on area harvested (Tons)","Tons","2015","40002.07901"
"Togo","1.1.1.6. Millet","Production on area harvested (Tons)","Tons","2016","50137.28851"
"Togo","1.1.1.6. Millet","Production on area harvested (Tons)","Tons","2017","26044.1506"
"Togo","1.1.1.6. Millet","Production on area harvested (Tons)","Tons","2018","22618.02669"
"Togo","1.1.1.6. Millet","Production on area harvested (Tons)","Tons","2019","26807.4402472168"
"Togo","1.1.1.6. Millet","Production on area harvested (Tons)","Tons","2020","27237"
"Togo","1.1.1.6. Millet","Production on area harvested (Tons)","Tons","2021","27636"
"Togo","1.1.1.6. Millet","Production on area harvested (Tons)","Tons","2022","27915"
"Togo","1.1.1.6. Millet","Imports (Tons)","","2000","0"
"Togo","1.1.1.6. Millet","Imports (Tons)","","2001","0"
"Togo","1.1.1.6. Millet","Imports (Tons)","","2020","49"
"Togo","1.1.1.6. Millet","Exports (Tons)","Tons","2000","0"
"Togo","1.1.1.6. Millet","Exports (Tons)","Tons","2001","0"
"Togo","1.1.1.6. Millet","Exports (Tons)","Tons","2002","18"
"Togo","1.1.1.6. Millet","Exports (Tons)","Tons","2016","199.6"
"Togo","1.1.1.6. Millet","Exports (Tons)","Tons","2017","257"
"Togo","1.1.1.6. Millet","Exports (Tons)","Tons","2018","173"
"Togo","1.1.1.6. Millet","Exports (Tons)","Tons","2019","323"
"Togo","1.1.1.6. Millet","Exports (Tons)","Tons","2020","197"
"Togo","1.1.1.10. Other cereals, specify","Area planted (Ha)","Ha","2010","2558"
"Togo","1.1.1.10. Other cereals, specify","Area planted (Ha)","Ha","2011","4487"
"Togo","1.1.1.10. Other cereals, specify","Area planted (Ha)","Ha","2012","2558"
"Togo","1.1.1.10. Other cereals, specify","Area planted (Ha)","Ha","2013","4487"
"Togo","1.1.1.10. Other cereals, specify","Area planted (Ha)","Ha","2014","4466"
"Togo","1.1.1.10. Other cereals, specify","Area planted (Ha)","Ha","2015","4978.0608989592"
"Togo","1.1.1.10. Other cereals, specify","Area planted (Ha)","Ha","2016","3413"
"Togo","1.1.1.10. Other cereals, specify","Area planted (Ha)","Ha","2017","5872.79847"
"Togo","1.1.1.10. Other cereals, specify","Area planted (Ha)","Ha","2018","4303.34149"
"Togo","1.1.1.10. Other cereals, specify","Area planted (Ha)","Ha","2019","4423.34505944044"
"Togo","1.1.1.10. Other cereals, specify","Area planted (Ha)","Ha","2020","4975"
"Togo","1.1.1.10. Other cereals, specify","Area planted (Ha)","Ha","2021","5114.17307894823"
"Togo","1.1.1.10. Other cereals, specify","Area planted (Ha)","Ha","2022","5199.74853823869"
"Togo","1.1.1.10. Other cereals, specify","Area harvested (Ha)","Ha","2010","2558"
"Togo","1.1.1.10. Other cereals, specify","Area harvested (Ha)","Ha","2011","4487"
"Togo","1.1.1.10. Other cereals, specify","Area harvested (Ha)","Ha","2012","2558"
"Togo","1.1.1.10. Other cereals, specify","Area harvested (Ha)","Ha","2013","4487"
"Togo","1.1.1.10. Other cereals, specify","Area harvested (Ha)","Ha","2014","4466"
"Togo","1.1.1.10. Other cereals, specify","Area harvested (Ha)","Ha","2015","4978.0608989592"
"Togo","1.1.1.10. Other cereals, specify","Area harvested (Ha)","Ha","2016","3413"
"Togo","1.1.1.10. Other cereals, specify","Area harvested (Ha)","Ha","2017","5872.79847"
"Togo","1.1.1.10. Other cereals, specify","Area harvested (Ha)","Ha","2018","4303.34149"
"Togo","1.1.1.10. Other cereals, specify","Area harvested (Ha)","Ha","2019","4423.34505944044"
"Togo","1.1.1.10. Other cereals, specify","Area harvested (Ha)","Ha","2020","4975"
"Togo","1.1.1.10. Other cereals, specify","Area harvested (Ha)","Ha","2021","5114.17307894823"
"Togo","1.1.1.10. Other cereals, specify","Area harvested (Ha)","Ha","2022","5199.74853823869"
"Togo","1.1.1.10. Other cereals, specify","Area irrigated (Ha)","","2015","921.644008203926"
"Togo","1.1.1.10. Other cereals, specify","Area irrigated (Ha)","","2016","921.644008203926"
"Togo","1.1.1.10. Other cereals, specify","Area irrigated (Ha)","","2017","621.535906605889"
"Togo","1.1.1.10. Other cereals, specify","Area irrigated (Ha)","","2018","851.786113990851"
"Togo","1.1.1.10. Other cereals, specify","Area irrigated (Ha)","","2019","866.831555560997"
"Togo","1.1.1.10. Other cereals, specify","Area irrigated (Ha)","","2020","861.105527638191"
"Togo","1.1.1.10. Other cereals, specify","Area irrigated (Ha)","","2021","858.580837155708"
"Togo","1.1.1.10. Other cereals, specify","Area irrigated (Ha)","","2022","859.874208476999"
"Togo","1.1.1.10. Other cereals, specify","Yield on area harvested (Kg/Ha)","KG/HA","2010","660.2814699"
"Togo","1.1.1.10. Other cereals, specify","Yield on area harvested (Kg/Ha)","KG/HA","2011","855.8056608"
"Togo","1.1.1.10. Other cereals, specify","Yield on area harvested (Kg/Ha)","KG/HA","2012","820.5629398"
"Togo","1.1.1.10. Other cereals, specify","Yield on area harvested (Kg/Ha)","KG/HA","2013","855.8056608"
"Togo","1.1.1.10. Other cereals, specify","Yield on area harvested (Kg/Ha)","KG/HA","2014","1064.935065"
"Togo","1.1.1.10. Other cereals, specify","Yield on area harvested (Kg/Ha)","KG/HA","2015","740.751805711258"
"Togo","1.1.1.10. Other cereals, specify","Yield on area harvested (Kg/Ha)","KG/HA","2016","829.854359683328"
"Togo","1.1.1.10. Other cereals, specify","Yield on area harvested (Kg/Ha)","KG/HA","2017","593.097764296125"
"Togo","1.1.1.10. Other cereals, specify","Yield on area harvested (Kg/Ha)","KG/HA","2018","591.336482862275"
"Togo","1.1.1.10. Other cereals, specify","Yield on area harvested (Kg/Ha)","KG/HA","2019","598.689520009408"
"Togo","1.1.1.10. Other cereals, specify","Yield on area harvested (Kg/Ha)","KG/HA","2020","600.132202269472"
"Togo","1.1.1.10. Other cereals, specify","Yield on area harvested (Kg/Ha)","KG/HA","2021","593.094165466583"
"Togo","1.1.1.10. Other cereals, specify","Yield on area harvested (Kg/Ha)","KG/HA","2022","594.666813110406"
"Togo","1.1.1.10. Other cereals, specify","Production on area harvested (Tons)","Tons","2010","1689"
"Togo","1.1.1.10. Other cereals, specify","Production on area harvested (Tons)","Tons","2011","3840"
"Togo","1.1.1.10. Other cereals, specify","Production on area harvested (Tons)","Tons","2012","2099"
"Togo","1.1.1.10. Other cereals, specify","Production on area harvested (Tons)","Tons","2013","3840"
"Togo","1.1.1.10. Other cereals, specify","Production on area harvested (Tons)","Tons","2014","4756"
"Togo","1.1.1.10. Other cereals, specify","Production on area harvested (Tons)","Tons","2015","4588"
"Togo","1.1.1.10. Other cereals, specify","Production on area harvested (Tons)","Tons","2016","3145.571"
"Togo","1.1.1.10. Other cereals, specify","Production on area harvested (Tons)","Tons","2017","3650.15512136513"
"Togo","1.1.1.10. Other cereals, specify","Production on area harvested (Tons)","Tons","2018","3665.5265249427"
"Togo","1.1.1.10. Other cereals, specify","Production on area harvested (Tons)","Tons","2019","3834.29507865781"
"Togo","1.1.1.10. Other cereals, specify","Production on area harvested (Tons)","Tons","2020","4284"
"Togo","1.1.1.10. Other cereals, specify","Production on area harvested (Tons)","Tons","2021","4390.93100348256"
"Togo","1.1.1.10. Other cereals, specify","Production on area harvested (Tons)","Tons","2022","4471.12965859743"
"Togo","1.1.2.1. Cassava","Area planted (Ha)","Ha","2000","123941"
"Togo","1.1.2.1. Cassava","Area planted (Ha)","Ha","2001","109014"
"Togo","1.1.2.1. Cassava","Area planted (Ha)","Ha","2002","127653"
"Togo","1.1.2.1. Cassava","Area planted (Ha)","Ha","2003","133586"
"Togo","1.1.2.1. Cassava","Area planted (Ha)","Ha","2004","115891"
"Togo","1.1.2.1. Cassava","Area planted (Ha)","Ha","2005","112471"
"Togo","1.1.2.1. Cassava","Area planted (Ha)","Ha","2006","135720"
"Togo","1.1.2.1. Cassava","Area planted (Ha)","Ha","2007","125740"
"Togo","1.1.2.1. Cassava","Area planted (Ha)","Ha","2008","131425"
"Togo","1.1.2.1. Cassava","Area planted (Ha)","Ha","2009","143426.79"
"Togo","1.1.2.1. Cassava","Area planted (Ha)","Ha","2010","147336"
"Togo","1.1.2.1. Cassava","Area planted (Ha)","Ha","2011","152209"
"Togo","1.1.2.1. Cassava","Area planted (Ha)","Ha","2012","251589"
"Togo","1.1.2.1. Cassava","Area planted (Ha)","Ha","2013","256695"
"Togo","1.1.2.1. Cassava","Area planted (Ha)","Ha","2014","282588.9377"
"Togo","1.1.2.1. Cassava","Area planted (Ha)","Ha","2015","265292.7582"
"Togo","1.1.2.1. Cassava","Area planted (Ha)","Ha","2016","270422"
"Togo","1.1.2.1. Cassava","Area planted (Ha)","Ha","2017","267020.4946"
"Togo","1.1.2.1. Cassava","Area planted (Ha)","Ha","2018","273678.787"
"Togo","1.1.2.1. Cassava","Area planted (Ha)","Ha","2019","283019.245023194"
"Togo","1.1.2.1. Cassava","Area planted (Ha)","Ha","2020","294060.956579582"
"Togo","1.1.2.1. Cassava","Area planted (Ha)","Ha","2021","302742"
"Togo","1.1.2.1. Cassava","Area planted (Ha)","Ha","2022","305160"
"Togo","1.1.2.1. Cassava","Area harvested (Ha)","Ha","2000","123941"
"Togo","1.1.2.1. Cassava","Area harvested (Ha)","Ha","2001","109014"
"Togo","1.1.2.1. Cassava","Area harvested (Ha)","Ha","2002","127653"
"Togo","1.1.2.1. Cassava","Area harvested (Ha)","Ha","2003","133586"
"Togo","1.1.2.1. Cassava","Area harvested (Ha)","Ha","2004","115891"
"Togo","1.1.2.1. Cassava","Area harvested (Ha)","Ha","2005","112471"
"Togo","1.1.2.1. Cassava","Area harvested (Ha)","Ha","2006","135720"
"Togo","1.1.2.1. Cassava","Area harvested (Ha)","Ha","2007","125740"
"Togo","1.1.2.1. Cassava","Area harvested (Ha)","Ha","2008","131425"
"Togo","1.1.2.1. Cassava","Area harvested (Ha)","Ha","2009","143426.79"
"Togo","1.1.2.1. Cassava","Area harvested (Ha)","Ha","2010","147336"
"Togo","1.1.2.1. Cassava","Area harvested (Ha)","Ha","2011","152209"
"Togo","1.1.2.1. Cassava","Area harvested (Ha)","Ha","2012","251589"
"Togo","1.1.2.1. Cassava","Area harvested (Ha)","Ha","2013","256695"
"Togo","1.1.2.1. Cassava","Area harvested (Ha)","Ha","2014","282588.9377"
"Togo","1.1.2.1. Cassava","Area harvested (Ha)","Ha","2015","265292.7582"
"Togo","1.1.2.1. Cassava","Area harvested (Ha)","Ha","2016","270422"
"Togo","1.1.2.1. Cassava","Area harvested (Ha)","Ha","2017","267020.4946"
"Togo","1.1.2.1. Cassava","Area harvested (Ha)","Ha","2018","273678.787"
"Togo","1.1.2.1. Cassava","Area harvested (Ha)","Ha","2019","283019.245023194"
"Togo","1.1.2.1. Cassava","Area harvested (Ha)","Ha","2020","294060.956579582"
"Togo","1.1.2.1. Cassava","Area harvested (Ha)","Ha","2021","302742"
"Togo","1.1.2.1. Cassava","Area harvested (Ha)","Ha","2022","305160"
"Togo","1.1.2.1. Cassava","Yield on area harvested (Kg/Ha)","KG/HA","2000","10380"
"Togo","1.1.2.1. Cassava","Yield on area harvested (Kg/Ha)","KG/HA","2001","9277"
"Togo","1.1.2.1. Cassava","Yield on area harvested (Kg/Ha)","KG/HA","2002","10061"
"Togo","1.1.2.1. Cassava","Yield on area harvested (Kg/Ha)","KG/HA","2003","9428"
"Togo","1.1.2.1. Cassava","Yield on area harvested (Kg/Ha)","KG/HA","2004","10130"
"Togo","1.1.2.1. Cassava","Yield on area harvested (Kg/Ha)","KG/HA","2005","6030"
"Togo","1.1.2.1. Cassava","Yield on area harvested (Kg/Ha)","KG/HA","2006","8119"
"Togo","1.1.2.1. Cassava","Yield on area harvested (Kg/Ha)","KG/HA","2007","7614"
"Togo","1.1.2.1. Cassava","Yield on area harvested (Kg/Ha)","KG/HA","2008","7602"
"Togo","1.1.2.1. Cassava","Yield on area harvested (Kg/Ha)","KG/HA","2009","6244.680656"
"Togo","1.1.2.1. Cassava","Yield on area harvested (Kg/Ha)","KG/HA","2010","6167.908726"
"Togo","1.1.2.1. Cassava","Yield on area harvested (Kg/Ha)","KG/HA","2011","6560.321663"
"Togo","1.1.2.1. Cassava","Yield on area harvested (Kg/Ha)","KG/HA","2012","4129.538386"
"Togo","1.1.2.1. Cassava","Yield on area harvested (Kg/Ha)","KG/HA","2013","3517.248096"
"Togo","1.1.2.1. Cassava","Yield on area harvested (Kg/Ha)","KG/HA","2014","4080.518739"
"Togo","1.1.2.1. Cassava","Yield on area harvested (Kg/Ha)","KG/HA","2015","3916.936923"
"Togo","1.1.2.1. Cassava","Yield on area harvested (Kg/Ha)","KG/HA","2016","3799.527831"
"Togo","1.1.2.1. Cassava","Yield on area harvested (Kg/Ha)","KG/HA","2017","3941.712413"
"Togo","1.1.2.1. Cassava","Yield on area harvested (Kg/Ha)","KG/HA","2018","3980.841472"
"Togo","1.1.2.1. Cassava","Yield on area harvested (Kg/Ha)","KG/HA","2019","3949.83788031685"
"Togo","1.1.2.1. Cassava","Yield on area harvested (Kg/Ha)","KG/HA","2020","3949.83788031685"
"Togo","1.1.2.1. Cassava","Yield on area harvested (Kg/Ha)","KG/HA","2021","3977.80618480422"
"Togo","1.1.2.1. Cassava","Yield on area harvested (Kg/Ha)","KG/HA","2022","4013"
"Togo","1.1.2.1. Cassava","Production on area harvested (Tons)","Tons","2000","700695"
"Togo","1.1.2.1. Cassava","Production on area harvested (Tons)","Tons","2001","678865"
"Togo","1.1.2.1. Cassava","Production on area harvested (Tons)","Tons","2002","727707"
"Togo","1.1.2.1. Cassava","Production on area harvested (Tons)","Tons","2003","778865"
"Togo","1.1.2.1. Cassava","Production on area harvested (Tons)","Tons","2004","675475"
"Togo","1.1.2.1. Cassava","Production on area harvested (Tons)","Tons","2005","678186"
"Togo","1.1.2.1. Cassava","Production on area harvested (Tons)","Tons","2006","767366"
"Togo","1.1.2.1. Cassava","Production on area harvested (Tons)","Tons","2007","773162"
"Togo","1.1.2.1. Cassava","Production on area harvested (Tons)","Tons","2008","795373"
"Togo","1.1.2.1. Cassava","Production on area harvested (Tons)","Tons","2009","895654.501"
"Togo","1.1.2.1. Cassava","Production on area harvested (Tons)","Tons","2010","908755"
"Togo","1.1.2.1. Cassava","Production on area harvested (Tons)","Tons","2011","998540"
"Togo","1.1.2.1. Cassava","Production on area harvested (Tons)","Tons","2012","959889"
"Togo","1.1.2.1. Cassava","Production on area harvested (Tons)","Tons","2013","902860"
"Togo","1.1.2.1. Cassava","Production on area harvested (Tons)","Tons","2014","1153109.456"
"Togo","1.1.2.1. Cassava","Production on area harvested (Tons)","Tons","2015","1039135"
"Togo","1.1.2.1. Cassava","Production on area harvested (Tons)","Tons","2016","1027475.915"
"Togo","1.1.2.1. Cassava","Production on area harvested (Tons)","Tons","2017","1041682"
"Togo","1.1.2.1. Cassava","Production on area harvested (Tons)","Tons","2018","1089471.865"
"Togo","1.1.2.1. Cassava","Production on area harvested (Tons)","Tons","2019","1117880.13485129"
"Togo","1.1.2.1. Cassava","Production on area harvested (Tons)","Tons","2020","1158044.44366438"
"Togo","1.1.2.1. Cassava","Production on area harvested (Tons)","Tons","2021","1204249"
"Togo","1.1.2.1. Cassava","Production on area harvested (Tons)","Tons","2022","1224641"
"Togo","1.1.2.1. Cassava","Imports (Tons)","Tons","2011","351"
"Togo","1.1.2.1. Cassava","Imports (Tons)","Tons","2012","78"
"Togo","1.1.2.1. Cassava","Exports (Tons)","Tons","2008","0"
"Togo","1.1.2.1. Cassava","Exports (Tons)","Tons","2009","0"
"Togo","1.1.2.1. Cassava","Exports (Tons)","Tons","2010","41.16"
"Togo","1.1.2.1. Cassava","Exports (Tons)","Tons","2011","0"
"Togo","1.1.2.1. Cassava","Exports (Tons)","Tons","2012","0"
"Togo","1.1.2.1. Cassava","Exports (Tons)","Tons","2013","50.96"
"Togo","1.1.2.1. Cassava","Exports (Tons)","Tons","2014","107.7"
"Togo","1.1.2.1. Cassava","Exports (Tons)","Tons","2015","788.297"
"Togo","1.1.2.1. Cassava","Exports (Tons)","Tons","2016","1014.653"
"Togo","1.1.2.1. Cassava","Exports (Tons)","Tons","2017","546.235"
"Togo","1.1.2.1. Cassava","Exports (Tons)","Tons","2018","719.96"
"Togo","1.1.2.1. Cassava","Exports (Tons)","Tons","2019","968.852"
"Togo","1.1.2.1. Cassava","Exports (Tons)","Tons","2020","703.957"
"Togo","1.1.2.1. Cassava","Exports (Tons)","Tons","2021","534.518"
"Togo","1.1.2.2. Potatoes","Imports (Tons)","Tons","2000","1002"
"Togo","1.1.2.2. Potatoes","Imports (Tons)","Tons","2001","2209"
"Togo","1.1.2.2. Potatoes","Imports (Tons)","Tons","2002","1835"
"Togo","1.1.2.2. Potatoes","Imports (Tons)","Tons","2003","2028"
"Togo","1.1.2.2. Potatoes","Imports (Tons)","Tons","2004","735"
"Togo","1.1.2.2. Potatoes","Imports (Tons)","Tons","2005","1530"
"Togo","1.1.2.2. Potatoes","Imports (Tons)","Tons","2007","2883"
"Togo","1.1.2.2. Potatoes","Imports (Tons)","Tons","2008","3339"
"Togo","1.1.2.2. Potatoes","Imports (Tons)","Tons","2009","2388"
"Togo","1.1.2.2. Potatoes","Imports (Tons)","Tons","2010","4501.717"
"Togo","1.1.2.2. Potatoes","Imports (Tons)","Tons","2011","2890.687"
"Togo","1.1.2.2. Potatoes","Imports (Tons)","Tons","2012","3690.626"
"Togo","1.1.2.2. Potatoes","Imports (Tons)","Tons","2013","2917.118"
"Togo","1.1.2.2. Potatoes","Imports (Tons)","Tons","2014","3576.003"
"Togo","1.1.2.2. Potatoes","Imports (Tons)","Tons","2015","1528.697"
"Togo","1.1.2.2. Potatoes","Imports (Tons)","Tons","2016","2613"
"Togo","1.1.2.2. Potatoes","Imports (Tons)","Tons","2017","2994.369"
"Togo","1.1.2.2. Potatoes","Imports (Tons)","Tons","2018","3027.161"
"Togo","1.1.2.2. Potatoes","Imports (Tons)","Tons","2019","3079"
"Togo","1.1.2.2. Potatoes","Imports (Tons)","Tons","2020","3256"
"Togo","1.1.2.2. Potatoes","Imports (Tons)","Tons","2022","3501.922"
"Togo","1.1.2.2. Potatoes","Exports (Tons)","Tons","2001","2.4"
"Togo","1.1.2.2. Potatoes","Exports (Tons)","Tons","2002","3.245"
"Togo","1.1.2.2. Potatoes","Exports (Tons)","Tons","2007","12"
"Togo","1.1.2.2. Potatoes","Exports (Tons)","Tons","2008","15"
"Togo","1.1.2.2. Potatoes","Exports (Tons)","Tons","2011","1.27"
"Togo","1.1.2.2. Potatoes","Exports (Tons)","Tons","2012","20"
"Togo","1.1.2.2. Potatoes","Exports (Tons)","Tons","2013","80.683"
"Togo","1.1.2.2. Potatoes","Exports (Tons)","Tons","2016","0.3"
"Togo","1.1.2.2. Potatoes","Exports (Tons)","Tons","2020","2"
"Togo","1.1.2.2. Potatoes","Exports (Tons)","Tons","2022","55.86"
"Togo","1.1.2.3. Sweet potatoes","Area planted (Ha)","Ha","2011","5163"
"Togo","1.1.2.3. Sweet potatoes","Area planted (Ha)","Ha","2012","2594"
"Togo","1.1.2.3. Sweet potatoes","Area planted (Ha)","Ha","2013","5163"
"Togo","1.1.2.3. Sweet potatoes","Area planted (Ha)","Ha","2014","3691"
"Togo","1.1.2.3. Sweet potatoes","Area planted (Ha)","Ha","2015","3691"
"Togo","1.1.2.3. Sweet potatoes","Area planted (Ha)","Ha","2017","2535.32098"
"Togo","1.1.2.3. Sweet potatoes","Area planted (Ha)","Ha","2018","2347.93038"
"Togo","1.1.2.3. Sweet potatoes","Area planted (Ha)","Ha","2021","2666"
"Togo","1.1.2.3. Sweet potatoes","Area planted (Ha)","Ha","2022","2738"
"Togo","1.1.2.3. Sweet potatoes","Area harvested (Ha)","Ha","2000","1643"
"Togo","1.1.2.3. Sweet potatoes","Area harvested (Ha)","Ha","2001","1831"
"Togo","1.1.2.3. Sweet potatoes","Area harvested (Ha)","Ha","2002","1494"
"Togo","1.1.2.3. Sweet potatoes","Area harvested (Ha)","Ha","2003","814"
"Togo","1.1.2.3. Sweet potatoes","Area harvested (Ha)","Ha","2004","631"
"Togo","1.1.2.3. Sweet potatoes","Area harvested (Ha)","Ha","2005","793"
"Togo","1.1.2.3. Sweet potatoes","Area harvested (Ha)","Ha","2006","296"
"Togo","1.1.2.3. Sweet potatoes","Area harvested (Ha)","Ha","2008","597"
"Togo","1.1.2.3. Sweet potatoes","Area harvested (Ha)","Ha","2009","597"
"Togo","1.1.2.3. Sweet potatoes","Area harvested (Ha)","Ha","2010","603"
"Togo","1.1.2.3. Sweet potatoes","Area harvested (Ha)","Ha","2011","598"
"Togo","1.1.2.3. Sweet potatoes","Area harvested (Ha)","Ha","2012","5984"
"Togo","1.1.2.3. Sweet potatoes","Area harvested (Ha)","Ha","2013","5163"
"Togo","1.1.2.3. Sweet potatoes","Area harvested (Ha)","Ha","2014","3691"
"Togo","1.1.2.3. Sweet potatoes","Area harvested (Ha)","Ha","2015","3691"
"Togo","1.1.2.3. Sweet potatoes","Area harvested (Ha)","Ha","2016","819"
"Togo","1.1.2.3. Sweet potatoes","Area harvested (Ha)","Ha","2017","2535.32098"
"Togo","1.1.2.3. Sweet potatoes","Area harvested (Ha)","Ha","2018","2347.93038"
"Togo","1.1.2.3. Sweet potatoes","Area harvested (Ha)","Ha","2019","2375"
"Togo","1.1.2.3. Sweet potatoes","Area harvested (Ha)","Ha","2021","2666"
"Togo","1.1.2.3. Sweet potatoes","Area harvested (Ha)","Ha","2022","2738"
"Togo","1.1.2.3. Sweet potatoes","Yield on area harvested (Kg/Ha)","KG/HA","2011","3866"
"Togo","1.1.2.3. Sweet potatoes","Yield on area harvested (Kg/Ha)","KG/HA","2012","6565"
"Togo","1.1.2.3. Sweet potatoes","Yield on area harvested (Kg/Ha)","KG/HA","2013","3866"
"Togo","1.1.2.3. Sweet potatoes","Yield on area harvested (Kg/Ha)","KG/HA","2014","3115"
"Togo","1.1.2.3. Sweet potatoes","Yield on area harvested (Kg/Ha)","KG/HA","2015","3115"
"Togo","1.1.2.3. Sweet potatoes","Yield on area harvested (Kg/Ha)","KG/HA","2017","3444.145006"
"Togo","1.1.2.3. Sweet potatoes","Yield on area harvested (Kg/Ha)","KG/HA","2018","3641.826276"
"Togo","1.1.2.3. Sweet potatoes","Yield on area harvested (Kg/Ha)","KG/HA","2021","3636.15903975994"
"Togo","1.1.2.3. Sweet potatoes","Yield on area harvested (Kg/Ha)","KG/HA","2022","3622"
"Togo","1.1.2.3. Sweet potatoes","Production on area harvested (Tons)","Tons","2000","2752"
"Togo","1.1.2.3. Sweet potatoes","Production on area harvested (Tons)","Tons","2001","1353"
"Togo","1.1.2.3. Sweet potatoes","Production on area harvested (Tons)","Tons","2002","5448"
"Togo","1.1.2.3. Sweet potatoes","Production on area harvested (Tons)","Tons","2003","1425"
"Togo","1.1.2.3. Sweet potatoes","Production on area harvested (Tons)","Tons","2004","431"
"Togo","1.1.2.3. Sweet potatoes","Production on area harvested (Tons)","Tons","2005","2399"
"Togo","1.1.2.3. Sweet potatoes","Production on area harvested (Tons)","Tons","2006","2191"
"Togo","1.1.2.3. Sweet potatoes","Production on area harvested (Tons)","Tons","2008","3989"
"Togo","1.1.2.3. Sweet potatoes","Production on area harvested (Tons)","Tons","2009","3989"
"Togo","1.1.2.3. Sweet potatoes","Production on area harvested (Tons)","Tons","2010","4753"
"Togo","1.1.2.3. Sweet potatoes","Production on area harvested (Tons)","Tons","2011","4740"
"Togo","1.1.2.3. Sweet potatoes","Production on area harvested (Tons)","Tons","2012","19957"
"Togo","1.1.2.3. Sweet potatoes","Production on area harvested (Tons)","Tons","2013","11337"
"Togo","1.1.2.3. Sweet potatoes","Production on area harvested (Tons)","Tons","2014","11497"
"Togo","1.1.2.3. Sweet potatoes","Production on area harvested (Tons)","Tons","2015","8301"
"Togo","1.1.2.3. Sweet potatoes","Production on area harvested (Tons)","Tons","2016","2737"
"Togo","1.1.2.3. Sweet potatoes","Production on area harvested (Tons)","Tons","2017","8732.013091"
"Togo","1.1.2.3. Sweet potatoes","Production on area harvested (Tons)","Tons","2018","8550.754553"
"Togo","1.1.2.3. Sweet potatoes","Production on area harvested (Tons)","Tons","2019","8672"
"Togo","1.1.2.3. Sweet potatoes","Production on area harvested (Tons)","Tons","2021","9694"
"Togo","1.1.2.3. Sweet potatoes","Production on area harvested (Tons)","Tons","2022","9919"
"Togo","1.1.2.3. Sweet potatoes","Exports (Tons)","","2005","60"
"Togo","1.1.2.3. Sweet potatoes","Exports (Tons)","","2018","0"
"Togo","1.1.2.4. Yams","Area planted (Ha)","Ha","2000","51220"
"Togo","1.1.2.4. Yams","Area planted (Ha)","Ha","2001","54048"
"Togo","1.1.2.4. Yams","Area planted (Ha)","Ha","2002","54066"
"Togo","1.1.2.4. Yams","Area planted (Ha)","Ha","2003","57967"
"Togo","1.1.2.4. Yams","Area planted (Ha)","Ha","2004","56479"
"Togo","1.1.2.4. Yams","Area planted (Ha)","Ha","2005","56709"
"Togo","1.1.2.4. Yams","Area planted (Ha)","Ha","2006","60246"
"Togo","1.1.2.4. Yams","Area planted (Ha)","Ha","2007","58431"
"Togo","1.1.2.4. Yams","Area planted (Ha)","Ha","2008","63975"
"Togo","1.1.2.4. Yams","Area planted (Ha)","Ha","2009","69177.5"
"Togo","1.1.2.4. Yams","Area planted (Ha)","Ha","2010","71529"
"Togo","1.1.2.4. Yams","Area planted (Ha)","Ha","2011","71225"
"Togo","1.1.2.4. Yams","Area planted (Ha)","Ha","2012","103475"
"Togo","1.1.2.4. Yams","Area planted (Ha)","Ha","2013","67241"
"Togo","1.1.2.4. Yams","Area planted (Ha)","Ha","2014","100672.1277"
"Togo","1.1.2.4. Yams","Area planted (Ha)","Ha","2015","86564.38697"
"Togo","1.1.2.4. Yams","Area planted (Ha)","Ha","2016","91065"
"Togo","1.1.2.4. Yams","Area planted (Ha)","Ha","2017","90643.21411"
"Togo","1.1.2.4. Yams","Area planted (Ha)","Ha","2018","93853.79113"
"Togo","1.1.2.4. Yams","Area planted (Ha)","Ha","2019","97694.3955432643"
"Togo","1.1.2.4. Yams","Area planted (Ha)","Ha","2020","104140.742836556"
"Togo","1.1.2.4. Yams","Area planted (Ha)","Ha","2021","106277"
"Togo","1.1.2.4. Yams","Area planted (Ha)","Ha","2022","108871"
"Togo","1.1.2.4. Yams","Area harvested (Ha)","Ha","2000","51220"
"Togo","1.1.2.4. Yams","Area harvested (Ha)","Ha","2001","54048"
"Togo","1.1.2.4. Yams","Area harvested (Ha)","Ha","2002","54066"
"Togo","1.1.2.4. Yams","Area harvested (Ha)","Ha","2003","57967"
"Togo","1.1.2.4. Yams","Area harvested (Ha)","Ha","2004","58010"
"Togo","1.1.2.4. Yams","Area harvested (Ha)","Ha","2005","57670"
"Togo","1.1.2.4. Yams","Area harvested (Ha)","Ha","2006","60246"
"Togo","1.1.2.4. Yams","Area harvested (Ha)","Ha","2007","58431"
"Togo","1.1.2.4. Yams","Area harvested (Ha)","Ha","2008","62775"
"Togo","1.1.2.4. Yams","Area harvested (Ha)","Ha","2009","69177.5"
"Togo","1.1.2.4. Yams","Area harvested (Ha)","Ha","2010","71529"
"Togo","1.1.2.4. Yams","Area harvested (Ha)","Ha","2011","71225"
"Togo","1.1.2.4. Yams","Area harvested (Ha)","Ha","2012","106279"
"Togo","1.1.2.4. Yams","Area harvested (Ha)","Ha","2013","67241"
"Togo","1.1.2.4. Yams","Area harvested (Ha)","Ha","2014","100672.1277"
"Togo","1.1.2.4. Yams","Area harvested (Ha)","Ha","2015","86564.38697"
"Togo","1.1.2.4. Yams","Area harvested (Ha)","Ha","2016","91065"
"Togo","1.1.2.4. Yams","Area harvested (Ha)","Ha","2017","90643.21411"
"Togo","1.1.2.4. Yams","Area harvested (Ha)","Ha","2018","93853.79113"
"Togo","1.1.2.4. Yams","Area harvested (Ha)","Ha","2019","97694.3955432643"
"Togo","1.1.2.4. Yams","Area harvested (Ha)","Ha","2020","104140.742836556"
"Togo","1.1.2.4. Yams","Area harvested (Ha)","Ha","2021","106277"
"Togo","1.1.2.4. Yams","Area harvested (Ha)","Ha","2022","108871"
"Togo","1.1.2.4. Yams","Yield on area harvested (Kg/Ha)","KG/HA","2000","11340"
"Togo","1.1.2.4. Yams","Yield on area harvested (Kg/Ha)","KG/HA","2001","10384"
"Togo","1.1.2.4. Yams","Yield on area harvested (Kg/Ha)","KG/HA","2002","10752"
"Togo","1.1.2.4. Yams","Yield on area harvested (Kg/Ha)","KG/HA","2003","10679"
"Togo","1.1.2.4. Yams","Yield on area harvested (Kg/Ha)","KG/HA","2004","11018"
"Togo","1.1.2.4. Yams","Yield on area harvested (Kg/Ha)","KG/HA","2005","10151"
"Togo","1.1.2.4. Yams","Yield on area harvested (Kg/Ha)","KG/HA","2006","10341"
"Togo","1.1.2.4. Yams","Yield on area harvested (Kg/Ha)","KG/HA","2007","10647"
"Togo","1.1.2.4. Yams","Yield on area harvested (Kg/Ha)","KG/HA","2008","10202"
"Togo","1.1.2.4. Yams","Yield on area harvested (Kg/Ha)","KG/HA","2009","10182.70328"
"Togo","1.1.2.4. Yams","Yield on area harvested (Kg/Ha)","KG/HA","2010","9932.768527"
"Togo","1.1.2.4. Yams","Yield on area harvested (Kg/Ha)","KG/HA","2011","10217.60618"
"Togo","1.1.2.4. Yams","Yield on area harvested (Kg/Ha)","KG/HA","2012","8706"
"Togo","1.1.2.4. Yams","Yield on area harvested (Kg/Ha)","KG/HA","2013","9833.286239"
"Togo","1.1.2.4. Yams","Yield on area harvested (Kg/Ha)","KG/HA","2014","7811.436487"
"Togo","1.1.2.4. Yams","Yield on area harvested (Kg/Ha)","KG/HA","2015","9027.026325"
"Togo","1.1.2.4. Yams","Yield on area harvested (Kg/Ha)","KG/HA","2016","8938.509329"
"Togo","1.1.2.4. Yams","Yield on area harvested (Kg/Ha)","KG/HA","2017","9178.503953"
"Togo","1.1.2.4. Yams","Yield on area harvested (Kg/Ha)","KG/HA","2018","9150.2184"
"Togo","1.1.2.4. Yams","Yield on area harvested (Kg/Ha)","KG/HA","2019","8949.00315962698"
"Togo","1.1.2.4. Yams","Yield on area harvested (Kg/Ha)","KG/HA","2020","9000"
"Togo","1.1.2.4. Yams","Yield on area harvested (Kg/Ha)","KG/HA","2021","9037.05411330768"
"Togo","1.1.2.4. Yams","Yield on area harvested (Kg/Ha)","KG/HA","2022","9044"
"Togo","1.1.2.4. Yams","Production on area harvested (Tons)","Tons","2000","563285"
"Togo","1.1.2.4. Yams","Production on area harvested (Tons)","Tons","2001","614962"
"Togo","1.1.2.4. Yams","Production on area harvested (Tons)","Tons","2002","574886"
"Togo","1.1.2.4. Yams","Production on area harvested (Tons)","Tons","2003","614962"
"Togo","1.1.2.4. Yams","Production on area harvested (Tons)","Tons","2004","636305"
"Togo","1.1.2.4. Yams","Production on area harvested (Tons)","Tons","2005","585427"
"Togo","1.1.2.4. Yams","Production on area harvested (Tons)","Tons","2006","621056"
"Togo","1.1.2.4. Yams","Production on area harvested (Tons)","Tons","2007","618212"
"Togo","1.1.2.4. Yams","Production on area harvested (Tons)","Tons","2008","648327"
"Togo","1.1.2.4. Yams","Production on area harvested (Tons)","Tons","2009","704413.9563"
"Togo","1.1.2.4. Yams","Production on area harvested (Tons)","Tons","2010","710481"
"Togo","1.1.2.4. Yams","Production on area harvested (Tons)","Tons","2011","727749"
"Togo","1.1.2.4. Yams","Production on area harvested (Tons)","Tons","2012","864408"
"Togo","1.1.2.4. Yams","Production on area harvested (Tons)","Tons","2013","661200"
"Togo","1.1.2.4. Yams","Production on area harvested (Tons)","Tons","2014","786393.9314"
"Togo","1.1.2.4. Yams","Production on area harvested (Tons)","Tons","2015","781419"
"Togo","1.1.2.4. Yams","Production on area harvested (Tons)","Tons","2016","813985.352"
"Togo","1.1.2.4. Yams","Production on area harvested (Tons)","Tons","2017","826553"
"Togo","1.1.2.4. Yams","Production on area harvested (Tons)","Tons","2018","858782.6865"
"Togo","1.1.2.4. Yams","Production on area harvested (Tons)","Tons","2019","874267.454394521"
"Togo","1.1.2.4. Yams","Production on area harvested (Tons)","Tons","2020","940876.20824901"
"Togo","1.1.2.4. Yams","Production on area harvested (Tons)","Tons","2021","960431"
"Togo","1.1.2.4. Yams","Production on area harvested (Tons)","Tons","2022","984614"
"Togo","1.1.2.4. Yams","Exports (Tons)","Tons","2015","114.8"
"Togo","1.1.2.4. Yams","Exports (Tons)","Tons","2016","125.66"
"Togo","1.1.2.4. Yams","Exports (Tons)","Tons","2017","434.14"
"Togo","1.1.2.4. Yams","Exports (Tons)","Tons","2018","715.668"
"Togo","1.1.2.8. Other roots and tubers, specify","Area planted (Ha)","Ha","2010","4869"
"Togo","1.1.2.8. Other roots and tubers, specify","Area planted (Ha)","Ha","2011","13243"
"Togo","1.1.2.8. Other roots and tubers, specify","Area planted (Ha)","Ha","2012","4869"
"Togo","1.1.2.8. Other roots and tubers, specify","Area planted (Ha)","Ha","2013","13243"
"Togo","1.1.2.8. Other roots and tubers, specify","Area planted (Ha)","Ha","2014","4046"
"Togo","1.1.2.8. Other roots and tubers, specify","Area planted (Ha)","Ha","2015","5099.63711"
"Togo","1.1.2.8. Other roots and tubers, specify","Area planted (Ha)","Ha","2016","5428"
"Togo","1.1.2.8. Other roots and tubers, specify","Area planted (Ha)","Ha","2017","4771.27422"
"Togo","1.1.2.8. Other roots and tubers, specify","Area planted (Ha)","Ha","2018","5267.8499691"
"Togo","1.1.2.8. Other roots and tubers, specify","Area planted (Ha)","Ha","2019","5563.10982411495"
"Togo","1.1.2.8. Other roots and tubers, specify","Area planted (Ha)","Ha","2020","6043.7616626759"
"Togo","1.1.2.8. Other roots and tubers, specify","Area planted (Ha)","Ha","2021","6132.5316626759"
"Togo","1.1.2.8. Other roots and tubers, specify","Area planted (Ha)","Ha","2022","6213.023729"
"Togo","1.1.2.8. Other roots and tubers, specify","Area harvested (Ha)","Ha","2010","4869"
"Togo","1.1.2.8. Other roots and tubers, specify","Area harvested (Ha)","Ha","2011","13243"
"Togo","1.1.2.8. Other roots and tubers, specify","Area harvested (Ha)","Ha","2012","4869"
"Togo","1.1.2.8. Other roots and tubers, specify","Area harvested (Ha)","Ha","2013","13243"
"Togo","1.1.2.8. Other roots and tubers, specify","Area harvested (Ha)","Ha","2014","4046"
"Togo","1.1.2.8. Other roots and tubers, specify","Area harvested (Ha)","Ha","2015","5099.63711"
"Togo","1.1.2.8. Other roots and tubers, specify","Area harvested (Ha)","Ha","2016","5428"
"Togo","1.1.2.8. Other roots and tubers, specify","Area harvested (Ha)","Ha","2017","4771.27422"
"Togo","1.1.2.8. Other roots and tubers, specify","Area harvested (Ha)","Ha","2018","5267.8499691"
"Togo","1.1.2.8. Other roots and tubers, specify","Area harvested (Ha)","Ha","2019","5563.10982411495"
"Togo","1.1.2.8. Other roots and tubers, specify","Area harvested (Ha)","Ha","2020","6043.7616626759"
"Togo","1.1.2.8. Other roots and tubers, specify","Area harvested (Ha)","Ha","2021","6132.5316626759"
"Togo","1.1.2.8. Other roots and tubers, specify","Area harvested (Ha)","Ha","2022","6213.023729"
"Togo","1.1.2.8. Other roots and tubers, specify","Yield on area harvested (Kg/Ha)","KG/HA","2010","4142"
"Togo","1.1.2.8. Other roots and tubers, specify","Yield on area harvested (Kg/Ha)","KG/HA","2011","856"
"Togo","1.1.2.8. Other roots and tubers, specify","Yield on area harvested (Kg/Ha)","KG/HA","2012","1440"
"Togo","1.1.2.8. Other roots and tubers, specify","Yield on area harvested (Kg/Ha)","KG/HA","2013","856"
"Togo","1.1.2.8. Other roots and tubers, specify","Yield on area harvested (Kg/Ha)","KG/HA","2014","2848"
"Togo","1.1.2.8. Other roots and tubers, specify","Yield on area harvested (Kg/Ha)","KG/HA","2015","1168.65818082146"
"Togo","1.1.2.8. Other roots and tubers, specify","Yield on area harvested (Kg/Ha)","KG/HA","2016","3320.52155490052"
"Togo","1.1.2.8. Other roots and tubers, specify","Yield on area harvested (Kg/Ha)","KG/HA","2017","3090.62634069479"
"Togo","1.1.2.8. Other roots and tubers, specify","Yield on area harvested (Kg/Ha)","KG/HA","2018","3117.72129797822"
"Togo","1.1.2.8. Other roots and tubers, specify","Yield on area harvested (Kg/Ha)","KG/HA","2019","3117.04392787453"
"Togo","1.1.2.8. Other roots and tubers, specify","Yield on area harvested (Kg/Ha)","KG/HA","2020","3109.85468297472"
"Togo","1.1.2.8. Other roots and tubers, specify","Yield on area harvested (Kg/Ha)","KG/HA","2021","3112.54590792599"
"Togo","1.1.2.8. Other roots and tubers, specify","Yield on area harvested (Kg/Ha)","KG/HA","2022","3115.23761363359"
"Togo","1.1.2.8. Other roots and tubers, specify","Production on area harvested (Tons)","Tons","2001","12970"
"Togo","1.1.2.8. Other roots and tubers, specify","Production on area harvested (Tons)","Tons","2010","20165"
"Togo","1.1.2.8. Other roots and tubers, specify","Production on area harvested (Tons)","Tons","2011","11337"
"Togo","1.1.2.8. Other roots and tubers, specify","Production on area harvested (Tons)","Tons","2012","7012"
"Togo","1.1.2.8. Other roots and tubers, specify","Production on area harvested (Tons)","Tons","2013","11337"
"Togo","1.1.2.8. Other roots and tubers, specify","Production on area harvested (Tons)","Tons","2014","11526"
"Togo","1.1.2.8. Other roots and tubers, specify","Production on area harvested (Tons)","Tons","2015","5959.73262782222"
"Togo","1.1.2.8. Other roots and tubers, specify","Production on area harvested (Tons)","Tons","2016","18023.791"
"Togo","1.1.2.8. Other roots and tubers, specify","Production on area harvested (Tons)","Tons","2017","14746.22578301"
"Togo","1.1.2.8. Other roots and tubers, specify","Production on area harvested (Tons)","Tons","2018","16423.688043217"
"Togo","1.1.2.8. Other roots and tubers, specify","Production on area harvested (Tons)","Tons","2019","17340.4576973567"
"Togo","1.1.2.8. Other roots and tubers, specify","Production on area harvested (Tons)","Tons","2020","18795.2205094557"
"Togo","1.1.2.8. Other roots and tubers, specify","Production on area harvested (Tons)","Tons","2021","19087.7863318885"
"Togo","1.1.2.8. Other roots and tubers, specify","Production on area harvested (Tons)","Tons","2022","19355.0452149788"
"Togo","1.1.3.1. Sugar cane","Exports (Tons)","","2008","485.67"
"Togo","1.1.3.1. Sugar cane","Exports (Tons)","","2009","34.031"
"Togo","1.1.3.1. Sugar cane","Exports (Tons)","","2010","318.563"
"Togo","1.1.3.1. Sugar cane","Exports (Tons)","","2011","0"
"Togo","1.1.3.1. Sugar cane","Exports (Tons)","","2012","729.352"
"Togo","1.1.3.1. Sugar cane","Exports (Tons)","","2013","22.05"
"Togo","1.1.3.1. Sugar cane","Exports (Tons)","","2014","1262.823"
"Togo","1.1.3.1. Sugar cane","Exports (Tons)","","2015","0"
"Togo","1.1.3.1. Sugar cane","Exports (Tons)","","2016","121.6"
"Togo","1.1.3.1. Sugar cane","Exports (Tons)","","2017","37.914"
"Togo","1.1.3.1. Sugar cane","Exports (Tons)","","2018","0"
"Togo","1.1.3.1. Sugar cane","Exports (Tons)","","2019","0"
"Togo","1.1.3.1. Sugar cane","Exports (Tons)","","2020","507.882"
"Togo","1.1.3.2. Sugar beet","Imports (Tons)","Tons","2001","3669.785"
"Togo","1.1.3.2. Sugar beet","Imports (Tons)","Tons","2002","3529.704"
"Togo","1.1.3.2. Sugar beet","Imports (Tons)","Tons","2022","966.5"
"Togo","1.1.3.2. Sugar beet","Exports (Tons)","Tons","2002","105"
"Togo","1.1.3.2. Sugar beet","Seed (Tons)","","2022","0.909"
"Togo","1.1.4.1. Beans, dry","Area planted (Ha)","Ha","2000","142631"
"Togo","1.1.4.1. Beans, dry","Area planted (Ha)","Ha","2001","148157"
"Togo","1.1.4.1. Beans, dry","Area planted (Ha)","Ha","2002","168076"
"Togo","1.1.4.1. Beans, dry","Area planted (Ha)","Ha","2003","145654"
"Togo","1.1.4.1. Beans, dry","Area planted (Ha)","Ha","2004","159112"
"Togo","1.1.4.1. Beans, dry","Area planted (Ha)","Ha","2005","187944"
"Togo","1.1.4.1. Beans, dry","Area planted (Ha)","Ha","2006","186379"
"Togo","1.1.4.1. Beans, dry","Area planted (Ha)","Ha","2007","180299"
"Togo","1.1.4.1. Beans, dry","Area planted (Ha)","Ha","2008","193675"
"Togo","1.1.4.1. Beans, dry","Area planted (Ha)","Ha","2009","203747.5352"
"Togo","1.1.4.1. Beans, dry","Area planted (Ha)","Ha","2010","210617"
"Togo","1.1.4.1. Beans, dry","Area planted (Ha)","Ha","2011","207172"
"Togo","1.1.4.1. Beans, dry","Area planted (Ha)","Ha","2012","379711.48"
"Togo","1.1.4.1. Beans, dry","Area planted (Ha)","Ha","2013","353266"
"Togo","1.1.4.1. Beans, dry","Area planted (Ha)","Ha","2014","363935.9519"
"Togo","1.1.4.1. Beans, dry","Area planted (Ha)","Ha","2015","361524.9628"
"Togo","1.1.4.1. Beans, dry","Area planted (Ha)","Ha","2016","352694.829"
"Togo","1.1.4.1. Beans, dry","Area planted (Ha)","Ha","2017","369567.3632"
"Togo","1.1.4.1. Beans, dry","Area planted (Ha)","Ha","2018","378775.0647"
"Togo","1.1.4.1. Beans, dry","Area planted (Ha)","Ha","2019","388825.587197217"
"Togo","1.1.4.1. Beans, dry","Area planted (Ha)","Ha","2020","383664.025751558"
"Togo","1.1.4.1. Beans, dry","Area planted (Ha)","Ha","2021","387521"
"Togo","1.1.4.1. Beans, dry","Area planted (Ha)","Ha","2022","394376"
"Togo","1.1.4.1. Beans, dry","Area harvested (Ha)","Ha","2000","142631"
"Togo","1.1.4.1. Beans, dry","Area harvested (Ha)","Ha","2001","148157"
"Togo","1.1.4.1. Beans, dry","Area harvested (Ha)","Ha","2002","168076"
"Togo","1.1.4.1. Beans, dry","Area harvested (Ha)","Ha","2003","145654"
"Togo","1.1.4.1. Beans, dry","Area harvested (Ha)","Ha","2004","159112"
"Togo","1.1.4.1. Beans, dry","Area harvested (Ha)","Ha","2005","187944"
"Togo","1.1.4.1. Beans, dry","Area harvested (Ha)","Ha","2006","186379"
"Togo","1.1.4.1. Beans, dry","Area harvested (Ha)","Ha","2007","180299"
"Togo","1.1.4.1. Beans, dry","Area harvested (Ha)","Ha","2008","193675"
"Togo","1.1.4.1. Beans, dry","Area harvested (Ha)","Ha","2009","203747.5352"
"Togo","1.1.4.1. Beans, dry","Area harvested (Ha)","Ha","2010","210617"
"Togo","1.1.4.1. Beans, dry","Area harvested (Ha)","Ha","2011","207172"
"Togo","1.1.4.1. Beans, dry","Area harvested (Ha)","Ha","2012","379711.48"
"Togo","1.1.4.1. Beans, dry","Area harvested (Ha)","Ha","2013","353266"
"Togo","1.1.4.1. Beans, dry","Area harvested (Ha)","Ha","2014","363935.9519"
"Togo","1.1.4.1. Beans, dry","Area harvested (Ha)","Ha","2015","361524.9628"
"Togo","1.1.4.1. Beans, dry","Area harvested (Ha)","Ha","2016","352694.829"
"Togo","1.1.4.1. Beans, dry","Area harvested (Ha)","Ha","2017","369567.3632"
"Togo","1.1.4.1. Beans, dry","Area harvested (Ha)","Ha","2018","378775.0647"
"Togo","1.1.4.1. Beans, dry","Area harvested (Ha)","Ha","2019","388825.587197217"
"Togo","1.1.4.1. Beans, dry","Area harvested (Ha)","Ha","2020","383664.025751558"
"Togo","1.1.4.1. Beans, dry","Area harvested (Ha)","Ha","2021","387521"
"Togo","1.1.4.1. Beans, dry","Area harvested (Ha)","Ha","2022","394376"
"Togo","1.1.4.1. Beans, dry","Yield on area harvested (Kg/Ha)","KG/HA","2000","510"
"Togo","1.1.4.1. Beans, dry","Yield on area harvested (Kg/Ha)","KG/HA","2001","521"
"Togo","1.1.4.1. Beans, dry","Yield on area harvested (Kg/Ha)","KG/HA","2002","445"
"Togo","1.1.4.1. Beans, dry","Yield on area harvested (Kg/Ha)","KG/HA","2003","525"
"Togo","1.1.4.1. Beans, dry","Yield on area harvested (Kg/Ha)","KG/HA","2004","472"
"Togo","1.1.4.1. Beans, dry","Yield on area harvested (Kg/Ha)","KG/HA","2005","358"
"Togo","1.1.4.1. Beans, dry","Yield on area harvested (Kg/Ha)","KG/HA","2006","461"
"Togo","1.1.4.1. Beans, dry","Yield on area harvested (Kg/Ha)","KG/HA","2007","425"
"Togo","1.1.4.1. Beans, dry","Yield on area harvested (Kg/Ha)","KG/HA","2008","430"
"Togo","1.1.4.1. Beans, dry","Yield on area harvested (Kg/Ha)","KG/HA","2009","355.1794153"
"Togo","1.1.4.1. Beans, dry","Yield on area harvested (Kg/Ha)","KG/HA","2010","361.7466776"
"Togo","1.1.4.1. Beans, dry","Yield on area harvested (Kg/Ha)","KG/HA","2011","369.0894522"
"Togo","1.1.4.1. Beans, dry","Yield on area harvested (Kg/Ha)","KG/HA","2012","409.3087073"
"Togo","1.1.4.1. Beans, dry","Yield on area harvested (Kg/Ha)","KG/HA","2013","330.0694946"
"Togo","1.1.4.1. Beans, dry","Yield on area harvested (Kg/Ha)","KG/HA","2014","460.351458"
"Togo","1.1.4.1. Beans, dry","Yield on area harvested (Kg/Ha)","KG/HA","2015","490.7461952"
"Togo","1.1.4.1. Beans, dry","Yield on area harvested (Kg/Ha)","KG/HA","2016","567.3113285"
"Togo","1.1.4.1. Beans, dry","Yield on area harvested (Kg/Ha)","KG/HA","2017","539.4388249"
"Togo","1.1.4.1. Beans, dry","Yield on area harvested (Kg/Ha)","KG/HA","2018","547.9549676"
"Togo","1.1.4.1. Beans, dry","Yield on area harvested (Kg/Ha)","KG/HA","2019","521.391001348108"
"Togo","1.1.4.1. Beans, dry","Yield on area harvested (Kg/Ha)","KG/HA","2020","527.19398073246"
"Togo","1.1.4.1. Beans, dry","Yield on area harvested (Kg/Ha)","KG/HA","2021","546.747144025743"
"Togo","1.1.4.1. Beans, dry","Yield on area harvested (Kg/Ha)","KG/HA","2022","549"
"Togo","1.1.4.1. Beans, dry","Production on area harvested (Tons)","Tons","2000","41760"
"Togo","1.1.4.1. Beans, dry","Production on area harvested (Tons)","Tons","2001","41338"
"Togo","1.1.4.1. Beans, dry","Production on area harvested (Tons)","Tons","2002","44673"
"Togo","1.1.4.1. Beans, dry","Production on area harvested (Tons)","Tons","2003","43631"
"Togo","1.1.4.1. Beans, dry","Production on area harvested (Tons)","Tons","2004","49419"
"Togo","1.1.4.1. Beans, dry","Production on area harvested (Tons)","Tons","2005","67359"
"Togo","1.1.4.1. Beans, dry","Production on area harvested (Tons)","Tons","2006","52809"
"Togo","1.1.4.1. Beans, dry","Production on area harvested (Tons)","Tons","2007","62942"
"Togo","1.1.4.1. Beans, dry","Production on area harvested (Tons)","Tons","2008","67325"
"Togo","1.1.4.1. Beans, dry","Production on area harvested (Tons)","Tons","2009","72366.93042"
"Togo","1.1.4.1. Beans, dry","Production on area harvested (Tons)","Tons","2010","76190"
"Togo","1.1.4.1. Beans, dry","Production on area harvested (Tons)","Tons","2011","76465"
"Togo","1.1.4.1. Beans, dry","Production on area harvested (Tons)","Tons","2012","155419.21501"
"Togo","1.1.4.1. Beans, dry","Production on area harvested (Tons)","Tons","2013","116602"
"Togo","1.1.4.1. Beans, dry","Production on area harvested (Tons)","Tons","2014","172119.362091225"
"Togo","1.1.4.1. Beans, dry","Production on area harvested (Tons)","Tons","2015","177417"
"Togo","1.1.4.1. Beans, dry","Production on area harvested (Tons)","Tons","2016","200087.772002"
"Togo","1.1.4.1. Beans, dry","Production on area harvested (Tons)","Tons","2017","199358.9841"
"Togo","1.1.4.1. Beans, dry","Production on area harvested (Tons)","Tons","2018","207551.6783"
"Togo","1.1.4.1. Beans, dry","Production on area harvested (Tons)","Tons","2019","202730.162258523"
"Togo","1.1.4.1. Beans, dry","Production on area harvested (Tons)","Tons","2020","202265.364999805"
"Togo","1.1.4.1. Beans, dry","Production on area harvested (Tons)","Tons","2021","211876"
"Togo","1.1.4.1. Beans, dry","Production on area harvested (Tons)","Tons","2022","216518"
"Togo","1.1.4.1. Beans, dry","Imports (Tons)","Tons","2000","46"
"Togo","1.1.4.1. Beans, dry","Imports (Tons)","Tons","2001","151"
"Togo","1.1.4.1. Beans, dry","Imports (Tons)","Tons","2003","7"
"Togo","1.1.4.1. Beans, dry","Imports (Tons)","Tons","2004","3"
"Togo","1.1.4.1. Beans, dry","Imports (Tons)","Tons","2005","8"
"Togo","1.1.4.1. Beans, dry","Imports (Tons)","Tons","2007","10"
"Togo","1.1.4.1. Beans, dry","Imports (Tons)","Tons","2009","145"
"Togo","1.1.4.1. Beans, dry","Imports (Tons)","Tons","2010","670"
"Togo","1.1.4.1. Beans, dry","Imports (Tons)","Tons","2011","243"
"Togo","1.1.4.1. Beans, dry","Imports (Tons)","Tons","2012","114.786"
"Togo","1.1.4.1. Beans, dry","Imports (Tons)","Tons","2013","2"
"Togo","1.1.4.1. Beans, dry","Imports (Tons)","Tons","2014","503"
"Togo","1.1.4.1. Beans, dry","Imports (Tons)","Tons","2015","188.05"
"Togo","1.1.4.1. Beans, dry","Imports (Tons)","Tons","2017","19.95"
"Togo","1.1.4.1. Beans, dry","Imports (Tons)","Tons","2018","46.881"
"Togo","1.1.4.1. Beans, dry","Imports (Tons)","Tons","2019","102"
"Togo","1.1.4.1. Beans, dry","Imports (Tons)","Tons","2020","644"
"Togo","1.1.4.1. Beans, dry","Exports (Tons)","Tons","2000","19"
"Togo","1.1.4.1. Beans, dry","Exports (Tons)","Tons","2001","8.2"
"Togo","1.1.4.1. Beans, dry","Exports (Tons)","Tons","2002","0.297"
"Togo","1.1.4.1. Beans, dry","Exports (Tons)","Tons","2007","5"
"Togo","1.1.4.1. Beans, dry","Exports (Tons)","Tons","2009","2"
"Togo","1.1.4.1. Beans, dry","Exports (Tons)","Tons","2010","4.6"
"Togo","1.1.4.1. Beans, dry","Exports (Tons)","Tons","2011","180"
"Togo","1.1.4.1. Beans, dry","Exports (Tons)","Tons","2013","222"
"Togo","1.1.4.1. Beans, dry","Exports (Tons)","Tons","2016","45"
"Togo","1.1.4.1. Beans, dry","Exports (Tons)","Tons","2017","9.036"
"Togo","1.1.4.1. Beans, dry","Exports (Tons)","Tons","2018","49"
"Togo","1.1.4.1. Beans, dry","Exports (Tons)","Tons","2019","8"
"Togo","1.1.4.1. Beans, dry","Exports (Tons)","Tons","2020","45"
"Togo","1.1.4.1. Beans, dry","Exports (Tons)","Tons","2021","15"
"Togo","1.1.4.2. Peas, dry","Imports (Tons)","","2022","3242.523"
"Togo","1.1.4.2. Peas, dry","Exports (Tons)","","2022","160"
"Togo","1.1.4.6. Other pulses, specify","Area planted (Ha)","Ha","2010","6906"
"Togo","1.1.4.6. Other pulses, specify","Area planted (Ha)","Ha","2011","21612"
"Togo","1.1.4.6. Other pulses, specify","Area planted (Ha)","Ha","2012","13414"
"Togo","1.1.4.6. Other pulses, specify","Area planted (Ha)","Ha","2013","21612"
"Togo","1.1.4.6. Other pulses, specify","Area planted (Ha)","Ha","2014","20601"
"Togo","1.1.4.6. Other pulses, specify","Area planted (Ha)","Ha","2016","27645"
"Togo","1.1.4.6. Other pulses, specify","Area planted (Ha)","Ha","2017","26702"
"Togo","1.1.4.6. Other pulses, specify","Area harvested (Ha)","Ha","2010","6906"
"Togo","1.1.4.6. Other pulses, specify","Area harvested (Ha)","Ha","2011","21612"
"Togo","1.1.4.6. Other pulses, specify","Area harvested (Ha)","Ha","2012","13414"
"Togo","1.1.4.6. Other pulses, specify","Area harvested (Ha)","Ha","2013","21612"
"Togo","1.1.4.6. Other pulses, specify","Area harvested (Ha)","Ha","2014","20601"
"Togo","1.1.4.6. Other pulses, specify","Yield on area harvested (Kg/Ha)","KG/HA","2010","952.6498697"
"Togo","1.1.4.6. Other pulses, specify","Yield on area harvested (Kg/Ha)","KG/HA","2011","874.4678882"
"Togo","1.1.4.6. Other pulses, specify","Yield on area harvested (Kg/Ha)","KG/HA","2012","966.0056657"
"Togo","1.1.4.6. Other pulses, specify","Yield on area harvested (Kg/Ha)","KG/HA","2013","874.4678882"
"Togo","1.1.4.6. Other pulses, specify","Yield on area harvested (Kg/Ha)","KG/HA","2014","901.3154701"
"Togo","1.1.4.6. Other pulses, specify","Production on area harvested (Tons)","Tons","2010","6579"
"Togo","1.1.4.6. Other pulses, specify","Production on area harvested (Tons)","Tons","2011","18899"
"Togo","1.1.4.6. Other pulses, specify","Production on area harvested (Tons)","Tons","2012","12958"
"Togo","1.1.4.6. Other pulses, specify","Production on area harvested (Tons)","Tons","2013","18899"
"Togo","1.1.4.6. Other pulses, specify","Production on area harvested (Tons)","Tons","2014","18568"
"Togo","1.1.4.6. Other pulses, specify","Production on area harvested (Tons)","Tons","2016","20734"
"Togo","1.1.4.6. Other pulses, specify","Production on area harvested (Tons)","Tons","2017","20217"
"Togo","1.1.5.1. Soybeans","Area planted (Ha)","Ha","2012","170030"
"Togo","1.1.5.1. Soybeans","Area planted (Ha)","Ha","2013","160816"
"Togo","1.1.5.1. Soybeans","Area planted (Ha)","Ha","2014","141504"
"Togo","1.1.5.1. Soybeans","Area planted (Ha)","Ha","2015","46152.88"
"Togo","1.1.5.1. Soybeans","Area planted (Ha)","Ha","2016","60077"
"Togo","1.1.5.1. Soybeans","Area planted (Ha)","Ha","2017","62763.01949"
"Togo","1.1.5.1. Soybeans","Area planted (Ha)","Ha","2018","66772.48593"
"Togo","1.1.5.1. Soybeans","Area planted (Ha)","Ha","2021","203389"
"Togo","1.1.5.1. Soybeans","Area planted (Ha)","Ha","2022","231720"
"Togo","1.1.5.1. Soybeans","Area harvested (Ha)","Ha","2012","170030"
"Togo","1.1.5.1. Soybeans","Area harvested (Ha)","Ha","2013","160816"
"Togo","1.1.5.1. Soybeans","Area harvested (Ha)","Ha","2014","141504"
"Togo","1.1.5.1. Soybeans","Area harvested (Ha)","Ha","2015","46152.88"
"Togo","1.1.5.1. Soybeans","Area harvested (Ha)","Ha","2016","60077"
"Togo","1.1.5.1. Soybeans","Area harvested (Ha)","Ha","2017","62763.01949"
"Togo","1.1.5.1. Soybeans","Area harvested (Ha)","Ha","2018","66772.48593"
"Togo","1.1.5.1. Soybeans","Area harvested (Ha)","Ha","2021","203389"
"Togo","1.1.5.1. Soybeans","Area harvested (Ha)","Ha","2022","231720"
"Togo","1.1.5.1. Soybeans","Yield on area harvested (Kg/Ha)","KG/HA","2012","525.9777686"
"Togo","1.1.5.1. Soybeans","Yield on area harvested (Kg/Ha)","KG/HA","2013","556.1200378"
"Togo","1.1.5.1. Soybeans","Yield on area harvested (Kg/Ha)","KG/HA","2014","658.9566373"
"Togo","1.1.5.1. Soybeans","Yield on area harvested (Kg/Ha)","KG/HA","2015","532.3828112"
"Togo","1.1.5.1. Soybeans","Yield on area harvested (Kg/Ha)","KG/HA","2016","655.3816849"
"Togo","1.1.5.1. Soybeans","Yield on area harvested (Kg/Ha)","KG/HA","2017","678.173128"
"Togo","1.1.5.1. Soybeans","Yield on area harvested (Kg/Ha)","KG/HA","2018","670.1120883"
"Togo","1.1.5.1. Soybeans","Yield on area harvested (Kg/Ha)","KG/HA","2021","1020.72383462232"
"Togo","1.1.5.1. Soybeans","Yield on area harvested (Kg/Ha)","KG/HA","2022","1020"
"Togo","1.1.5.1. Soybeans","Production on area harvested (Tons)","Tons","2012","89432"
"Togo","1.1.5.1. Soybeans","Production on area harvested (Tons)","Tons","2013","89433"
"Togo","1.1.5.1. Soybeans","Production on area harvested (Tons)","Tons","2014","93245"
"Togo","1.1.5.1. Soybeans","Production on area harvested (Tons)","Tons","2015","24571"
"Togo","1.1.5.1. Soybeans","Production on area harvested (Tons)","Tons","2016","39373.36548"
"Togo","1.1.5.1. Soybeans","Production on area harvested (Tons)","Tons","2017","42564.19325"
"Togo","1.1.5.1. Soybeans","Production on area harvested (Tons)","Tons","2018","44745.04999"
"Togo","1.1.5.1. Soybeans","Production on area harvested (Tons)","Tons","2021","207604"
"Togo","1.1.5.1. Soybeans","Production on area harvested (Tons)","Tons","2022","236450"
"Togo","1.1.5.1. Soybeans","Imports (Tons)","Tons","2001","0"
"Togo","1.1.5.1. Soybeans","Imports (Tons)","Tons","2011","281"
"Togo","1.1.5.1. Soybeans","Imports (Tons)","Tons","2012","0.017"
"Togo","1.1.5.1. Soybeans","Imports (Tons)","Tons","2016","588"
"Togo","1.1.5.1. Soybeans","Imports (Tons)","Tons","2017","21066"
"Togo","1.1.5.1. Soybeans","Imports (Tons)","Tons","2018","3"
"Togo","1.1.5.1. Soybeans","Imports (Tons)","Tons","2019","170"
"Togo","1.1.5.1. Soybeans","Imports (Tons)","Tons","2020","7846"
"Togo","1.1.5.1. Soybeans","Imports (Tons)","Tons","2022","37326.78"
"Togo","1.1.5.1. Soybeans","Exports (Tons)","Tons","2004","200"
"Togo","1.1.5.1. Soybeans","Exports (Tons)","Tons","2005","90"
"Togo","1.1.5.1. Soybeans","Exports (Tons)","Tons","2007","99"
"Togo","1.1.5.1. Soybeans","Exports (Tons)","Tons","2008","500"
"Togo","1.1.5.1. Soybeans","Exports (Tons)","Tons","2010","435"
"Togo","1.1.5.1. Soybeans","Exports (Tons)","Tons","2011","289"
"Togo","1.1.5.1. Soybeans","Exports (Tons)","Tons","2012","2101"
"Togo","1.1.5.1. Soybeans","Exports (Tons)","Tons","2013","6365.75"
"Togo","1.1.5.1. Soybeans","Exports (Tons)","Tons","2014","7497.2"
"Togo","1.1.5.1. Soybeans","Exports (Tons)","Tons","2015","10229.96"
"Togo","1.1.5.1. Soybeans","Exports (Tons)","Tons","2016","16755.782"
"Togo","1.1.5.1. Soybeans","Exports (Tons)","Tons","2017","21066"
"Togo","1.1.5.1. Soybeans","Exports (Tons)","Tons","2018","28156.914"
"Togo","1.1.5.1. Soybeans","Exports (Tons)","Tons","2019","52602"
"Togo","1.1.5.1. Soybeans","Exports (Tons)","Tons","2020","89239"
"Togo","1.1.5.1. Soybeans","Exports (Tons)","Tons","2022","129786.698"
"Togo","1.1.5.2. Groundnuts, shelled","Area planted (Ha)","Ha","2000","53896"
"Togo","1.1.5.2. Groundnuts, shelled","Area planted (Ha)","Ha","2001","58841"
"Togo","1.1.5.2. Groundnuts, shelled","Area planted (Ha)","Ha","2002","51660"
"Togo","1.1.5.2. Groundnuts, shelled","Area planted (Ha)","Ha","2003","65253"
"Togo","1.1.5.2. Groundnuts, shelled","Area planted (Ha)","Ha","2004","59086"
"Togo","1.1.5.2. Groundnuts, shelled","Area planted (Ha)","Ha","2005","53544"
"Togo","1.1.5.2. Groundnuts, shelled","Area planted (Ha)","Ha","2006","52062"
"Togo","1.1.5.2. Groundnuts, shelled","Area planted (Ha)","Ha","2007","57881"
"Togo","1.1.5.2. Groundnuts, shelled","Area planted (Ha)","Ha","2008","67357"
"Togo","1.1.5.2. Groundnuts, shelled","Area planted (Ha)","Ha","2009","67691.37"
"Togo","1.1.5.2. Groundnuts, shelled","Area planted (Ha)","Ha","2010","69621"
"Togo","1.1.5.2. Groundnuts, shelled","Area planted (Ha)","Ha","2011","68784"
"Togo","1.1.5.2. Groundnuts, shelled","Area planted (Ha)","Ha","2012","65421.39"
"Togo","1.1.5.2. Groundnuts, shelled","Area planted (Ha)","Ha","2013","60813"
"Togo","1.1.5.2. Groundnuts, shelled","Area planted (Ha)","Ha","2014","61119.92864"
"Togo","1.1.5.2. Groundnuts, shelled","Area planted (Ha)","Ha","2015","61427.9651"
"Togo","1.1.5.2. Groundnuts, shelled","Area planted (Ha)","Ha","2016","58078"
"Togo","1.1.5.2. Groundnuts, shelled","Area planted (Ha)","Ha","2017","59008.15924"
"Togo","1.1.5.2. Groundnuts, shelled","Area planted (Ha)","Ha","2018","59289.64736"
"Togo","1.1.5.2. Groundnuts, shelled","Area planted (Ha)","Ha","2019","59945.813240781"
"Togo","1.1.5.2. Groundnuts, shelled","Area planted (Ha)","Ha","2020","58376.6055564337"
"Togo","1.1.5.2. Groundnuts, shelled","Area planted (Ha)","Ha","2021","58659"
"Togo","1.1.5.2. Groundnuts, shelled","Area planted (Ha)","Ha","2022","59515"
"Togo","1.1.5.2. Groundnuts, shelled","Area harvested (Ha)","Ha","2000","53896"
"Togo","1.1.5.2. Groundnuts, shelled","Area harvested (Ha)","Ha","2001","58841"
"Togo","1.1.5.2. Groundnuts, shelled","Area harvested (Ha)","Ha","2002","51660"
"Togo","1.1.5.2. Groundnuts, shelled","Area harvested (Ha)","Ha","2003","65253"
"Togo","1.1.5.2. Groundnuts, shelled","Area harvested (Ha)","Ha","2004","59086"
"Togo","1.1.5.2. Groundnuts, shelled","Area harvested (Ha)","Ha","2005","53544"
"Togo","1.1.5.2. Groundnuts, shelled","Area harvested (Ha)","Ha","2006","52062"
"Togo","1.1.5.2. Groundnuts, shelled","Area harvested (Ha)","Ha","2007","57881"
"Togo","1.1.5.2. Groundnuts, shelled","Area harvested (Ha)","Ha","2008","67357"
"Togo","1.1.5.2. Groundnuts, shelled","Area harvested (Ha)","Ha","2009","67691.37"
"Togo","1.1.5.2. Groundnuts, shelled","Area harvested (Ha)","Ha","2010","69621"
"Togo","1.1.5.2. Groundnuts, shelled","Area harvested (Ha)","Ha","2011","68784"
"Togo","1.1.5.2. Groundnuts, shelled","Area harvested (Ha)","Ha","2012","65421.39"
"Togo","1.1.5.2. Groundnuts, shelled","Area harvested (Ha)","Ha","2013","60813"
"Togo","1.1.5.2. Groundnuts, shelled","Area harvested (Ha)","Ha","2014","61119.92864"
"Togo","1.1.5.2. Groundnuts, shelled","Area harvested (Ha)","Ha","2015","61427.9651"
"Togo","1.1.5.2. Groundnuts, shelled","Area harvested (Ha)","Ha","2016","58078"
"Togo","1.1.5.2. Groundnuts, shelled","Area harvested (Ha)","Ha","2017","59008.15924"
"Togo","1.1.5.2. Groundnuts, shelled","Area harvested (Ha)","Ha","2018","59289.64736"
"Togo","1.1.5.2. Groundnuts, shelled","Area harvested (Ha)","Ha","2019","59945.813240781"
"Togo","1.1.5.2. Groundnuts, shelled","Area harvested (Ha)","Ha","2020","58376.6055564337"
"Togo","1.1.5.2. Groundnuts, shelled","Area harvested (Ha)","Ha","2021","58659"
"Togo","1.1.5.2. Groundnuts, shelled","Area harvested (Ha)","Ha","2022","59515"
"Togo","1.1.5.2. Groundnuts, shelled","Yield on area harvested (Kg/Ha)","KG/HA","2000","550"
"Togo","1.1.5.2. Groundnuts, shelled","Yield on area harvested (Kg/Ha)","KG/HA","2001","616"
"Togo","1.1.5.2. Groundnuts, shelled","Yield on area harvested (Kg/Ha)","KG/HA","2002","755"
"Togo","1.1.5.2. Groundnuts, shelled","Yield on area harvested (Kg/Ha)","KG/HA","2003","687"
"Togo","1.1.5.2. Groundnuts, shelled","Yield on area harvested (Kg/Ha)","KG/HA","2004","678"
"Togo","1.1.5.2. Groundnuts, shelled","Yield on area harvested (Kg/Ha)","KG/HA","2005","625"
"Togo","1.1.5.2. Groundnuts, shelled","Yield on area harvested (Kg/Ha)","KG/HA","2006","879"
"Togo","1.1.5.2. Groundnuts, shelled","Yield on area harvested (Kg/Ha)","KG/HA","2007","678"
"Togo","1.1.5.2. Groundnuts, shelled","Yield on area harvested (Kg/Ha)","KG/HA","2008","684"
"Togo","1.1.5.2. Groundnuts, shelled","Yield on area harvested (Kg/Ha)","KG/HA","2009","657.8110193"
"Togo","1.1.5.2. Groundnuts, shelled","Yield on area harvested (Kg/Ha)","KG/HA","2010","667.8438045"
"Togo","1.1.5.2. Groundnuts, shelled","Yield on area harvested (Kg/Ha)","KG/HA","2011","688.6630612"
"Togo","1.1.5.2. Groundnuts, shelled","Yield on area harvested (Kg/Ha)","KG/HA","2012","687.8947161"
"Togo","1.1.5.2. Groundnuts, shelled","Yield on area harvested (Kg/Ha)","KG/HA","2013","710.8019667"
"Togo","1.1.5.2. Groundnuts, shelled","Yield on area harvested (Kg/Ha)","KG/HA","2014","665.2967534"
"Togo","1.1.5.2. Groundnuts, shelled","Yield on area harvested (Kg/Ha)","KG/HA","2015","665.8693632"
"Togo","1.1.5.2. Groundnuts, shelled","Yield on area harvested (Kg/Ha)","KG/HA","2016","736.7265109"
"Togo","1.1.5.2. Groundnuts, shelled","Yield on area harvested (Kg/Ha)","KG/HA","2017","737.074581"
"Togo","1.1.5.2. Groundnuts, shelled","Yield on area harvested (Kg/Ha)","KG/HA","2018","739.457988"
"Togo","1.1.5.2. Groundnuts, shelled","Yield on area harvested (Kg/Ha)","KG/HA","2019","743.71050632733"
"Togo","1.1.5.2. Groundnuts, shelled","Yield on area harvested (Kg/Ha)","KG/HA","2020","743.71050632733"
"Togo","1.1.5.2. Groundnuts, shelled","Yield on area harvested (Kg/Ha)","KG/HA","2021","756.354523602516"
"Togo","1.1.5.2. Groundnuts, shelled","Yield on area harvested (Kg/Ha)","KG/HA","2022","757"
"Togo","1.1.5.2. Groundnuts, shelled","Production on area harvested (Tons)","Tons","2000","25972"
"Togo","1.1.5.2. Groundnuts, shelled","Production on area harvested (Tons)","Tons","2001","33023"
"Togo","1.1.5.2. Groundnuts, shelled","Production on area harvested (Tons)","Tons","2002","35682"
"Togo","1.1.5.2. Groundnuts, shelled","Production on area harvested (Tons)","Tons","2003","38244"
"Togo","1.1.5.2. Groundnuts, shelled","Production on area harvested (Tons)","Tons","2004","34870"
"Togo","1.1.5.2. Groundnuts, shelled","Production on area harvested (Tons)","Tons","2005","26919"
"Togo","1.1.5.2. Groundnuts, shelled","Production on area harvested (Tons)","Tons","2006","32413"
"Togo","1.1.5.2. Groundnuts, shelled","Production on area harvested (Tons)","Tons","2007","35952"
"Togo","1.1.5.2. Groundnuts, shelled","Production on area harvested (Tons)","Tons","2008","42647"
"Togo","1.1.5.2. Groundnuts, shelled","Production on area harvested (Tons)","Tons","2009","44528.12909"
"Togo","1.1.5.2. Groundnuts, shelled","Production on area harvested (Tons)","Tons","2010","46495.95351"
"Togo","1.1.5.2. Groundnuts, shelled","Production on area harvested (Tons)","Tons","2011","47369"
"Togo","1.1.5.2. Groundnuts, shelled","Production on area harvested (Tons)","Tons","2012","45003.0285"
"Togo","1.1.5.2. Groundnuts, shelled","Production on area harvested (Tons)","Tons","2013","43226"
"Togo","1.1.5.2. Groundnuts, shelled","Production on area harvested (Tons)","Tons","2014","40662.89009"
"Togo","1.1.5.2. Groundnuts, shelled","Production on area harvested (Tons)","Tons","2015","40903"
"Togo","1.1.5.2. Groundnuts, shelled","Production on area harvested (Tons)","Tons","2016","42787.6023"
"Togo","1.1.5.2. Groundnuts, shelled","Production on area harvested (Tons)","Tons","2017","43493.41425"
"Togo","1.1.5.2. Groundnuts, shelled","Production on area harvested (Tons)","Tons","2018","43842.20335"
"Togo","1.1.5.2. Groundnuts, shelled","Production on area harvested (Tons)","Tons","2019","44582.3311175048"
"Togo","1.1.5.2. Groundnuts, shelled","Production on area harvested (Tons)","Tons","2020","43407.2369539799"
"Togo","1.1.5.2. Groundnuts, shelled","Production on area harvested (Tons)","Tons","2021","44367"
"Togo","1.1.5.2. Groundnuts, shelled","Production on area harvested (Tons)","Tons","2022","45074"
"Togo","1.1.5.2. Groundnuts, shelled","Imports (Tons)","","2008","0"
"Togo","1.1.5.2. Groundnuts, shelled","Imports (Tons)","","2009","0"
"Togo","1.1.5.2. Groundnuts, shelled","Imports (Tons)","","2010","3.465"
"Togo","1.1.5.2. Groundnuts, shelled","Imports (Tons)","","2011","19.2"
"Togo","1.1.5.2. Groundnuts, shelled","Imports (Tons)","","2012","0.083"
"Togo","1.1.5.2. Groundnuts, shelled","Imports (Tons)","","2013","25.229"
"Togo","1.1.5.2. Groundnuts, shelled","Imports (Tons)","","2014","0.36"
"Togo","1.1.5.2. Groundnuts, shelled","Imports (Tons)","","2015","4.125"
"Togo","1.1.5.2. Groundnuts, shelled","Imports (Tons)","","2016","10"
"Togo","1.1.5.2. Groundnuts, shelled","Imports (Tons)","","2017","0"
"Togo","1.1.5.2. Groundnuts, shelled","Imports (Tons)","","2018","3.5"
"Togo","1.1.5.2. Groundnuts, shelled","Imports (Tons)","","2019","0"
"Togo","1.1.5.2. Groundnuts, shelled","Imports (Tons)","","2020","4"
"Togo","1.1.5.2. Groundnuts, shelled","Imports (Tons)","","2021","0"
"Togo","1.1.5.2. Groundnuts, shelled","Imports (Tons)","","2022","95.5"
"Togo","1.1.5.2. Groundnuts, shelled","Exports (Tons)","","2008","19.8"
"Togo","1.1.5.2. Groundnuts, shelled","Exports (Tons)","","2009","2.273"
"Togo","1.1.5.2. Groundnuts, shelled","Exports (Tons)","","2010","0"
"Togo","1.1.5.2. Groundnuts, shelled","Exports (Tons)","","2011","0"
"Togo","1.1.5.2. Groundnuts, shelled","Exports (Tons)","","2012","0"
"Togo","1.1.5.2. Groundnuts, shelled","Exports (Tons)","","2013","0"
"Togo","1.1.5.2. Groundnuts, shelled","Exports (Tons)","","2014","26.15"
"Togo","1.1.5.2. Groundnuts, shelled","Exports (Tons)","","2015","57.243"
"Togo","1.1.5.2. Groundnuts, shelled","Exports (Tons)","","2016","1.55"
"Togo","1.1.5.2. Groundnuts, shelled","Exports (Tons)","","2017","0"
"Togo","1.1.5.2. Groundnuts, shelled","Exports (Tons)","","2018","0"
"Togo","1.1.5.2. Groundnuts, shelled","Exports (Tons)","","2019","0"
"Togo","1.1.5.2. Groundnuts, shelled","Exports (Tons)","","2020","0.108"
"Togo","1.1.5.2. Groundnuts, shelled","Exports (Tons)","","2021","0.6"
"Togo","1.1.5.2. Groundnuts, shelled","Exports (Tons)","","2022","395.693"
"Togo","1.1.5.3. Cottonseed","Area planted (Ha)","Ha","2001","141341"
"Togo","1.1.5.3. Cottonseed","Area planted (Ha)","Ha","2002","172885"
"Togo","1.1.5.3. Cottonseed","Area planted (Ha)","Ha","2003","198892"
"Togo","1.1.5.3. Cottonseed","Area planted (Ha)","Ha","2004","189985"
"Togo","1.1.5.3. Cottonseed","Area planted (Ha)","Ha","2005","202201"
"Togo","1.1.5.3. Cottonseed","Area planted (Ha)","Ha","2006","107347"
"Togo","1.1.5.3. Cottonseed","Area planted (Ha)","Ha","2007","61707"
"Togo","1.1.5.3. Cottonseed","Area planted (Ha)","Ha","2008","93603"
"Togo","1.1.5.3. Cottonseed","Area planted (Ha)","Ha","2009","57546"
"Togo","1.1.5.3. Cottonseed","Area planted (Ha)","Ha","2010","42760"
"Togo","1.1.5.3. Cottonseed","Area planted (Ha)","Ha","2011","61029"
"Togo","1.1.5.3. Cottonseed","Area planted (Ha)","Ha","2012","122020"
"Togo","1.1.5.3. Cottonseed","Area planted (Ha)","Ha","2013","93739"
"Togo","1.1.5.3. Cottonseed","Area planted (Ha)","Ha","2014","130585.95"
"Togo","1.1.5.3. Cottonseed","Area planted (Ha)","Ha","2015","112422"
"Togo","1.1.5.3. Cottonseed","Area planted (Ha)","Ha","2016","129929"
"Togo","1.1.5.3. Cottonseed","Area planted (Ha)","Ha","2017","168604"
"Togo","1.1.5.3. Cottonseed","Area planted (Ha)","Ha","2018","179653.141361257"
"Togo","1.1.5.3. Cottonseed","Area planted (Ha)","Ha","2019","180588"
"Togo","1.1.5.3. Cottonseed","Area planted (Ha)","Ha","2020","100050"
"Togo","1.1.5.3. Cottonseed","Area planted (Ha)","Ha","2021","68708"
"Togo","1.1.5.3. Cottonseed","Area harvested (Ha)","Ha","2001","134626"
"Togo","1.1.5.3. Cottonseed","Area harvested (Ha)","Ha","2002","164925"
"Togo","1.1.5.3. Cottonseed","Area harvested (Ha)","Ha","2003","194025"
"Togo","1.1.5.3. Cottonseed","Area harvested (Ha)","Ha","2004","186798"
"Togo","1.1.5.3. Cottonseed","Area harvested (Ha)","Ha","2005","198851"
"Togo","1.1.5.3. Cottonseed","Area harvested (Ha)","Ha","2006","104600"
"Togo","1.1.5.3. Cottonseed","Area harvested (Ha)","Ha","2007","61390"
"Togo","1.1.5.3. Cottonseed","Area harvested (Ha)","Ha","2008","89231"
"Togo","1.1.5.3. Cottonseed","Area harvested (Ha)","Ha","2009","55211"
"Togo","1.1.5.3. Cottonseed","Area harvested (Ha)","Ha","2010","42438"
"Togo","1.1.5.3. Cottonseed","Area harvested (Ha)","Ha","2011","60310"
"Togo","1.1.5.3. Cottonseed","Area harvested (Ha)","Ha","2012","122020"
"Togo","1.1.5.3. Cottonseed","Area harvested (Ha)","Ha","2013","93739"
"Togo","1.1.5.3. Cottonseed","Area harvested (Ha)","Ha","2014","130585.95"
"Togo","1.1.5.3. Cottonseed","Area harvested (Ha)","Ha","2015","112422"
"Togo","1.1.5.3. Cottonseed","Area harvested (Ha)","Ha","2016","129929"
"Togo","1.1.5.3. Cottonseed","Area harvested (Ha)","Ha","2017","168604"
"Togo","1.1.5.3. Cottonseed","Yield on area harvested (Kg/Ha)","KG/HA","2001","872"
"Togo","1.1.5.3. Cottonseed","Yield on area harvested (Kg/Ha)","KG/HA","2002","1021"
"Togo","1.1.5.3. Cottonseed","Yield on area harvested (Kg/Ha)","KG/HA","2003","962"
"Togo","1.1.5.3. Cottonseed","Yield on area harvested (Kg/Ha)","KG/HA","2004","879"
"Togo","1.1.5.3. Cottonseed","Yield on area harvested (Kg/Ha)","KG/HA","2005","873"
"Togo","1.1.5.3. Cottonseed","Yield on area harvested (Kg/Ha)","KG/HA","2006","625"
"Togo","1.1.5.3. Cottonseed","Yield on area harvested (Kg/Ha)","KG/HA","2007","651"
"Togo","1.1.5.3. Cottonseed","Yield on area harvested (Kg/Ha)","KG/HA","2008","539"
"Togo","1.1.5.3. Cottonseed","Yield on area harvested (Kg/Ha)","KG/HA","2009","562"
"Togo","1.1.5.3. Cottonseed","Yield on area harvested (Kg/Ha)","KG/HA","2010","657"
"Togo","1.1.5.3. Cottonseed","Yield on area harvested (Kg/Ha)","KG/HA","2011","777"
"Togo","1.1.5.3. Cottonseed","Yield on area harvested (Kg/Ha)","KG/HA","2012","661.6034257"
"Togo","1.1.5.3. Cottonseed","Yield on area harvested (Kg/Ha)","KG/HA","2013","830.497445"
"Togo","1.1.5.3. Cottonseed","Yield on area harvested (Kg/Ha)","KG/HA","2014","875.8809045"
"Togo","1.1.5.3. Cottonseed","Yield on area harvested (Kg/Ha)","KG/HA","2015","721.49517"
"Togo","1.1.5.3. Cottonseed","Yield on area harvested (Kg/Ha)","KG/HA","2016","869.7057624"
"Togo","1.1.5.3. Cottonseed","Yield on area harvested (Kg/Ha)","KG/HA","2017","694.91827"
"Togo","1.1.5.3. Cottonseed","Yield on area harvested (Kg/Ha)","KG/HA","2018","764"
"Togo","1.1.5.3. Cottonseed","Yield on area harvested (Kg/Ha)","KG/HA","2019","650"
"Togo","1.1.5.3. Cottonseed","Yield on area harvested (Kg/Ha)","KG/HA","2020","680"
"Togo","1.1.5.3. Cottonseed","Yield on area harvested (Kg/Ha)","KG/HA","2021","734"
"Togo","1.1.5.3. Cottonseed","Production on area harvested (Tons)","Tons","2001","117445"
"Togo","1.1.5.3. Cottonseed","Production on area harvested (Tons)","Tons","2002","168341"
"Togo","1.1.5.3. Cottonseed","Production on area harvested (Tons)","Tons","2003","186589"
"Togo","1.1.5.3. Cottonseed","Production on area harvested (Tons)","Tons","2004","164210"
"Togo","1.1.5.3. Cottonseed","Production on area harvested (Tons)","Tons","2005","173655"
"Togo","1.1.5.3. Cottonseed","Production on area harvested (Tons)","Tons","2006","65367"
"Togo","1.1.5.3. Cottonseed","Production on area harvested (Tons)","Tons","2007","39982"
"Togo","1.1.5.3. Cottonseed","Production on area harvested (Tons)","Tons","2008","48066"
"Togo","1.1.5.3. Cottonseed","Production on area harvested (Tons)","Tons","2009","31012"
"Togo","1.1.5.3. Cottonseed","Production on area harvested (Tons)","Tons","2010","27896"
"Togo","1.1.5.3. Cottonseed","Production on area harvested (Tons)","Tons","2011","46844"
"Togo","1.1.5.3. Cottonseed","Production on area harvested (Tons)","Tons","2012","80728.85"
"Togo","1.1.5.3. Cottonseed","Production on area harvested (Tons)","Tons","2013","77850"
"Togo","1.1.5.3. Cottonseed","Production on area harvested (Tons)","Tons","2014","114377.74"
"Togo","1.1.5.3. Cottonseed","Production on area harvested (Tons)","Tons","2015","81111.93"
"Togo","1.1.5.3. Cottonseed","Production on area harvested (Tons)","Tons","2016","108291"
"Togo","1.1.5.3. Cottonseed","Production on area harvested (Tons)","Tons","2017","117166"
"Togo","1.1.5.3. Cottonseed","Production on area harvested (Tons)","Tons","2018","137255"
"Togo","1.1.5.3. Cottonseed","Production on area harvested (Tons)","Tons","2019","116578"
"Togo","1.1.5.3. Cottonseed","Production on area harvested (Tons)","Tons","2020","68163"
"Togo","1.1.5.3. Cottonseed","Production on area harvested (Tons)","Tons","2021","50463"
"Togo","1.1.5.3. Cottonseed","Imports (Tons)","Tons","2002","5088"
"Togo","1.1.5.3. Cottonseed","Imports (Tons)","Tons","2022","104.5"
"Togo","1.1.5.3. Cottonseed","Exports (Tons)","Tons","2001","117445"
"Togo","1.1.5.3. Cottonseed","Exports (Tons)","Tons","2002","168341"
"Togo","1.1.5.3. Cottonseed","Exports (Tons)","Tons","2003","186589"
"Togo","1.1.5.3. Cottonseed","Exports (Tons)","Tons","2004","164210"
"Togo","1.1.5.3. Cottonseed","Exports (Tons)","Tons","2005","173655"
"Togo","1.1.5.3. Cottonseed","Exports (Tons)","Tons","2006","65367"
"Togo","1.1.5.3. Cottonseed","Exports (Tons)","Tons","2007","39982"
"Togo","1.1.5.3. Cottonseed","Exports (Tons)","Tons","2008","48066"
"Togo","1.1.5.3. Cottonseed","Exports (Tons)","Tons","2009","31012"
"Togo","1.1.5.3. Cottonseed","Exports (Tons)","Tons","2010","27896"
"Togo","1.1.5.3. Cottonseed","Exports (Tons)","Tons","2011","46844"
"Togo","1.1.5.3. Cottonseed","Exports (Tons)","Tons","2012","79549"
"Togo","1.1.5.3. Cottonseed","Exports (Tons)","Tons","2013","80729"
"Togo","1.1.5.3. Cottonseed","Exports (Tons)","Tons","2014","77850"
"Togo","1.1.5.3. Cottonseed","Exports (Tons)","Tons","2015","114378"
"Togo","1.1.5.3. Cottonseed","Exports (Tons)","Tons","2022","17244.71"
"Togo","1.1.5.5. Palm kernels","Production on area harvested (Tons)","Tons","2011","41011"
"Togo","1.1.5.5. Palm kernels","Production on area harvested (Tons)","Tons","2013","41011"
"Togo","1.1.5.6. Coconuts","Imports (Tons)","Tons","2000","2"
"Togo","1.1.5.6. Coconuts","Imports (Tons)","Tons","2001","8.07"
"Togo","1.1.5.6. Coconuts","Imports (Tons)","Tons","2002","7.45"
"Togo","1.1.5.6. Coconuts","Imports (Tons)","Tons","2003","2"
"Togo","1.1.5.6. Coconuts","Imports (Tons)","Tons","2017","68"
"Togo","1.1.5.6. Coconuts","Imports (Tons)","Tons","2018","191"
"Togo","1.1.5.6. Coconuts","Imports (Tons)","Tons","2022","45.056"
"Togo","1.1.5.6. Coconuts","Exports (Tons)","","2000","3"
"Togo","1.1.5.6. Coconuts","Exports (Tons)","","2001","0"
"Togo","1.1.5.6. Coconuts","Exports (Tons)","","2005","0"
"Togo","1.1.5.6. Coconuts","Exports (Tons)","","2008","35"
"Togo","1.1.5.6. Coconuts","Exports (Tons)","","2010","64"
"Togo","1.1.5.6. Coconuts","Exports (Tons)","","2011","1"
"Togo","1.1.5.6. Coconuts","Exports (Tons)","","2014","114"
"Togo","1.1.5.6. Coconuts","Exports (Tons)","","2015","90"
"Togo","1.1.5.6. Coconuts","Exports (Tons)","","2017","94"
"Togo","1.1.5.6. Coconuts","Exports (Tons)","","2018","64"
"Togo","1.1.5.6. Coconuts","Exports (Tons)","","2019","72"
"Togo","1.1.5.6. Coconuts","Exports (Tons)","","2020","72"
"Togo","1.1.5.6. Coconuts","Exports (Tons)","","2022","63.857"
"Togo","1.1.6.1. Tomatoes","Imports (Tons)","","2000","606"
"Togo","1.1.6.1. Tomatoes","Imports (Tons)","","2002","723"
"Togo","1.1.6.1. Tomatoes","Imports (Tons)","","2003","950"
"Togo","1.1.6.1. Tomatoes","Imports (Tons)","","2004","667"
"Togo","1.1.6.1. Tomatoes","Imports (Tons)","","2005","430"
"Togo","1.1.6.1. Tomatoes","Imports (Tons)","","2007","415"
"Togo","1.1.6.1. Tomatoes","Imports (Tons)","","2008","44.561"
"Togo","1.1.6.1. Tomatoes","Imports (Tons)","","2009","155.9"
"Togo","1.1.6.1. Tomatoes","Imports (Tons)","","2010","372.884"
"Togo","1.1.6.1. Tomatoes","Imports (Tons)","","2011","562.298"
"Togo","1.1.6.1. Tomatoes","Imports (Tons)","","2012","48.78"
"Togo","1.1.6.1. Tomatoes","Imports (Tons)","","2013","6.3"
"Togo","1.1.6.1. Tomatoes","Imports (Tons)","","2014","463.597"
"Togo","1.1.6.1. Tomatoes","Imports (Tons)","","2015","77.94"
"Togo","1.1.6.1. Tomatoes","Imports (Tons)","","2016","0.926"
"Togo","1.1.6.1. Tomatoes","Imports (Tons)","","2017","0.845"
"Togo","1.1.6.1. Tomatoes","Imports (Tons)","","2018","0"
"Togo","1.1.6.1. Tomatoes","Imports (Tons)","","2019","330.81"
"Togo","1.1.6.1. Tomatoes","Imports (Tons)","","2020","203.34"
"Togo","1.1.6.1. Tomatoes","Imports (Tons)","","2021","658.952"
"Togo","1.1.6.1. Tomatoes","Imports (Tons)","","2022","151.25"
"Togo","1.1.6.1. Tomatoes","Exports (Tons)","","2000","0"
"Togo","1.1.6.1. Tomatoes","Exports (Tons)","","2001","0"
"Togo","1.1.6.1. Tomatoes","Exports (Tons)","","2008","3114.233"
"Togo","1.1.6.1. Tomatoes","Exports (Tons)","","2009","353.32"
"Togo","1.1.6.1. Tomatoes","Exports (Tons)","","2010","1450.859"
"Togo","1.1.6.1. Tomatoes","Exports (Tons)","","2011","974.36"
"Togo","1.1.6.1. Tomatoes","Exports (Tons)","","2012","1892.115"
"Togo","1.1.6.1. Tomatoes","Exports (Tons)","","2013","2379.919"
"Togo","1.1.6.1. Tomatoes","Exports (Tons)","","2014","2555.255"
"Togo","1.1.6.1. Tomatoes","Exports (Tons)","","2015","4054.707"
"Togo","1.1.6.1. Tomatoes","Exports (Tons)","","2016","7104.398"
"Togo","1.1.6.1. Tomatoes","Exports (Tons)","","2017","4619.103"
"Togo","1.1.6.1. Tomatoes","Exports (Tons)","","2018","0"
"Togo","1.1.6.1. Tomatoes","Exports (Tons)","","2019","1169.843"
"Togo","1.1.6.1. Tomatoes","Exports (Tons)","","2020","699.454"
"Togo","1.1.6.1. Tomatoes","Exports (Tons)","","2021","2214.85"
"Togo","1.1.6.1. Tomatoes","Exports (Tons)","","2022","4001.682"
"Togo","1.1.6.2. Onions, dry","Imports (Tons)","","2000","1649"
"Togo","1.1.6.2. Onions, dry","Imports (Tons)","","2001","716"
"Togo","1.1.6.2. Onions, dry","Imports (Tons)","","2002","1335"
"Togo","1.1.6.2. Onions, dry","Imports (Tons)","","2003","964"
"Togo","1.1.6.2. Onions, dry","Imports (Tons)","","2004","922"
"Togo","1.1.6.2. Onions, dry","Imports (Tons)","","2005","1142"
"Togo","1.1.6.2. Onions, dry","Imports (Tons)","","2007","801"
"Togo","1.1.6.2. Onions, dry","Imports (Tons)","","2008","1705"
"Togo","1.1.6.2. Onions, dry","Imports (Tons)","","2009","3318"
"Togo","1.1.6.2. Onions, dry","Imports (Tons)","","2010","3542"
"Togo","1.1.6.2. Onions, dry","Imports (Tons)","","2011","5186"
"Togo","1.1.6.2. Onions, dry","Imports (Tons)","","2012","10472"
"Togo","1.1.6.2. Onions, dry","Imports (Tons)","","2013","11025"
"Togo","1.1.6.2. Onions, dry","Imports (Tons)","","2014","2400"
"Togo","1.1.6.2. Onions, dry","Imports (Tons)","","2015","360"
"Togo","1.1.6.2. Onions, dry","Imports (Tons)","","2016","231"
"Togo","1.1.6.2. Onions, dry","Imports (Tons)","","2017","208"
"Togo","1.1.6.2. Onions, dry","Imports (Tons)","","2018","968"
"Togo","1.1.6.2. Onions, dry","Imports (Tons)","","2019","6017"
"Togo","1.1.6.2. Onions, dry","Imports (Tons)","","2020","5601"
"Togo","1.1.6.2. Onions, dry","Imports (Tons)","","2022","6303.346"
"Togo","1.1.6.2. Onions, dry","Exports (Tons)","","2000","0"
"Togo","1.1.6.2. Onions, dry","Exports (Tons)","","2001","0"
"Togo","1.1.6.2. Onions, dry","Exports (Tons)","","2008","0"
"Togo","1.1.6.2. Onions, dry","Exports (Tons)","","2009","0"
"Togo","1.1.6.2. Onions, dry","Exports (Tons)","","2010","0"
"Togo","1.1.6.2. Onions, dry","Exports (Tons)","","2011","0"
"Togo","1.1.6.2. Onions, dry","Exports (Tons)","","2012","0"
"Togo","1.1.6.2. Onions, dry","Exports (Tons)","","2013","0"
"Togo","1.1.6.2. Onions, dry","Exports (Tons)","","2014","0"
"Togo","1.1.6.2. Onions, dry","Exports (Tons)","","2015","0"
"Togo","1.1.6.2. Onions, dry","Exports (Tons)","","2016","0"
"Togo","1.1.6.2. Onions, dry","Exports (Tons)","","2017","0"
"Togo","1.1.6.2. Onions, dry","Exports (Tons)","","2018","0"
"Togo","1.1.6.2. Onions, dry","Exports (Tons)","","2019","28.2"
"Togo","1.1.6.2. Onions, dry","Exports (Tons)","","2020","0"
"Togo","1.1.6.2. Onions, dry","Exports (Tons)","","2021","29.106"
"Togo","1.1.7.2. Bananas","Imports (Tons)","","2000","0"
"Togo","1.1.7.2. Bananas","Imports (Tons)","","2001","0"
"Togo","1.1.7.2. Bananas","Imports (Tons)","","2018","0"
"Togo","1.1.7.2. Bananas","Imports (Tons)","","2019","72"
"Togo","1.1.7.2. Bananas","Imports (Tons)","","2020","149"
"Togo","1.1.7.2. Bananas","Imports (Tons)","","2022","427.592"
"Togo","1.1.7.2. Bananas","Exports (Tons)","","2000","0"
"Togo","1.1.7.2. Bananas","Exports (Tons)","","2001","0"
"Togo","1.1.7.2. Bananas","Exports (Tons)","","2013","1"
"Togo","1.1.7.2. Bananas","Exports (Tons)","","2014","99"
"Togo","1.1.7.2. Bananas","Exports (Tons)","","2018","0"
"Togo","1.1.7.2. Bananas","Exports (Tons)","","2022","0.002"
"Togo","1.1.7.4. Grapes","Imports (Tons)","","2008","302.626"
"Togo","1.1.7.4. Grapes","Imports (Tons)","","2009","347.82"
"Togo","1.1.7.4. Grapes","Imports (Tons)","","2010","158.544"
"Togo","1.1.7.4. Grapes","Imports (Tons)","","2011","164.241"
"Togo","1.1.7.4. Grapes","Imports (Tons)","","2012","210.762"
"Togo","1.1.7.4. Grapes","Imports (Tons)","","2013","211.374"
"Togo","1.1.7.4. Grapes","Imports (Tons)","","2014","113.609"
"Togo","1.1.7.4. Grapes","Imports (Tons)","","2015","150.759"
"Togo","1.1.7.4. Grapes","Imports (Tons)","","2016","255.77"
"Togo","1.1.7.4. Grapes","Imports (Tons)","","2017","215.392"
"Togo","1.1.7.4. Grapes","Imports (Tons)","","2018","182.968"
"Togo","1.1.7.4. Grapes","Imports (Tons)","","2019","154.968"
"Togo","1.1.7.4. Grapes","Imports (Tons)","","2020","135.968"
"Togo","1.1.7.4. Grapes","Imports (Tons)","","2021","106.039"
"Togo","1.1.7.4. Grapes","Imports (Tons)","","2022","28.525"
"Togo","1.1.7.4. Grapes","Processing (oil,Alcohol, etc.) (Tons)","","2010","1"
"Togo","1.1.7.4. Grapes","Processing (oil,Alcohol, etc.) (Tons)","","2016","0"
"Togo","1.1.7.5. Citrus","Imports (Tons)","","2008","0"
"Togo","1.1.7.5. Citrus","Imports (Tons)","","2009","0"
"Togo","1.1.7.5. Citrus","Imports (Tons)","","2010","0"
"Togo","1.1.7.5. Citrus","Imports (Tons)","","2011","0"
"Togo","1.1.7.5. Citrus","Imports (Tons)","","2012","0"
"Togo","1.1.7.5. Citrus","Imports (Tons)","","2013","7524"
"Togo","1.1.7.5. Citrus","Imports (Tons)","","2014","3476"
"Togo","1.1.7.5. Citrus","Imports (Tons)","","2015","0"
"Togo","1.1.7.5. Citrus","Imports (Tons)","","2016","0"
"Togo","1.1.7.5. Citrus","Imports (Tons)","","2017","8777"
"Togo","1.1.7.5. Citrus","Imports (Tons)","","2018","12792"
"Togo","1.1.7.5. Citrus","Imports (Tons)","","2019","0"
"Togo","1.1.7.5. Citrus","Imports (Tons)","","2020","2685"
"Togo","1.1.7.5. Citrus","Imports (Tons)","","2021","0"
"Togo","1.1.8.1. Coffee, green","Area planted (Ha)","Ha","2012","37767.9324"
"Togo","1.1.8.1. Coffee, green","Area planted (Ha)","Ha","2013","35534.03359"
"Togo","1.1.8.1. Coffee, green","Area planted (Ha)","Ha","2014","38076"
"Togo","1.1.8.1. Coffee, green","Area planted (Ha)","Ha","2015","40498.7"
"Togo","1.1.8.1. Coffee, green","Area planted (Ha)","Ha","2016","40907.95"
"Togo","1.1.8.1. Coffee, green","Area planted (Ha)","Ha","2017","41237.09418"
"Togo","1.1.8.1. Coffee, green","Area planted (Ha)","Ha","2018","41949.94933"
"Togo","1.1.8.1. Coffee, green","Area planted (Ha)","Ha","2019","42693.760496778"
"Togo","1.1.8.1. Coffee, green","Area planted (Ha)","Ha","2020","43682.4539465835"
"Togo","1.1.8.1. Coffee, green","Area planted (Ha)","Ha","2021","43900"
"Togo","1.1.8.1. Coffee, green","Area planted (Ha)","Ha","2022","44393.8118656883"
"Togo","1.1.8.1. Coffee, green","Area harvested (Ha)","Ha","2012","37767.9324"
"Togo","1.1.8.1. Coffee, green","Area harvested (Ha)","Ha","2013","35534.03359"
"Togo","1.1.8.1. Coffee, green","Area harvested (Ha)","Ha","2014","38076"
"Togo","1.1.8.1. Coffee, green","Area harvested (Ha)","Ha","2015","40498.7"
"Togo","1.1.8.1. Coffee, green","Area harvested (Ha)","Ha","2016","40907.95"
"Togo","1.1.8.1. Coffee, green","Area harvested (Ha)","Ha","2017","41237.09418"
"Togo","1.1.8.1. Coffee, green","Area harvested (Ha)","Ha","2018","41949.94933"
"Togo","1.1.8.1. Coffee, green","Yield on area harvested (Kg/Ha)","KG/HA","2012","287.0825019"
"Togo","1.1.8.1. Coffee, green","Yield on area harvested (Kg/Ha)","KG/HA","2013","308.155278"
"Togo","1.1.8.1. Coffee, green","Yield on area harvested (Kg/Ha)","KG/HA","2014","240.0199601"
"Togo","1.1.8.1. Coffee, green","Yield on area harvested (Kg/Ha)","KG/HA","2015","397.3633722"
"Togo","1.1.8.1. Coffee, green","Yield on area harvested (Kg/Ha)","KG/HA","2016","438.3866706"
"Togo","1.1.8.1. Coffee, green","Yield on area harvested (Kg/Ha)","KG/HA","2017","448.0425922"
"Togo","1.1.8.1. Coffee, green","Yield on area harvested (Kg/Ha)","KG/HA","2018","457.5476529"
"Togo","1.1.8.1. Coffee, green","Yield on area harvested (Kg/Ha)","KG/HA","2019","500.143761186831"
"Togo","1.1.8.1. Coffee, green","Yield on area harvested (Kg/Ha)","KG/HA","2020","500.247749429256"
"Togo","1.1.8.1. Coffee, green","Yield on area harvested (Kg/Ha)","KG/HA","2021","500.247749429256"
"Togo","1.1.8.1. Coffee, green","Yield on area harvested (Kg/Ha)","KG/HA","2022","532.084402313811"
"Togo","1.1.8.1. Coffee, green","Production on area harvested (Tons)","Tons","2000","15200"
"Togo","1.1.8.1. Coffee, green","Production on area harvested (Tons)","Tons","2001","16900"
"Togo","1.1.8.1. Coffee, green","Production on area harvested (Tons)","Tons","2002","7900"
"Togo","1.1.8.1. Coffee, green","Production on area harvested (Tons)","Tons","2003","5500"
"Togo","1.1.8.1. Coffee, green","Production on area harvested (Tons)","Tons","2004","9300"
"Togo","1.1.8.1. Coffee, green","Production on area harvested (Tons)","Tons","2005","7200"
"Togo","1.1.8.1. Coffee, green","Production on area harvested (Tons)","Tons","2006","8900"
"Togo","1.1.8.1. Coffee, green","Production on area harvested (Tons)","Tons","2007","9300"
"Togo","1.1.8.1. Coffee, green","Production on area harvested (Tons)","Tons","2008","9143"
"Togo","1.1.8.1. Coffee, green","Production on area harvested (Tons)","Tons","2012","10842.51252"
"Togo","1.1.8.1. Coffee, green","Production on area harvested (Tons)","Tons","2013","10950"
"Togo","1.1.8.1. Coffee, green","Production on area harvested (Tons)","Tons","2014","15500"
"Togo","1.1.8.1. Coffee, green","Production on area harvested (Tons)","Tons","2015","16092.7"
"Togo","1.1.8.1. Coffee, green","Production on area harvested (Tons)","Tons","2016","17933.5"
"Togo","1.1.8.1. Coffee, green","Production on area harvested (Tons)","Tons","2017","18475.97457"
"Togo","1.1.8.1. Coffee, green","Production on area harvested (Tons)","Tons","2018","19076.47234"
"Togo","1.1.8.1. Coffee, green","Production on area harvested (Tons)","Tons","2019","21222.1587997233"
"Togo","1.1.8.1. Coffee, green","Production on area harvested (Tons)","Tons","2020","23713.1633966715"
"Togo","1.1.8.1. Coffee, green","Production on area harvested (Tons)","Tons","2021","23000"
"Togo","1.1.8.1. Coffee, green","Production on area harvested (Tons)","Tons","2022","25132.3493909927"
"Togo","1.1.8.1. Coffee, green","Imports (Tons)","","2000","1040"
"Togo","1.1.8.1. Coffee, green","Imports (Tons)","","2001","1"
"Togo","1.1.8.1. Coffee, green","Imports (Tons)","","2002","55"
"Togo","1.1.8.1. Coffee, green","Imports (Tons)","","2003","55"
"Togo","1.1.8.1. Coffee, green","Imports (Tons)","","2004","31"
"Togo","1.1.8.1. Coffee, green","Imports (Tons)","","2005","7"
"Togo","1.1.8.1. Coffee, green","Imports (Tons)","","2006","7"
"Togo","1.1.8.1. Coffee, green","Imports (Tons)","","2007","72"
"Togo","1.1.8.1. Coffee, green","Imports (Tons)","","2008","5"
"Togo","1.1.8.1. Coffee, green","Imports (Tons)","","2009","1"
"Togo","1.1.8.1. Coffee, green","Imports (Tons)","","2010","16"
"Togo","1.1.8.1. Coffee, green","Imports (Tons)","","2011","15"
"Togo","1.1.8.1. Coffee, green","Imports (Tons)","","2012","41"
"Togo","1.1.8.1. Coffee, green","Imports (Tons)","","2013","21"
"Togo","1.1.8.1. Coffee, green","Imports (Tons)","","2014","39"
"Togo","1.1.8.1. Coffee, green","Imports (Tons)","","2015","13"
"Togo","1.1.8.1. Coffee, green","Imports (Tons)","","2016","12"
"Togo","1.1.8.1. Coffee, green","Imports (Tons)","","2017","78"
"Togo","1.1.8.1. Coffee, green","Imports (Tons)","","2018","2"
"Togo","1.1.8.1. Coffee, green","Imports (Tons)","","2019","4"
"Togo","1.1.8.1. Coffee, green","Imports (Tons)","","2020","0"
"Togo","1.1.8.1. Coffee, green","Imports (Tons)","","2022","126.659"
"Togo","1.1.8.1. Coffee, green","Exports (Tons)","Tons","2008","4396"
"Togo","1.1.8.1. Coffee, green","Exports (Tons)","Tons","2009","4659"
"Togo","1.1.8.1. Coffee, green","Exports (Tons)","Tons","2010","10621"
"Togo","1.1.8.1. Coffee, green","Exports (Tons)","Tons","2011","11883"
"Togo","1.1.8.1. Coffee, green","Exports (Tons)","Tons","2012","3986"
"Togo","1.1.8.1. Coffee, green","Exports (Tons)","Tons","2013","4564"
"Togo","1.1.8.1. Coffee, green","Exports (Tons)","Tons","2014","7864"
"Togo","1.1.8.1. Coffee, green","Exports (Tons)","Tons","2015","10849"
"Togo","1.1.8.1. Coffee, green","Exports (Tons)","Tons","2016","4202"
"Togo","1.1.8.1. Coffee, green","Exports (Tons)","Tons","2017","1940"
"Togo","1.1.8.1. Coffee, green","Exports (Tons)","Tons","2022","5154.12"
"Togo","1.1.8.2. Cocoa beans","Area planted (Ha)","Ha","2012","25334.5117"
"Togo","1.1.8.2. Cocoa beans","Area planted (Ha)","Ha","2013","21842.72221"
"Togo","1.1.8.2. Cocoa beans","Area planted (Ha)","Ha","2014","23041"
"Togo","1.1.8.2. Cocoa beans","Area planted (Ha)","Ha","2015","23747.1"
"Togo","1.1.8.2. Cocoa beans","Area planted (Ha)","Ha","2016","24458.34"
"Togo","1.1.8.2. Cocoa beans","Area planted (Ha)","Ha","2017","25863.11939"
"Togo","1.1.8.2. Cocoa beans","Area planted (Ha)","Ha","2018","26356.66255"
"Togo","1.1.8.2. Cocoa beans","Area planted (Ha)","Ha","2019","26465.742914384"
"Togo","1.1.8.2. Cocoa beans","Area planted (Ha)","Ha","2020","27209.505094549"
"Togo","1.1.8.2. Cocoa beans","Area planted (Ha)","Ha","2021","27400"
"Togo","1.1.8.2. Cocoa beans","Area planted (Ha)","Ha","2022","27426.7763061791"
"Togo","1.1.8.2. Cocoa beans","Area harvested (Ha)","Ha","2012","25334.5117"
"Togo","1.1.8.2. Cocoa beans","Area harvested (Ha)","Ha","2013","21842.72221"
"Togo","1.1.8.2. Cocoa beans","Area harvested (Ha)","Ha","2014","23041"
"Togo","1.1.8.2. Cocoa beans","Area harvested (Ha)","Ha","2015","23747.1"
"Togo","1.1.8.2. Cocoa beans","Area harvested (Ha)","Ha","2016","24458.34"
"Togo","1.1.8.2. Cocoa beans","Area harvested (Ha)","Ha","2017","25863.11939"
"Togo","1.1.8.2. Cocoa beans","Area harvested (Ha)","Ha","2018","26356.66255"
"Togo","1.1.8.2. Cocoa beans","Area harvested (Ha)","Ha","2019","26465.742914384"
"Togo","1.1.8.2. Cocoa beans","Area harvested (Ha)","Ha","2020","27209.505094549"
"Togo","1.1.8.2. Cocoa beans","Area harvested (Ha)","Ha","2021","27400"
"Togo","1.1.8.2. Cocoa beans","Area harvested (Ha)","Ha","2022","27426.7763061791"
"Togo","1.1.8.2. Cocoa beans","Yield on area harvested (Kg/Ha)","KG/HA","2012","241.8045421"
"Togo","1.1.8.2. Cocoa beans","Yield on area harvested (Kg/Ha)","KG/HA","2013","321.3885126"
"Togo","1.1.8.2. Cocoa beans","Yield on area harvested (Kg/Ha)","KG/HA","2014","285.0570722"
"Togo","1.1.8.2. Cocoa beans","Yield on area harvested (Kg/Ha)","KG/HA","2015","437.3039234"
"Togo","1.1.8.2. Cocoa beans","Yield on area harvested (Kg/Ha)","KG/HA","2016","473.7402457"
"Togo","1.1.8.2. Cocoa beans","Yield on area harvested (Kg/Ha)","KG/HA","2017","475.1537742"
"Togo","1.1.8.2. Cocoa beans","Yield on area harvested (Kg/Ha)","KG/HA","2018","506.8344265"
"Togo","1.1.8.2. Cocoa beans","Yield on area harvested (Kg/Ha)","KG/HA","2019","580.14967364533"
"Togo","1.1.8.2. Cocoa beans","Yield on area harvested (Kg/Ha)","KG/HA","2020","581.174677195565"
"Togo","1.1.8.2. Cocoa beans","Yield on area harvested (Kg/Ha)","KG/HA","2021","581.174677195565"
"Togo","1.1.8.2. Cocoa beans","Yield on area harvested (Kg/Ha)","KG/HA","2022","640.652442508085"
"Togo","1.1.8.2. Cocoa beans","Production on area harvested (Tons)","Tons","2000","6600"
"Togo","1.1.8.2. Cocoa beans","Production on area harvested (Tons)","Tons","2001","10200"
"Togo","1.1.8.2. Cocoa beans","Production on area harvested (Tons)","Tons","2002","7500"
"Togo","1.1.8.2. Cocoa beans","Production on area harvested (Tons)","Tons","2003","5100"
"Togo","1.1.8.2. Cocoa beans","Production on area harvested (Tons)","Tons","2012","6126"
"Togo","1.1.8.2. Cocoa beans","Production on area harvested (Tons)","Tons","2013","7020"
"Togo","1.1.8.2. Cocoa beans","Production on area harvested (Tons)","Tons","2014","6568"
"Togo","1.1.8.2. Cocoa beans","Production on area harvested (Tons)","Tons","2015","10384.7"
"Togo","1.1.8.2. Cocoa beans","Production on area harvested (Tons)","Tons","2016","11586.9"
"Togo","1.1.8.2. Cocoa beans","Production on area harvested (Tons)","Tons","2017","12288.95879"
"Togo","1.1.8.2. Cocoa beans","Production on area harvested (Tons)","Tons","2018","12674.43112"
"Togo","1.1.8.2. Cocoa beans","Production on area harvested (Tons)","Tons","2019","14567.8712536367"
"Togo","1.1.8.2. Cocoa beans","Production on area harvested (Tons)","Tons","2020","17083.9654616069"
"Togo","1.1.8.2. Cocoa beans","Production on area harvested (Tons)","Tons","2021","15700"
"Togo","1.1.8.2. Cocoa beans","Production on area harvested (Tons)","Tons","2022","17531.8216606671"
"Togo","1.1.8.2. Cocoa beans","Imports (Tons)","","2000","6"
"Togo","1.1.8.2. Cocoa beans","Imports (Tons)","","2001","0"
"Togo","1.1.8.2. Cocoa beans","Imports (Tons)","","2003","279"
"Togo","1.1.8.2. Cocoa beans","Imports (Tons)","","2005","845"
"Togo","1.1.8.2. Cocoa beans","Imports (Tons)","","2007","3"
"Togo","1.1.8.2. Cocoa beans","Imports (Tons)","","2008","18"
"Togo","1.1.8.2. Cocoa beans","Imports (Tons)","","2009","20"
"Togo","1.1.8.2. Cocoa beans","Imports (Tons)","","2011","5"
"Togo","1.1.8.2. Cocoa beans","Imports (Tons)","","2016","7"
"Togo","1.1.8.2. Cocoa beans","Imports (Tons)","","2017","33"
"Togo","1.1.8.2. Cocoa beans","Imports (Tons)","","2018","2"
"Togo","1.1.8.2. Cocoa beans","Imports (Tons)","","2022","41"
"Togo","1.1.8.2. Cocoa beans","Exports (Tons)","Tons","2008","25475"
"Togo","1.1.8.2. Cocoa beans","Exports (Tons)","Tons","2009","13077"
"Togo","1.1.8.2. Cocoa beans","Exports (Tons)","Tons","2010","12944"
"Togo","1.1.8.2. Cocoa beans","Exports (Tons)","Tons","2011","13478"
"Togo","1.1.8.2. Cocoa beans","Exports (Tons)","Tons","2012","6510"
"Togo","1.1.8.2. Cocoa beans","Exports (Tons)","Tons","2013","4431"
"Togo","1.1.8.2. Cocoa beans","Exports (Tons)","Tons","2014","9632"
"Togo","1.1.8.2. Cocoa beans","Exports (Tons)","Tons","2015","9721"
"Togo","1.1.8.2. Cocoa beans","Exports (Tons)","Tons","2016","4387"
"Togo","1.1.8.2. Cocoa beans","Exports (Tons)","Tons","2017","4903"
"Togo","1.1.8.2. Cocoa beans","Exports (Tons)","Tons","2022","10999.565"
"Togo","1.1.8.3. Tea","Imports (Tons)","","2000","19"
"Togo","1.1.8.3. Tea","Imports (Tons)","","2001","17"
"Togo","1.1.8.3. Tea","Imports (Tons)","","2002","39"
"Togo","1.1.8.3. Tea","Imports (Tons)","","2003","125"
"Togo","1.1.8.3. Tea","Imports (Tons)","","2004","135"
"Togo","1.1.8.3. Tea","Imports (Tons)","","2005","64"
"Togo","1.1.8.3. Tea","Imports (Tons)","","2006","2313"
"Togo","1.1.8.3. Tea","Imports (Tons)","","2007","194"
"Togo","1.1.8.3. Tea","Imports (Tons)","","2008","203"
"Togo","1.1.8.3. Tea","Imports (Tons)","","2009","366"
"Togo","1.1.8.3. Tea","Imports (Tons)","","2010","225"
"Togo","1.1.8.3. Tea","Imports (Tons)","","2011","249"
"Togo","1.1.8.3. Tea","Imports (Tons)","","2012","330"
"Togo","1.1.8.3. Tea","Imports (Tons)","","2013","227"
"Togo","1.1.8.3. Tea","Imports (Tons)","","2014","249"
"Togo","1.1.8.3. Tea","Imports (Tons)","","2015","214"
"Togo","1.1.8.3. Tea","Imports (Tons)","","2016","286"
"Togo","1.1.8.3. Tea","Imports (Tons)","","2017","367"
"Togo","1.1.8.3. Tea","Imports (Tons)","","2018","550"
"Togo","1.1.8.3. Tea","Imports (Tons)","","2019","656"
"Togo","1.1.8.3. Tea","Imports (Tons)","","2020","362"
"Togo","1.1.8.3. Tea","Imports (Tons)","","2022","1792.901"
"Togo","1.1.8.3. Tea","Exports (Tons)","","2000","0"
"Togo","1.1.8.3. Tea","Exports (Tons)","","2001","0"
"Togo","1.1.8.3. Tea","Exports (Tons)","","2002","0"
"Togo","1.1.8.3. Tea","Exports (Tons)","","2003","4"
"Togo","1.1.8.3. Tea","Exports (Tons)","","2004","3"
"Togo","1.1.8.3. Tea","Exports (Tons)","","2005","1"
"Togo","1.1.8.3. Tea","Exports (Tons)","","2006","41"
"Togo","1.1.8.3. Tea","Exports (Tons)","","2007","3"
"Togo","1.1.8.3. Tea","Exports (Tons)","","2008","266"
"Togo","1.1.8.3. Tea","Exports (Tons)","","2009","18"
"Togo","1.1.8.3. Tea","Exports (Tons)","","2010","4"
"Togo","1.1.8.3. Tea","Exports (Tons)","","2011","92"
"Togo","1.1.8.3. Tea","Exports (Tons)","","2012","106"
"Togo","1.1.8.3. Tea","Exports (Tons)","","2013","141"
"Togo","1.1.8.3. Tea","Exports (Tons)","","2014","83"
"Togo","1.1.8.3. Tea","Exports (Tons)","","2015","66"
"Togo","1.1.8.3. Tea","Exports (Tons)","","2016","33"
"Togo","1.1.8.3. Tea","Exports (Tons)","","2017","32"
"Togo","1.1.8.3. Tea","Exports (Tons)","","2018","96"
"Togo","1.1.8.3. Tea","Exports (Tons)","","2019","90"
"Togo","1.1.8.3. Tea","Exports (Tons)","","2020","51"
"Togo","1.1.8.3. Tea","Exports (Tons)","","2022","1057.108"
"Togo","1.1.9. Crop prospects","Precipitation (1 = Good, 2 = Medium, 3 = Poor)","","2002","2"
"Togo","1.1.9. Crop prospects","Precipitation (1 = Good, 2 = Medium, 3 = Poor)","","2003","2"
"Togo","1.1.9. Crop prospects","Precipitation (1 = Good, 2 = Medium, 3 = Poor)","","2004","2"
"Togo","1.1.9. Crop prospects","Precipitation (1 = Good, 2 = Medium, 3 = Poor)","","2005","2"
"Togo","1.1.9. Crop prospects","Precipitation (1 = Good, 2 = Medium, 3 = Poor)","","2006","2"
"Togo","1.1.9. Crop prospects","Precipitation (1 = Good, 2 = Medium, 3 = Poor)","","2007","2"
"Togo","1.1.9. Crop prospects","Precipitation (1 = Good, 2 = Medium, 3 = Poor)","","2008","2"
"Togo","1.1.9. Crop prospects","Precipitation (1 = Good, 2 = Medium, 3 = Poor)","","2009","2"
"Togo","1.1.9. Crop prospects","Precipitation (1 = Good, 2 = Medium, 3 = Poor)","","2010","2"
"Togo","1.1.9. Crop prospects","Precipitation (1 = Good, 2 = Medium, 3 = Poor)","","2011","2"
"Togo","1.1.9. Crop prospects","Precipitation (1 = Good, 2 = Medium, 3 = Poor)","","2012","2"
"Togo","1.1.9. Crop prospects","Precipitation (1 = Good, 2 = Medium, 3 = Poor)","","2013","2"
"Togo","1.1.9. Crop prospects","Precipitation (1 = Good, 2 = Medium, 3 = Poor)","","2014","1"
"Togo","1.1.9. Crop prospects","Precipitation (1 = Good, 2 = Medium, 3 = Poor)","","2015","2"
"Togo","1.1.9. Crop prospects","Precipitation (1 = Good, 2 = Medium, 3 = Poor)","","2016","1"
"Togo","1.1.9. Crop prospects","Precipitation (1 = Good, 2 = Medium, 3 = Poor)","","2017","2"
"Togo","1.1.9. Crop prospects","Weathering (1 = Severe, 2 = Moderate, 3 = Mild)","","2002","2"
"Togo","1.1.9. Crop prospects","Weathering (1 = Severe, 2 = Moderate, 3 = Mild)","","2003","2"
"Togo","1.1.9. Crop prospects","Weathering (1 = Severe, 2 = Moderate, 3 = Mild)","","2004","2"
"Togo","1.1.9. Crop prospects","Weathering (1 = Severe, 2 = Moderate, 3 = Mild)","","2005","2"
"Togo","1.1.9. Crop prospects","Weathering (1 = Severe, 2 = Moderate, 3 = Mild)","","2006","2"
"Togo","1.1.9. Crop prospects","Weathering (1 = Severe, 2 = Moderate, 3 = Mild)","","2007","2"
"Togo","1.1.9. Crop prospects","Weathering (1 = Severe, 2 = Moderate, 3 = Mild)","","2008","2"
"Togo","1.1.9. Crop prospects","Weathering (1 = Severe, 2 = Moderate, 3 = Mild)","","2009","2"
"Togo","1.1.9. Crop prospects","Weathering (1 = Severe, 2 = Moderate, 3 = Mild)","","2010","2"
"Togo","1.1.9. Crop prospects","Weathering (1 = Severe, 2 = Moderate, 3 = Mild)","","2011","2"
"Togo","1.1.9. Crop prospects","Weathering (1 = Severe, 2 = Moderate, 3 = Mild)","","2012","2"
"Togo","1.1.9. Crop prospects","Weathering (1 = Severe, 2 = Moderate, 3 = Mild)","","2013","2"
"Togo","1.1.9. Crop prospects","Weathering (1 = Severe, 2 = Moderate, 3 = Mild)","","2014","2"
"Togo","1.1.9. Crop prospects","Weathering (1 = Severe, 2 = Moderate, 3 = Mild)","","2015","3"
"Togo","1.1.9. Crop prospects","Weathering (1 = Severe, 2 = Moderate, 3 = Mild)","","2016","3"
"Togo","1.1.9. Crop prospects","Weathering (1 = Severe, 2 = Moderate, 3 = Mild)","","2017","3"
"Togo","1.1.9. Crop prospects","Crop condictions (1 = Good, 2 = Medium, 3 = Poor)","","2002","2"
"Togo","1.1.9. Crop prospects","Crop condictions (1 = Good, 2 = Medium, 3 = Poor)","","2003","2"
"Togo","1.1.9. Crop prospects","Crop condictions (1 = Good, 2 = Medium, 3 = Poor)","","2004","2"
"Togo","1.1.9. Crop prospects","Crop condictions (1 = Good, 2 = Medium, 3 = Poor)","","2005","2"
"Togo","1.1.9. Crop prospects","Crop condictions (1 = Good, 2 = Medium, 3 = Poor)","","2006","2"
"Togo","1.1.9. Crop prospects","Crop condictions (1 = Good, 2 = Medium, 3 = Poor)","","2007","2"
"Togo","1.1.9. Crop prospects","Crop condictions (1 = Good, 2 = Medium, 3 = Poor)","","2008","2"
"Togo","1.1.9. Crop prospects","Crop condictions (1 = Good, 2 = Medium, 3 = Poor)","","2009","2"
"Togo","1.1.9. Crop prospects","Crop condictions (1 = Good, 2 = Medium, 3 = Poor)","","2010","2"
"Togo","1.1.9. Crop prospects","Crop condictions (1 = Good, 2 = Medium, 3 = Poor)","","2011","2"
"Togo","1.1.9. Crop prospects","Crop condictions (1 = Good, 2 = Medium, 3 = Poor)","","2012","2"
"Togo","1.1.9. Crop prospects","Crop condictions (1 = Good, 2 = Medium, 3 = Poor)","","2013","2"
"Togo","1.1.9. Crop prospects","Crop condictions (1 = Good, 2 = Medium, 3 = Poor)","","2014","1"
"Togo","1.1.9. Crop prospects","Crop condictions (1 = Good, 2 = Medium, 3 = Poor)","","2015","2"
"Togo","1.1.9. Crop prospects","Crop condictions (1 = Good, 2 = Medium, 3 = Poor)","","2016","2"
"Togo","1.1.9. Crop prospects","Crop condictions (1 = Good, 2 = Medium, 3 = Poor)","","2017","2"
"Togo","1.2.1.1. Cattle","Annual Total (number)","Number","2001","278500"
"Togo","1.2.1.1. Cattle","Annual Total (number)","Number","2002","284300"
"Togo","1.2.1.1. Cattle","Annual Total (number)","Number","2003","285000"
"Togo","1.2.1.1. Cattle","Annual Total (number)","Number","2004","290000"
"Togo","1.2.1.1. Cattle","Annual Total (number)","Number","2005","300000"
"Togo","1.2.1.1. Cattle","Annual Total (number)","Number","2006","302400"
"Togo","1.2.1.1. Cattle","Annual Total (number)","Number","2007","302800"
"Togo","1.2.1.1. Cattle","Annual Total (number)","Number","2008","302500"
"Togo","1.2.1.1. Cattle","Annual Total (number)","Number","2009","307500"
"Togo","1.2.1.1. Cattle","Annual Total (number)","Number","2010","331145"
"Togo","1.2.1.1. Cattle","Annual Total (number)","Number","2011","341079"
"Togo","1.2.1.1. Cattle","Annual Total (number)","Number","2012","331145"
"Togo","1.2.1.1. Cattle","Annual Total (number)","Number","2013","341079"
"Togo","1.2.1.1. Cattle","Annual Total (number)","Number","2014","434102"
"Togo","1.2.1.1. Cattle","Annual Total (number)","Number","2015","441764"
"Togo","1.2.1.1. Cattle","Annual Total (number)","Number","2016","446182"
"Togo","1.2.1.1. Cattle","Annual Total (number)","Number","2017","450643"
"Togo","1.2.1.1. Cattle","Annual Total (number)","Number","2018","453088"
"Togo","1.2.1.1. Cattle","Annual Total (number)","Number","2019","459698"
"Togo","1.2.1.1. Cattle","Annual Total (number)","Number","2020","464299"
"Togo","1.2.1.1. Cattle","Annual Total (number)","Number","2021","473582"
"Togo","1.2.1.1. Cattle","Annual Total (number)","Number","2022","473632"
"Togo","1.2.1.1. Cattle","Birth numbers","Number","2010","309411"
"Togo","1.2.1.1. Cattle","Numbers slaughtered","Number","2014","43739"
"Togo","1.2.1.1. Cattle","Numbers slaughtered","Number","2015","44176"
"Togo","1.2.1.1. Cattle","Numbers slaughtered","Number","2016","44618"
"Togo","1.2.1.1. Cattle","Numbers slaughtered","Number","2017","45064"
"Togo","1.2.1.1. Cattle","Numbers slaughtered","Number","2022","47363.2"
"Togo","1.2.1.1. Cattle","Imports (number)","Number","2015","30000"
"Togo","1.2.1.1. Cattle","Imports (number)","Number","2022","15018"
"Togo","1.2.1.2. Sheep","Annual Total (number)","Number","2001","1112020"
"Togo","1.2.1.2. Sheep","Annual Total (number)","Number","2002","1079261"
"Togo","1.2.1.2. Sheep","Annual Total (number)","Number","2003","1093220"
"Togo","1.2.1.2. Sheep","Annual Total (number)","Number","2004","1233750"
"Togo","1.2.1.2. Sheep","Annual Total (number)","Number","2005","1500000"
"Togo","1.2.1.2. Sheep","Annual Total (number)","Number","2006","1570500"
"Togo","1.2.1.2. Sheep","Annual Total (number)","Number","2007","1582900"
"Togo","1.2.1.2. Sheep","Annual Total (number)","Number","2008","1583000"
"Togo","1.2.1.2. Sheep","Annual Total (number)","Number","2009","1657400"
"Togo","1.2.1.2. Sheep","Annual Total (number)","Number","2010","1918193"
"Togo","1.2.1.2. Sheep","Annual Total (number)","Number","2011","2014102"
"Togo","1.2.1.2. Sheep","Annual Total (number)","Number","2012","1918193"
"Togo","1.2.1.2. Sheep","Annual Total (number)","Number","2013","2014102"
"Togo","1.2.1.2. Sheep","Annual Total (number)","Number","2014","3823504"
"Togo","1.2.1.2. Sheep","Annual Total (number)","Number","2015","4506488"
"Togo","1.2.1.2. Sheep","Annual Total (number)","Number","2016","1403845"
"Togo","1.2.1.2. Sheep","Annual Total (number)","Number","2017","1488083"
"Togo","1.2.1.2. Sheep","Annual Total (number)","Number","2018","1552087"
"Togo","1.2.1.2. Sheep","Annual Total (number)","Number","2019","1672011"
"Togo","1.2.1.2. Sheep","Annual Total (number)","Number","2020","1772331"
"Togo","1.2.1.2. Sheep","Annual Total (number)","Number","2021","1878669"
"Togo","1.2.1.2. Sheep","Annual Total (number)","Number","2022","1991392"
"Togo","1.2.1.2. Sheep","Females (number)","","2022","995696"
"Togo","1.2.1.2. Sheep","Birth numbers","Number","2010","1699646"
"Togo","1.2.1.2. Sheep","Birth numbers","Number","2022","119483.52"
"Togo","1.2.1.2. Sheep","Numbers slaughtered","Number","2014","274874"
"Togo","1.2.1.2. Sheep","Numbers slaughtered","Number","2015","291365"
"Togo","1.2.1.2. Sheep","Numbers slaughtered","Number","2016","308847"
"Togo","1.2.1.2. Sheep","Numbers slaughtered","Number","2017","327378"
"Togo","1.2.1.2. Sheep","Numbers slaughtered","Number","2022","438106.24"
"Togo","1.2.1.2. Sheep","Imports (number)","Number","2015","40000"
"Togo","1.2.1.3. Pigs","Annual Total (number)","Number","2001","251000"
"Togo","1.2.1.3. Pigs","Annual Total (number)","Number","2002","272200"
"Togo","1.2.1.3. Pigs","Annual Total (number)","Number","2003","270000"
"Togo","1.2.1.3. Pigs","Annual Total (number)","Number","2004","285000"
"Togo","1.2.1.3. Pigs","Annual Total (number)","Number","2005","300000"
"Togo","1.2.1.3. Pigs","Annual Total (number)","Number","2006","308100"
"Togo","1.2.1.3. Pigs","Annual Total (number)","Number","2007","305400"
"Togo","1.2.1.3. Pigs","Annual Total (number)","Number","2008","301500"
"Togo","1.2.1.3. Pigs","Annual Total (number)","Number","2009","308500"
"Togo","1.2.1.3. Pigs","Annual Total (number)","Number","2010","330870"
"Togo","1.2.1.3. Pigs","Annual Total (number)","Number","2011","339142"
"Togo","1.2.1.3. Pigs","Annual Total (number)","Number","2012","330870"
"Togo","1.2.1.3. Pigs","Annual Total (number)","Number","2013","339142"
"Togo","1.2.1.3. Pigs","Annual Total (number)","Number","2014","958531"
"Togo","1.2.1.3. Pigs","Annual Total (number)","Number","2015","1002819"
"Togo","1.2.1.3. Pigs","Annual Total (number)","Number","2016","1022876"
"Togo","1.2.1.3. Pigs","Annual Total (number)","Number","2017","1043336"
"Togo","1.2.1.3. Pigs","Annual Total (number)","Number","2018","1057079"
"Togo","1.2.1.3. Pigs","Annual Total (number)","Number","2019","1085484"
"Togo","1.2.1.3. Pigs","Annual Total (number)","Number","2020","1107194"
"Togo","1.2.1.3. Pigs","Annual Total (number)","Number","2021","1129336"
"Togo","1.2.1.3. Pigs","Annual Total (number)","Number","2022","1151925"
"Togo","1.2.1.3. Pigs","Females (number)","","2022","575962.5"
"Togo","1.2.1.3. Pigs","Birth numbers","Number","2010","310712"
"Togo","1.2.1.3. Pigs","Numbers slaughtered","Number","2014","589893"
"Togo","1.2.1.3. Pigs","Numbers slaughtered","Number","2015","601691"
"Togo","1.2.1.3. Pigs","Numbers slaughtered","Number","2016","613727"
"Togo","1.2.1.3. Pigs","Numbers slaughtered","Number","2017","626002"
"Togo","1.2.1.3. Pigs","Numbers slaughtered","Number","2022","691155"
"Togo","1.2.1.4. Goats","Annual Total (number)","Number","2001","1253980"
"Togo","1.2.1.4. Goats","Annual Total (number)","Number","2002","1217039"
"Togo","1.2.1.4. Goats","Annual Total (number)","Number","2003","1232780"
"Togo","1.2.1.4. Goats","Annual Total (number)","Number","2004","1391250"
"Togo","1.2.1.4. Goats","Annual Total (number)","Number","2005","1700000"
"Togo","1.2.1.4. Goats","Annual Total (number)","Number","2006","1770000"
"Togo","1.2.1.4. Goats","Annual Total (number)","Number","2007","1780000"
"Togo","1.2.1.4. Goats","Annual Total (number)","Number","2008","1781000"
"Togo","1.2.1.4. Goats","Annual Total (number)","Number","2009","1870000"
"Togo","1.2.1.4. Goats","Annual Total (number)","Number","2010","2164785"
"Togo","1.2.1.4. Goats","Annual Total (number)","Number","2011","2273024"
"Togo","1.2.1.4. Goats","Annual Total (number)","Number","2012","2164785"
"Togo","1.2.1.4. Goats","Annual Total (number)","Number","2013","2273024"
"Togo","1.2.1.4. Goats","Annual Total (number)","Number","2014","2946395"
"Togo","1.2.1.4. Goats","Annual Total (number)","Number","2015","3182106"
"Togo","1.2.1.4. Goats","Annual Total (number)","Number","2016","3436675"
"Togo","1.2.1.4. Goats","Annual Total (number)","Number","2017","3711611"
"Togo","1.2.1.4. Goats","Annual Total (number)","Number","2018","3944963"
"Togo","1.2.1.4. Goats","Annual Total (number)","Number","2019","4329228"
"Togo","1.2.1.4. Goats","Annual Total (number)","Number","2020","4675560"
"Togo","1.2.1.4. Goats","Annual Total (number)","Number","2021","5049604"
"Togo","1.2.1.4. Goats","Annual Total (number)","Number","2022","5453572"
"Togo","1.2.1.4. Goats","Females (number)","","2022","2726786"
"Togo","1.2.1.4. Goats","Birth numbers","Number","2010","1915516"
"Togo","1.2.1.4. Goats","Birth numbers","Number","2022","327214.32"
"Togo","1.2.1.4. Goats","Numbers slaughtered","Number","2014","648207"
"Togo","1.2.1.4. Goats","Numbers slaughtered","Number","2015","700064"
"Togo","1.2.1.4. Goats","Numbers slaughtered","Number","2016","756069"
"Togo","1.2.1.4. Goats","Numbers slaughtered","Number","2017","816554"
"Togo","1.2.1.4. Goats","Numbers slaughtered","Number","2022","1199785.84"
"Togo","1.2.1.5. Chickens","Annual Total (number)","Number","2001","3164063"
"Togo","1.2.1.5. Chickens","Annual Total (number)","Number","2002","4218750"
"Togo","1.2.1.5. Chickens","Annual Total (number)","Number","2003","5625000"
"Togo","1.2.1.5. Chickens","Annual Total (number)","Number","2004","7500000"
"Togo","1.2.1.5. Chickens","Annual Total (number)","Number","2005","10000000"
"Togo","1.2.1.5. Chickens","Annual Total (number)","Number","2006","10410000"
"Togo","1.2.1.5. Chickens","Annual Total (number)","Number","2007","10836000"
"Togo","1.2.1.5. Chickens","Annual Total (number)","Number","2008","10706000"
"Togo","1.2.1.5. Chickens","Annual Total (number)","Number","2009","13878000"
"Togo","1.2.1.5. Chickens","Annual Total (number)","Number","2010","17379360"
"Togo","1.2.1.5. Chickens","Annual Total (number)","Number","2011","18769709"
"Togo","1.2.1.5. Chickens","Annual Total (number)","Number","2012","17379360"
"Togo","1.2.1.5. Chickens","Annual Total (number)","Number","2013","18769709"
"Togo","1.2.1.5. Chickens","Annual Total (number)","Number","2014","18153557"
"Togo","1.2.1.5. Chickens","Annual Total (number)","Number","2015","19329034"
"Togo","1.2.1.5. Chickens","Annual Total (number)","Number","2016","20875358"
"Togo","1.2.1.5. Chickens","Annual Total (number)","Number","2017","22545385"
"Togo","1.2.1.5. Chickens","Annual Total (number)","Number","2018","23934123"
"Togo","1.2.1.5. Chickens","Annual Total (number)","Number","2019","26296936"
"Togo","1.2.1.5. Chickens","Annual Total (number)","Number","2020","28400693"
"Togo","1.2.1.5. Chickens","Annual Total (number)","Number","2021","30672748"
"Togo","1.2.1.5. Chickens","Annual Total (number)","Number","2022","33126571"
"Togo","1.2.1.5. Chickens","Females (number)","","2022","6625314.2"
"Togo","1.2.1.5. Chickens","Birth numbers","Number","2010","15148557"
"Togo","1.2.1.5. Chickens","Numbers slaughtered","Number","2014","14317803"
"Togo","1.2.1.5. Chickens","Numbers slaughtered","Number","2015","15463228"
"Togo","1.2.1.5. Chickens","Numbers slaughtered","Number","2016","16700288"
"Togo","1.2.1.5. Chickens","Numbers slaughtered","Number","2017","18036308"
"Togo","1.2.1.5. Chickens","Numbers slaughtered","Number","2022","26501256.8"
"Togo","1.2.1.5. Chickens","Imports (number)","","2022","150680"
"Togo","1.2.2.1. Meat, cattle","Production (Tons)","Tons","2001","4345"
"Togo","1.2.2.1. Meat, cattle","Production (Tons)","Tons","2002","4435"
"Togo","1.2.2.1. Meat, cattle","Production (Tons)","Tons","2003","4446"
"Togo","1.2.2.1. Meat, cattle","Production (Tons)","Tons","2004","4524"
"Togo","1.2.2.1. Meat, cattle","Production (Tons)","Tons","2005","4680"
"Togo","1.2.2.1. Meat, cattle","Production (Tons)","Tons","2006","4717"
"Togo","1.2.2.1. Meat, cattle","Production (Tons)","Tons","2007","4724"
"Togo","1.2.2.1. Meat, cattle","Production (Tons)","Tons","2008","4719"
"Togo","1.2.2.1. Meat, cattle","Production (Tons)","Tons","2009","4797"
"Togo","1.2.2.1. Meat, cattle","Production (Tons)","Tons","2010","4827"
"Togo","1.2.2.1. Meat, cattle","Production (Tons)","Tons","2011","3166"
"Togo","1.2.2.1. Meat, cattle","Production (Tons)","Tons","2012","5403"
"Togo","1.2.2.1. Meat, cattle","Production (Tons)","Tons","2013","5457"
"Togo","1.2.2.1. Meat, cattle","Production (Tons)","Tons","2014","5511"
"Togo","1.2.2.1. Meat, cattle","Production (Tons)","Tons","2015","5567"
"Togo","1.2.2.1. Meat, cattle","Production (Tons)","Tons","2016","5622"
"Togo","1.2.2.1. Meat, cattle","Production (Tons)","Tons","2017","5678"
"Togo","1.2.2.1. Meat, cattle","Production (Tons)","Tons","2022","5030"
"Togo","1.2.2.2. Meat, sheep","Production (Tons)","Tons","2002","5504"
"Togo","1.2.2.2. Meat, sheep","Production (Tons)","Tons","2003","5575"
"Togo","1.2.2.2. Meat, sheep","Production (Tons)","Tons","2006","8010"
"Togo","1.2.2.2. Meat, sheep","Production (Tons)","Tons","2007","8073"
"Togo","1.2.2.2. Meat, sheep","Production (Tons)","Tons","2008","8073"
"Togo","1.2.2.2. Meat, sheep","Production (Tons)","Tons","2010","8668"
"Togo","1.2.2.2. Meat, sheep","Production (Tons)","Tons","2012","3180"
"Togo","1.2.2.2. Meat, sheep","Production (Tons)","Tons","2013","3371"
"Togo","1.2.2.2. Meat, sheep","Production (Tons)","Tons","2014","3573"
"Togo","1.2.2.2. Meat, sheep","Production (Tons)","Tons","2015","3788"
"Togo","1.2.2.2. Meat, sheep","Production (Tons)","Tons","2016","4015"
"Togo","1.2.2.2. Meat, sheep","Production (Tons)","Tons","2017","4256"
"Togo","1.2.2.2. Meat, sheep","Production (Tons)","Tons","2022","4469"
"Togo","1.2.2.3. Meat, Pig","Production (Tons)","Tons","2012","13608"
"Togo","1.2.2.3. Meat, Pig","Production (Tons)","Tons","2013","13880"
"Togo","1.2.2.3. Meat, Pig","Production (Tons)","Tons","2014","14157.432"
"Togo","1.2.2.3. Meat, Pig","Production (Tons)","Tons","2015","14441"
"Togo","1.2.2.3. Meat, Pig","Production (Tons)","Tons","2016","14729"
"Togo","1.2.2.3. Meat, Pig","Production (Tons)","Tons","2017","15024"
"Togo","1.2.2.3. Meat, Pig","Production (Tons)","Tons","2022","15205"
"Togo","1.2.2.4. Meat, goat","Production (Tons)","Tons","2001","5417"
"Togo","1.2.2.4. Meat, goat","Production (Tons)","Tons","2002","5258"
"Togo","1.2.2.4. Meat, goat","Production (Tons)","Tons","2003","5326"
"Togo","1.2.2.4. Meat, goat","Production (Tons)","Tons","2004","6010"
"Togo","1.2.2.4. Meat, goat","Production (Tons)","Tons","2005","7344"
"Togo","1.2.2.4. Meat, goat","Production (Tons)","Tons","2006","7646"
"Togo","1.2.2.4. Meat, goat","Production (Tons)","Tons","2007","1780000"
"Togo","1.2.2.4. Meat, goat","Production (Tons)","Tons","2008","7694"
"Togo","1.2.2.4. Meat, goat","Production (Tons)","Tons","2009","8078"
"Togo","1.2.2.4. Meat, goat","Production (Tons)","Tons","2010","8275"
"Togo","1.2.2.4. Meat, goat","Production (Tons)","Tons","2012","7225"
"Togo","1.2.2.4. Meat, goat","Production (Tons)","Tons","2013","7802"
"Togo","1.2.2.4. Meat, goat","Production (Tons)","Tons","2014","8426.69"
"Togo","1.2.2.4. Meat, goat","Production (Tons)","Tons","2015","9101"
"Togo","1.2.2.4. Meat, goat","Production (Tons)","Tons","2016","9829"
"Togo","1.2.2.4. Meat, goat","Production (Tons)","Tons","2017","10615"
"Togo","1.2.2.4. Meat, goat","Production (Tons)","Tons","2022","12238"
"Togo","1.2.2.5. Meat, chicken","Imports (Tons)","Tons","2015","13000"
"Togo","1.2.2.5. Meat, chicken","Production (Tons)","Tons","2001","3488"
"Togo","1.2.2.5. Meat, chicken","Production (Tons)","Tons","2002","4651"
"Togo","1.2.2.5. Meat, chicken","Production (Tons)","Tons","2003","6202"
"Togo","1.2.2.5. Meat, chicken","Production (Tons)","Tons","2004","8269"
"Togo","1.2.2.5. Meat, chicken","Production (Tons)","Tons","2005","11025"
"Togo","1.2.2.5. Meat, chicken","Production (Tons)","Tons","2006","11477"
"Togo","1.2.2.5. Meat, chicken","Production (Tons)","Tons","2007","10836000"
"Togo","1.2.2.5. Meat, chicken","Production (Tons)","Tons","2008","11803"
"Togo","1.2.2.5. Meat, chicken","Production (Tons)","Tons","2009","15300"
"Togo","1.2.2.5. Meat, chicken","Production (Tons)","Tons","2010","16701"
"Togo","1.2.2.5. Meat, chicken","Production (Tons)","Tons","2012","12275"
"Togo","1.2.2.5. Meat, chicken","Production (Tons)","Tons","2013","13257"
"Togo","1.2.2.5. Meat, chicken","Production (Tons)","Tons","2014","14317.803"
"Togo","1.2.2.5. Meat, chicken","Production (Tons)","Tons","2015","15463"
"Togo","1.2.2.5. Meat, chicken","Production (Tons)","Tons","2016","16700"
"Togo","1.2.2.5. Meat, chicken","Production (Tons)","Tons","2017","18036"
"Togo","1.2.2.5. Meat, chicken","Production (Tons)","Tons","2022","27287"
"Togo","1.2.2.6. Milk, whole fresh cow","Imports (Tons)","Tons","2015","2116"
"Togo","1.2.2.6. Milk, whole fresh cow","Production (Tons)","Tons","2001","92833"
"Togo","1.2.2.6. Milk, whole fresh cow","Production (Tons)","Tons","2002","94767"
"Togo","1.2.2.6. Milk, whole fresh cow","Production (Tons)","Tons","2003","95000"
"Togo","1.2.2.6. Milk, whole fresh cow","Production (Tons)","Tons","2004","96667"
"Togo","1.2.2.6. Milk, whole fresh cow","Production (Tons)","Tons","2005","100000"
"Togo","1.2.2.6. Milk, whole fresh cow","Production (Tons)","Tons","2006","100800"
"Togo","1.2.2.6. Milk, whole fresh cow","Production (Tons)","Tons","2007","100933"
"Togo","1.2.2.6. Milk, whole fresh cow","Production (Tons)","Tons","2008","100833"
"Togo","1.2.2.6. Milk, whole fresh cow","Production (Tons)","Tons","2009","102500"
"Togo","1.2.2.6. Milk, whole fresh cow","Production (Tons)","Tons","2010","103137"
"Togo","1.2.2.6. Milk, whole fresh cow","Production (Tons)","Tons","2014","8864.488"
"Togo","1.2.2.6. Milk, whole fresh cow","Production (Tons)","Tons","2015","8953.104"
"Togo","1.2.2.6. Milk, whole fresh cow","Production (Tons)","Tons","2016","9042.632"
"Togo","1.2.2.6. Milk, whole fresh cow","Production (Tons)","Tons","2017","9133.072"
"Togo","1.2.2.6. Milk, whole fresh cow","Production (Tons)","Tons","2022","12058"
"Togo","1.2.2.8. Eggs, hen, in shell","Production (Tons)","Tons","2015","7235"
"Togo","1.2.2.8. Eggs, hen, in shell","Production (Tons)","Tons","2022","11350"
"Togo","1.2.2.9. Wool, greasy","Production (Tons)","Tons","2015","7235"
"Togo","1.3.1. Aquaculture","Production (Tons)","Tons","2001","20"
"Togo","1.3.1. Aquaculture","Production (Tons)","Tons","2002","20"
"Togo","1.3.1. Aquaculture","Production (Tons)","Tons","2003","30"
"Togo","1.3.1. Aquaculture","Production (Tons)","Tons","2004","30"
"Togo","1.3.1. Aquaculture","Production (Tons)","Tons","2005","50"
"Togo","1.3.1. Aquaculture","Production (Tons)","Tons","2006","50"
"Togo","1.3.1. Aquaculture","Production (Tons)","Tons","2007","50"
"Togo","1.3.1. Aquaculture","Production (Tons)","Tons","2008","107"
"Togo","1.3.1. Aquaculture","Production (Tons)","Tons","2009","107"
"Togo","1.3.1. Aquaculture","Production (Tons)","Tons","2010","100"
"Togo","1.3.1. Aquaculture","Production (Tons)","Tons","2011","20"
"Togo","1.3.1. Aquaculture","Production (Tons)","Tons","2012","20"
"Togo","1.3.1. Aquaculture","Production (Tons)","Tons","2013","20"
"Togo","1.3.1. Aquaculture","Production (Tons)","Tons","2014","25"
"Togo","1.3.1. Aquaculture","Production (Tons)","Tons","2015","68"
"Togo","1.3.1. Aquaculture","Production (Tons)","Tons","2016","110"
"Togo","1.3.1. Aquaculture","Production (Tons)","Tons","2017","132"
"Togo","1.3.1. Aquaculture","Production (Tons)","Tons","2018","290"
"Togo","1.3.1. Aquaculture","Area cultured (Ha)","Ha","2010","4"
"Togo","1.3.1. Aquaculture","Area cultured (Ha)","Ha","2011","4"
"Togo","1.3.1. Aquaculture","Area cultured (Ha)","Ha","2012","4"
"Togo","1.3.1. Aquaculture","Area cultured (Ha)","Ha","2013","4"
"Togo","1.3.1. Aquaculture","Area cultured (Ha)","Ha","2015","16.5"
"Togo","1.3.2. Fishery products","Imports (Tons)","Tons","2010","36502"
"Togo","1.3.2. Fishery products","Imports (Tons)","Tons","2011","50580"
"Togo","1.3.2. Fishery products","Imports (Tons)","Tons","2012","48676"
"Togo","1.3.2. Fishery products","Imports (Tons)","Tons","2013","51641"
"Togo","1.3.2. Fishery products","Imports (Tons)","Tons","2014","56228"
"Togo","1.3.2. Fishery products","Imports (Tons)","Tons","2015","56989"
"Togo","1.3.2. Fishery products","Imports (Tons)","Tons","2016","72559"
"Togo","1.3.2. Fishery products","Imports (Tons)","Tons","2017","60943"
"Togo","1.3.2. Fishery products","Exports (Tons)","Tons","2001","9308.566"
"Togo","1.3.2. Fishery products","Exports (Tons)","Tons","2010","22"
"Togo","1.3.2. Fishery products","Exports (Tons)","Tons","2011","166"
"Togo","1.3.2. Fishery products","Exports (Tons)","Tons","2012","165"
"Togo","1.3.2. Fishery products","Exports (Tons)","Tons","2013","72"
"Togo","1.3.2. Fishery products","Exports (Tons)","Tons","2014","172"
"Togo","1.3.2. Fishery products","Exports (Tons)","Tons","2015","200"
"Togo","1.3.2. Fishery products","Exports (Tons)","Tons","2016","77"
"Togo","1.3.2. Fishery products","Exports (Tons)","Tons","2017","12"
"Togo","1.3.2. Fishery products","Number of days fished","Number","2000","276"
"Togo","1.3.2. Fishery products","Number of days fished","Number","2001","276"
"Togo","1.3.2. Fishery products","Number of days fished","Number","2002","276"
"Togo","1.3.2. Fishery products","Number of days fished","Number","2003","276"
"Togo","1.3.2. Fishery products","Number of days fished","Number","2004","276"
"Togo","1.3.2. Fishery products","Number of days fished","Number","2005","276"
"Togo","1.3.2. Fishery products","Number of days fished","Number","2006","276"
"Togo","1.3.2. Fishery products","Number of days fished","Number","2007","276"
"Togo","1.3.2. Fishery products","Number of days fished","Number","2008","276"
"Togo","1.3.2. Fishery products","Number of days fished","Number","2009","276"
"Togo","1.3.2. Fishery products","Number of days fished","Number","2010","276"
"Togo","1.3.2. Fishery products","Number of days fished","Number","2011","276"
"Togo","1.3.2. Fishery products","Number of days fished","Number","2012","276"
"Togo","1.3.2. Fishery products","Number of days fished","Number","2013","276"
"Togo","1.3.2. Fishery products","Number of days fished","Number","2014","276"
"Togo","1.3.2. Fishery products","Number of days fished","Number","2015","276"
"Togo","1.3.2. Fishery products","Number of days fished","Number","2016","276"
"Togo","1.3.2. Fishery products","Number of days fished","Number","2017","276"
"Togo","1.3.2. Fishery products","Number of days fished","Number","2018","276"
"Togo","1.3.2. Fishery products","Quantity landed (Tons)","Tons","2001","18163"
"Togo","1.3.2. Fishery products","Quantity landed (Tons)","Tons","2002","15946"
"Togo","1.3.2. Fishery products","Quantity landed (Tons)","Tons","2003","22485"
"Togo","1.3.2. Fishery products","Quantity landed (Tons)","Tons","2004","23013"
"Togo","1.3.2. Fishery products","Quantity landed (Tons)","Tons","2005","22732"
"Togo","1.3.2. Fishery products","Quantity landed (Tons)","Tons","2006","19879"
"Togo","1.3.2. Fishery products","Quantity landed (Tons)","Tons","2007","14905"
"Togo","1.3.2. Fishery products","Quantity landed (Tons)","Tons","2008","17765"
"Togo","1.3.2. Fishery products","Quantity landed (Tons)","Tons","2009","22025"
"Togo","1.3.2. Fishery products","Quantity landed (Tons)","Tons","2010","22535"
"Togo","1.3.2. Fishery products","Quantity landed (Tons)","Tons","2011","22252"
"Togo","1.3.2. Fishery products","Quantity landed (Tons)","Tons","2012","14320"
"Togo","1.3.2. Fishery products","Quantity landed (Tons)","Tons","2013","15015"
"Togo","1.3.2. Fishery products","Quantity landed (Tons)","Tons","2014","14862"
"Togo","1.3.2. Fishery products","Quantity landed (Tons)","Tons","2015","16497"
"Togo","1.3.2. Fishery products","Quantity landed (Tons)","Tons","2016","25848"
"Togo","1.3.2. Fishery products","Quantity landed (Tons)","Tons","2017","20620"
"Togo","1.3.2. Fishery products","Quantity landed (Tons)","Tons","2018","18260"
"Togo","1.5.2. Fertilizer","Utilization (Tons)","Tons","2001","5730"
"Togo","1.5.2. Fertilizer","Utilization (Tons)","Tons","2002","5080"
"Togo","1.5.2. Fertilizer","Utilization (Tons)","Tons","2003","8435.5"
"Togo","1.5.2. Fertilizer","Utilization (Tons)","Tons","2004","10423.5"
"Togo","1.5.2. Fertilizer","Utilization (Tons)","Tons","2005","11329"
"Togo","1.5.2. Fertilizer","Utilization (Tons)","Tons","2006","8466.5"
"Togo","1.5.2. Fertilizer","Utilization (Tons)","Tons","2007","10199"
"Togo","1.5.2. Fertilizer","Utilization (Tons)","Tons","2008","5230"
"Togo","1.5.2. Fertilizer","Utilization (Tons)","Tons","2009","9870.5"
"Togo","1.5.2. Fertilizer","Utilization (Tons)","Tons","2010","24874.1"
"Togo","1.5.2. Fertilizer","Utilization (Tons)","Tons","2011","25854.9"
"Togo","1.5.2. Fertilizer","Utilization (Tons)","Tons","2012","25861.2"
"Togo","1.5.2. Fertilizer","Utilization (Tons)","Tons","2013","34767.3"
"Togo","1.5.2. Fertilizer","Utilization (Tons)","Tons","2014","36537.7"
"Togo","1.5.2. Fertilizer","Utilization (Tons)","Tons","2015","32970"
"Togo","1.5.2. Fertilizer","Utilization (Tons)","Tons","2016","41704.45"
"Togo","1.5.2. Fertilizer","Utilization (Tons)","Tons","2017","28109.75"
"Togo","1.6.1. Socio-economy","Total Population (Number)","Number","2011","6202000"
"Togo","1.6.1. Socio-economy","Total Population (Number)","Number","2012","6353000"
"Togo","1.6.1. Socio-economy","Total Population (Number)","Number","2013","6509000"
"Togo","1.6.1. Socio-economy","Total Population (Number)","Number","2014","6669000"
"Togo","1.6.1. Socio-economy","Total Population (Number)","Number","2015","6835000"
"Togo","1.6.1. Socio-economy","Total Population (Number)","Number","2016","7006000"
"Togo","1.6.1. Socio-economy","Total Population (Number)","Number","2017","7178000"
"Togo","1.6.1. Socio-economy","Total Population (Number)","Number","2018","7352000"
"Togo","1.6.1. Socio-economy","Total Population (Number)","Number","2019","7528000"
"Togo","1.6.1. Socio-economy","Total Population (Number)","Number","2020","7706000"
"Togo","1.6.1. Socio-economy","Total Population (Number)","Number","2021","7886000"
"Togo","1.6.1. Socio-economy","Total Population (Number)","Number","2022","8068000"
"Togo","1.6.1. Socio-economy","Population: Male (Number)","","2011","3015000"
"Togo","1.6.1. Socio-economy","Population: Male (Number)","","2012","3089000"
"Togo","1.6.1. Socio-economy","Population: Male (Number)","","2013","3166000"
"Togo","1.6.1. Socio-economy","Population: Male (Number)","","2014","3246000"
"Togo","1.6.1. Socio-economy","Population: Male (Number)","","2015","3328000"
"Togo","1.6.1. Socio-economy","Population: Male (Number)","","2016","3412000"
"Togo","1.6.1. Socio-economy","Population: Male (Number)","","2017","3498000"
"Togo","1.6.1. Socio-economy","Population: Male (Number)","","2018","3585000"
"Togo","1.6.1. Socio-economy","Population: Male (Number)","","2019","3672000"
"Togo","1.6.1. Socio-economy","Population: Male (Number)","","2020","3761000"
"Togo","1.6.1. Socio-economy","Population: Male (Number)","","2021","3851000"
"Togo","1.6.1. Socio-economy","Population: Male (Number)","","2022","3941000"
"Togo","1.6.1. Socio-economy","Population: Female (Number)","","2011","3188000"
"Togo","1.6.1. Socio-economy","Population: Female (Number)","","2012","3264000"
"Togo","1.6.1. Socio-economy","Population: Female (Number)","","2013","3343000"
"Togo","1.6.1. Socio-economy","Population: Female (Number)","","2014","3424000"
"Togo","1.6.1. Socio-economy","Population: Female (Number)","","2015","3508000"
"Togo","1.6.1. Socio-economy","Population: Female (Number)","","2016","3594000"
"Togo","1.6.1. Socio-economy","Population: Female (Number)","","2017","3680000"
"Togo","1.6.1. Socio-economy","Population: Female (Number)","","2018","3768000"
"Togo","1.6.1. Socio-economy","Population: Female (Number)","","2019","3856000"
"Togo","1.6.1. Socio-economy","Population: Female (Number)","","2020","3945000"
"Togo","1.6.1. Socio-economy","Population: Female (Number)","","2021","4036000"
"Togo","1.6.1. Socio-economy","Population: Female (Number)","","2022","4126000"
"Togo","1.6.1. Socio-economy","HH income (Average in local currency)","","2007","383147.311967559"
"Togo","1.6.1. Socio-economy","HH income (Average in local currency)","","2008","389267.361670641"
"Togo","1.6.1. Socio-economy","HH income (Average in local currency)","","2009","400876.28754247"
"Togo","1.6.1. Socio-economy","HH income (Average in local currency)","","2010","414399.413356635"
"Togo","1.6.1. Socio-economy","HH income (Average in local currency)","","2011","437764.108352144"
"Togo","1.6.1. Socio-economy","HH income (Average in local currency)","","2012","454294.349126397"
"Togo","1.6.1. Socio-economy","HH income (Average in local currency)","","2013","469231.525579966"
"Togo","1.6.1. Socio-economy","HH income (Average in local currency)","","2014","483772.679562153"
"Togo","1.6.1. Socio-economy","HH income (Average in local currency)","","2015","497833.796634967"
"Togo","1.6.1. Socio-economy","HH income (Average in local currency)","","2016","513532.400799315"
"Togo","1.6.1. Socio-economy","HH income (Average in local currency)","","2017","521315.826135414"
"Togo","1.6.1. Socio-economy","HH income (Average in local currency)","","2018","533384.249183896"
"Togo","1.6.1. Socio-economy","HH income (Average in local currency)","","2019","546557.784272051"
"Togo","1.6.1. Socio-economy","GDP per capita (Local currency)","","2008","4.0356452727736"
"Togo","1.6.1. Socio-economy","GDP per capita (Local currency)","","2009","5.45382399431944"
"Togo","1.6.1. Socio-economy","GDP per capita (Local currency)","","2010","5.85435269284629"
"Togo","1.6.1. Socio-economy","GDP per capita (Local currency)","","2011","5.82325223894036"
"Togo","1.6.1. Socio-economy","GDP per capita (Local currency)","","2012","6.30269541987461"
"Togo","1.6.1. Socio-economy","GDP per capita (Local currency)","","2013","5.82426583399511"
"Togo","1.6.1. Socio-economy","GDP per capita (Local currency)","","2014","5.63324021651297"
"Togo","1.6.1. Socio-economy","GDP per capita (Local currency)","","2015","5.46803129300619"
"Togo","1.6.1. Socio-economy","GDP per capita (Local currency)","","2016","5.73410362495128"
"Togo","1.6.1. Socio-economy","GDP per capita (Local currency)","","2017","4.00791259566937"
"Togo","1.6.1. Socio-economy","GDP per capita (Local currency)","","2018","4.7951833308614"
"Togo","1.6.1. Socio-economy","GDP per capita (Local currency)","","2019","4.92283321360694"
"Togo","1.6.1. Socio-economy","GDP growth (%)","%","2002","3.8"
"Togo","1.6.1. Socio-economy","GDP growth (%)","%","2003","6.7"
"Togo","1.6.1. Socio-economy","GDP growth (%)","%","2004","-1"
"Togo","1.6.1. Socio-economy","GDP growth (%)","%","2005","-4.7"
"Togo","1.6.1. Socio-economy","GDP growth (%)","%","2006","2.7"
"Togo","1.6.1. Socio-economy","GDP growth (%)","%","2008","1.59730983669297"
"Togo","1.6.1. Socio-economy","GDP growth (%)","%","2009","2.9822499944526"
"Togo","1.6.1. Socio-economy","GDP growth (%)","%","2010","3.3733913016077"
"Togo","1.6.1. Socio-economy","GDP growth (%)","%","2011","5.63820658100238"
"Togo","1.6.1. Socio-economy","GDP growth (%)","%","2012","3.77606122997989"
"Togo","1.6.1. Socio-economy","GDP growth (%)","%","2013","3.28799521330019"
"Togo","1.6.1. Socio-economy","GDP growth (%)","%","2014","3.09892946008141"
"Togo","1.6.1. Socio-economy","GDP growth (%)","%","2015","2.90655460030114"
"Togo","1.6.1. Socio-economy","GDP growth (%)","%","2016","3.15338256873281"
"Togo","1.6.1. Socio-economy","GDP growth (%)","%","2017","1.51566392383109"
"Togo","1.6.1. Socio-economy","GDP growth (%)","%","2018","2.3149926481125"
"Togo","1.6.1. Socio-economy","GDP growth (%)","%","2019","2.46980204389458"
"Togo","1.6.1. Socio-economy","GDP per capita growth (%)","","2008","-5.27107406059503"
"Togo","1.6.1. Socio-economy","GDP per capita growth (%)","","2009","19.2998832438403"
"Togo","1.6.1. Socio-economy","GDP per capita growth (%)","","2010","6.13900245298447"
"Togo","1.6.1. Socio-economy","GDP per capita growth (%)","","2011","4.56674473067915"
"Togo","1.6.1. Socio-economy","GDP per capita growth (%)","","2012","10.1896894877386"
"Togo","1.6.1. Socio-economy","GDP per capita growth (%)","","2013","-15.1318780562567"
"Togo","1.6.1. Socio-economy","GDP per capita growth (%)","","2014","17.967556928089"
"Togo","1.6.1. Socio-economy","GDP per capita growth (%)","","2015","-2.14790172214334"
"Togo","1.6.1. Socio-economy","GDP per capita growth (%)","","2016","16.9285270302053"
"Togo","1.6.1. Socio-economy","GDP per capita growth (%)","","2017","7.68718246193134"
"Togo","1.6.1. Socio-economy","GDP per capita growth (%)","","2018","5.38968392017036"
"Togo","1.6.1. Socio-economy","GDP per capita growth (%)","","2019","5.10993836488935"
"Togo","1.6.1. Socio-economy","Chronic malnutrition (Stunting=Height for age) of children under 5 (%)","%","2014","27"
"Togo","1.6.1. Socio-economy","Underweight prevalence (weight for age) of children under 5 (%)","%","2014","16"
"Togo","1.6.1. Socio-economy","Acute malnutrition (Wasting=Height for Height) of children under 5 (%)","%","2014","7"
"Togo","1.7.1. Use","Land area (Ha)","Ha","2003","5680463.52"
"Togo","1.7.1. Use","Land area (Ha)","Ha","2009","5439000"
"Togo","1.7.1. Use","Land area (Ha)","Ha","2015","5698778"
"Togo","1.7.1. Use","Land area (Ha)","Ha","2017","5668374"
"Togo","1.7.1. Use","Agricultural area (Ha)","Ha","2003","3058790.874"
"Togo","1.7.1. Use","Agricultural area (Ha)","Ha","2015","1748535"
"Togo","1.7.1. Use","Agricultural area (Ha)","Ha","2017","2384074"
"Togo","1.7.1. Use","Forest land (Ha)","Ha","2003","2495724.364"
"Togo","1.7.1. Use","Forest land (Ha)","Ha","2009","386000"
"Togo","1.7.1. Use","Forest land (Ha)","Ha","2015","3376188"
"Togo","1.7.1. Use","Forest land (Ha)","Ha","2017","3091481"
"Togo","1.7.1. Use","Grassland (Ha)","Ha","2003","34583.12"
"Togo","1.7.1. Use","Grassland (Ha)","Ha","2015","313834"
"Togo","1.7.1. Use","Wetlands (Ha)","Ha","2003","49191.877"
"Togo","1.7.1. Use","Wetlands (Ha)","Ha","2015","26345"
"Togo","1.7.1. Use","Wetlands (Ha)","Ha","2017","21692"
"Togo","1.7.1. Use","Settlements (Ha)","Ha","2003","42173.286"
"Togo","1.7.1. Use","Settlements (Ha)","Ha","2015","144756"
"Togo","1.7.1. Use","Settlements (Ha)","Ha","2017","42166"
